source,split,label,relative_path,filename,base_id,sha256
aihub,train,1,Training/01.원천데이터/TS_아토피_정면/H0_111445_P6_L0.png,H0_111445_P6_L0.png,H0_111445,e7906329b2c832db48b58827f4a1af486553f57469595fe79e079d6fed35ab39
aihub,train,1,Training/01.원천데이터/TS_아토피_정면/H0_116004_P5_L0.png,H0_116004_P5_L0.png,H0_116004,2c12787524d990fd28caa99a98e51fe92481a8d3582ba998e9f7270ffebf0aae
aihub,train,1,Training/01.원천데이터/TS_아토피_정면/H0_117679_P3_L0.png,H0_117679_P3_L0.png,H0_117679,30a460092df22e0beb056e1cc6387a9e87b5cdb3e5c605c4487c9eba8ee8a1f1
aihub,train,1,Training/01.원천데이터/TS_아토피_정면/H0_118861_P1_L0.png,H0_118861_P1_L0.png,H0_118861,5bfdef7f6ddc35ee6deb04129e82df92b2587600896222f9d3b66210bed98bfc
aihub,train,1,Training/01.원천데이터/TS_아토피_정면/H0_118862_P2_L0.png,H0_118862_P2_L0.png,H0_118862,f3e89701fb1a77e36b64a3c21cf70c94130bc312cff6ba002c2a3c4e552f194e
aihub,train,1,Training/01.원천데이터/TS_아토피_정면/H0_118950_P1_L0.png,H0_118950_P1_L0.png,H0_118950,d9c28f2cda96b51128a80b5be3f38a47ad692f379353d575d116b3432d717d7d
aihub,train,1,Training/01.원천데이터/TS_아토피_정면/H0_118997_P5_L0.png,H0_118997_P5_L0.png,H0_118997,1dfe4e98fd1c4b4bbe3e997b22dd1a1c26cd8b4da97396ea265c4876876d6101
aihub,train,1,Training/01.원천데이터/TS_아토피_정면/H0_119362_P2_L0.png,H0_119362_P2_L0.png,H0_119362,4c73c2f988c20a084f4163c580bad13077b9bea589b059cd7e3ce520e7b55857
aihub,train,1,Training/01.원천데이터/TS_아토피_정면/H0_119852_P2_L0.png,H0_119852_P2_L0.png,H0_119852,a7716177c48fc9025d470db3a2b8ae6a2f6a91acd94132b112bb8e76963ea608
aihub,train,1,Training/01.원천데이터/TS_아토피_정면/H0_119855_P1_L0.png,H0_119855_P1_L0.png,H0_119855,810be49e6775d224b63f647d95a913130d3f832397b0aa465383b6ee9bb1b883
aihub,train,1,Training/01.원천데이터/TS_아토피_정면/H0_139522_P1_L0.png,H0_139522_P1_L0.png,H0_139522,c28d48f628752ab4ea2ad25d65368e0e09e00a10a448e2790f2b97c776a0c91e
aihub,train,1,Training/01.원천데이터/TS_아토피_정면/H0_139714_P1_L0.png,H0_139714_P1_L0.png,H0_139714,647abd4e2a8929c478b44414ddfd98fe33cb349d059c59679ec4ebcd87aef46e
aihub,train,1,Training/01.원천데이터/TS_아토피_정면/H0_139993_P3_L1.png,H0_139993_P3_L1.png,H0_139993,88e0f4311c4f10aed12ac92727b5b3de98b59affb880ff9c24ad800227801e72
aihub,train,1,Training/01.원천데이터/TS_아토피_정면/H0_140095_P3_L1.png,H0_140095_P3_L1.png,H0_140095,c2673bdcf23f5e800f47762968f27a1c8c9352c91a807ee713a4ebe3ead397a6
aihub,train,1,Training/01.원천데이터/TS_아토피_정면/H0_141270_P4_L0.png,H0_141270_P4_L0.png,H0_141270,e99b43b09cf69b8794e77c709724f4e0db8dc8658f845747ec3e859f52950a30
aihub,train,1,Training/01.원천데이터/TS_아토피_정면/H0_14535_P13_L0.png,H0_14535_P13_L0.png,H0_14535,92605202edbd8056009847187c2f42e954b3966a5ee633906724a8fbf7ff4a0b
aihub,train,1,Training/01.원천데이터/TS_아토피_정면/H0_158603_P6_L0.png,H0_158603_P6_L0.png,H0_158603,e4bd239acc5284b29e6260237603a54073630e9a483704da2ff2896550cd767c
aihub,train,1,Training/01.원천데이터/TS_아토피_정면/H0_178131_P1_L0.png,H0_178131_P1_L0.png,H0_178131,25977ebb5829454111968402c1ee50698f3a182be2f48a4174bc562fda85c1bb
aihub,train,1,Training/01.원천데이터/TS_아토피_정면/H0_179175_P2_L0.png,H0_179175_P2_L0.png,H0_179175,39779ba4673625d42d6f798f27da5df0bc4f7ec618b322724d3e772e2ecb0756
aihub,train,1,Training/01.원천데이터/TS_아토피_정면/H0_179827_P3_L0.png,H0_179827_P3_L0.png,H0_179827,1a97f1c414cbc1cf2e9afc3dd7e09180c7a561b62d86389f6988dbbe696237b8
aihub,train,1,Training/01.원천데이터/TS_아토피_정면/H0_180135_P1_L0.png,H0_180135_P1_L0.png,H0_180135,e3c0efd668de4f259fca3f336c1e5fd5b6441db6622fae84e90c9c0b9e4471b3
aihub,train,1,Training/01.원천데이터/TS_아토피_정면/H0_180156_P1_L1.png,H0_180156_P1_L1.png,H0_180156,3925da0f86d04d6fae76568fb0492b3b2638641afe98c8f89615fa370f9c2dc2
aihub,train,1,Training/01.원천데이터/TS_아토피_정면/H0_180931_P1_L0.png,H0_180931_P1_L0.png,H0_180931,9e02bce3574ab210a800d732cf2cd0bdde2c892f8390c6abf45a95c60f518808
aihub,train,1,Training/01.원천데이터/TS_아토피_정면/H0_181003_P1_L0.png,H0_181003_P1_L0.png,H0_181003,42cbe16e4291c8676b5a85ea32bc594c7c913b0a92c8fe0c1a461c9c9031a095
aihub,train,1,Training/01.원천데이터/TS_아토피_정면/H0_183499_P5_L0.png,H0_183499_P5_L0.png,H0_183499,8d73ca38a23e50b4ec29b0bd4dde58901d78fef70f45282424086ee18fc6d275
aihub,train,1,Training/01.원천데이터/TS_아토피_정면/H0_183931_P3_L0.png,H0_183931_P3_L0.png,H0_183931,044bf833f027aea73321911c9fa2172427418afd1d8ad49e6483e9f78fa79392
aihub,train,1,Training/01.원천데이터/TS_아토피_정면/H0_187776_P1_L0.png,H0_187776_P1_L0.png,H0_187776,6496ac6e793d0611dc8f3d7d732ccc4950c3ca7d8fd5ca2720d437d7ad3b59d0
aihub,train,1,Training/01.원천데이터/TS_아토피_정면/H0_189474_P4_L0.png,H0_189474_P4_L0.png,H0_189474,44cef291b7a638d97e72307ff2228539ba436414677baa057f3f0d8aa409f9b9
aihub,train,1,Training/01.원천데이터/TS_아토피_정면/H0_190748_P3_L0.png,H0_190748_P3_L0.png,H0_190748,e9b080d52a7cfff0f2e10a4549bb956286aa5f31b06dbc37c34018646b2a3478
aihub,train,1,Training/01.원천데이터/TS_아토피_정면/H0_193370_P1_L0.png,H0_193370_P1_L0.png,H0_193370,ea675c43b5f22be435c0fc7f06d6918aa8ec83d008fac966ac4425459a18eec5
aihub,train,1,Training/01.원천데이터/TS_아토피_정면/H0_195159_P12_L0.png,H0_195159_P12_L0.png,H0_195159,bf5b11c3182900c6664213bc588a6e071fc7a9e4ea40053d87a9e94d42cc3d7c
aihub,train,1,Training/01.원천데이터/TS_아토피_정면/H0_195486_P1_L0.png,H0_195486_P1_L0.png,H0_195486,cc68012eacdb39944263aec78aec2d766aba7dce22bfd7ca8dd87cedd6835f61
aihub,train,1,Training/01.원천데이터/TS_아토피_정면/H0_195762_P5_L0.png,H0_195762_P5_L0.png,H0_195762,9f0ab0396a9e862cd3ca439385ab68e4dd8d6216613ecc892ecb5bf58be0757d
aihub,train,1,Training/01.원천데이터/TS_아토피_정면/H0_197082_P5_L0.png,H0_197082_P5_L0.png,H0_197082,a45fe44116e890d7cf96035267e606149c839a1119fd68cad28f575779cccc89
aihub,train,1,Training/01.원천데이터/TS_아토피_정면/H0_197102_P2_L1.png,H0_197102_P2_L1.png,H0_197102,dbcf8a2af17eb2bdaa63daebb21a9ae618ae506b7233e0ea01079cf9343bc1f8
aihub,train,1,Training/01.원천데이터/TS_아토피_정면/H0_197152_P4_L0.png,H0_197152_P4_L0.png,H0_197152,691652814442a0bb21b4c720816a6961f91d4b560011e93a410ca1c606544f2d
aihub,train,1,Training/01.원천데이터/TS_아토피_정면/H0_197236_P10_L0.png,H0_197236_P10_L0.png,H0_197236,955af821e041a77bc120cf5d5e3b184d2dfe450d533ad1ac1deb6ce067fe7abb
aihub,train,1,Training/01.원천데이터/TS_아토피_정면/H0_197280_P5_L0.png,H0_197280_P5_L0.png,H0_197280,2f5592edb54312164d5ef4baad1d2d84690e203afa3ceaded84ba8079721293d
aihub,train,1,Training/01.원천데이터/TS_아토피_정면/H0_197304_P2_L0.png,H0_197304_P2_L0.png,H0_197304,90203dc25eeb9deaad13011257fee615eddac44a508b4e37b953f5b02419cf84
aihub,train,1,Training/01.원천데이터/TS_아토피_정면/H0_197317_P2_L0.png,H0_197317_P2_L0.png,H0_197317,08d588c9362ab3f6fb2c75ea03af0562bcc7425716225e308fe35d0d80169f7a
aihub,train,1,Training/01.원천데이터/TS_아토피_정면/H0_197341_P3_L0.png,H0_197341_P3_L0.png,H0_197341,ce7e610ddc7373ba53a969217b6301480f3ee37c69d71cbb1c61c47fc3b2c8c0
aihub,train,1,Training/01.원천데이터/TS_아토피_정면/H0_197451_P12_L1.png,H0_197451_P12_L1.png,H0_197451,c9bfc3a9c21c3254ccf3a3949beb6322cac5939c63a76cb51e7291e0ba3ed341
aihub,train,1,Training/01.원천데이터/TS_아토피_정면/H0_197504_P4_L0.png,H0_197504_P4_L0.png,H0_197504,6d5044009e46400218a9ff37f9d5a26a22c1b27a5dc2f0b2de810244cb891b65
aihub,train,1,Training/01.원천데이터/TS_아토피_정면/H0_197730_P2_L1.png,H0_197730_P2_L1.png,H0_197730,4865363c2a5222e7c8438acbc205c571c5f9bb52ac82da5b16ec0243bcc70bb2
aihub,train,1,Training/01.원천데이터/TS_아토피_정면/H0_197735_P1_L0.png,H0_197735_P1_L0.png,H0_197735,acbe5f82db569607ae79c16849cdcb795dfe537d137c33fd1cf81ad7e8d5948a
aihub,train,1,Training/01.원천데이터/TS_아토피_정면/H0_197743_P2_L0.png,H0_197743_P2_L0.png,H0_197743,ffb0ff06e96f80f0f2872de57596b1d2b038a21113dbb3c8c7348fc20992a26a
aihub,train,1,Training/01.원천데이터/TS_아토피_정면/H0_197763_P2_L0.png,H0_197763_P2_L0.png,H0_197763,d155a06e53c294bc02c6843a422692785b1014f70fb8f4cf756c852b6b0610b5
aihub,train,1,Training/01.원천데이터/TS_아토피_정면/H0_197897_P3_L0.png,H0_197897_P3_L0.png,H0_197897,8f778e539f358c92648c5efda13cbdd94e72abd2c7399ccd64b4c0b8c514806b
aihub,train,1,Training/01.원천데이터/TS_아토피_정면/H0_197958_P3_L0.png,H0_197958_P3_L0.png,H0_197958,f27faa14e5f448a83aeafb6680cdcc5986689f4550a9d2bd1f2587a3a0d2767c
aihub,train,1,Training/01.원천데이터/TS_아토피_정면/H0_198022_P2_L0.png,H0_198022_P2_L0.png,H0_198022,8dc2758a1bede7e9be02ca1eb9fa65a9e72ae5d3fb15df13d0d772df8aacb1f9
aihub,train,1,Training/01.원천데이터/TS_아토피_정면/H0_198080_P2_L0.png,H0_198080_P2_L0.png,H0_198080,a5a00ddf2e4342df2e6f0a0f334b50eecd254c0001b586710862d472be6087ce
aihub,train,1,Training/01.원천데이터/TS_아토피_정면/H0_198134_P1_L1.png,H0_198134_P1_L1.png,H0_198134,ebc0075bd9f85aeffaf402c1faf6ea3646d7e79c299bf7f53dd66ee344621db5
aihub,train,1,Training/01.원천데이터/TS_아토피_정면/H0_198222_P4_L0.png,H0_198222_P4_L0.png,H0_198222,6e643f5169942d2ca97ebb0d2e1a8cb395fbba7550d44452b6423c89793fdaed
aihub,train,1,Training/01.원천데이터/TS_아토피_정면/H0_198361_P5_L0.png,H0_198361_P5_L0.png,H0_198361,3fca4b8ef1495b874cec1604c84d8e6efa5bdfe5656174eca295a3674700d780
aihub,train,1,Training/01.원천데이터/TS_아토피_정면/H0_198744_P1_L0.png,H0_198744_P1_L0.png,H0_198744,15d2b7faad09108bf9e1722c3ae29424e9f95c2b9dee131a2d69d51f7f83d937
aihub,train,1,Training/01.원천데이터/TS_아토피_정면/H0_198843_P2_L0.png,H0_198843_P2_L0.png,H0_198843,ca2e0b2d361057d217801c30834f4194e0ec545867c939e2c6326c576d327893
aihub,train,1,Training/01.원천데이터/TS_아토피_정면/H0_198929_P4_L0.png,H0_198929_P4_L0.png,H0_198929,79cc36302e4045ede0ad882cfd9c0493fcf744793cfa3dec6fc5be84e6d96b5d
aihub,train,1,Training/01.원천데이터/TS_아토피_정면/H0_198957_P2_L0.png,H0_198957_P2_L0.png,H0_198957,db806caea45709fa462997c1f4bcb917a4e75b0c2f3b6170bafdab1d7e14f9fc
aihub,train,1,Training/01.원천데이터/TS_아토피_정면/H0_199073_P1_L1.png,H0_199073_P1_L1.png,H0_199073,74c1732bc59e85f1ce946ae9f4f64bbcf8603a34094722c9694e13c955bf8e86
aihub,train,1,Training/01.원천데이터/TS_아토피_정면/H0_199135_P3_L0.png,H0_199135_P3_L0.png,H0_199135,bf6b5083747b2bbd05ff41806d3e9234e59a70633e55f941d2289e70e3e820b9
aihub,train,1,Training/01.원천데이터/TS_아토피_정면/H0_199235_P2_L0.png,H0_199235_P2_L0.png,H0_199235,dde2d693d52d51756ce67abf7776e87b5238f19c1c2b95bf59dba7f561aa30f1
aihub,train,1,Training/01.원천데이터/TS_아토피_정면/H0_199245_P1_L0.png,H0_199245_P1_L0.png,H0_199245,3fcc065e4d87b51480f39fd8ea55de8b69b8319461e39bf812370ab953cf0adc
aihub,train,1,Training/01.원천데이터/TS_아토피_정면/H0_199300_P4_L0.png,H0_199300_P4_L0.png,H0_199300,906f498d554a5636f60cd8c25ea679892b369b9d08265af0fdbfe22585fa4fca
aihub,train,1,Training/01.원천데이터/TS_아토피_정면/H0_199306_P1_L0.png,H0_199306_P1_L0.png,H0_199306,b10a1ed71a49744f47eb8c04149ac2c4dc6cb42772dba9a8e44677d3c1f07d4c
aihub,train,1,Training/01.원천데이터/TS_아토피_정면/H0_199380_P5_L0.png,H0_199380_P5_L0.png,H0_199380,f51fe4b1a3f68fb750ec109522091723a9bdb8bcc06c3f3b3a17d99637199875
aihub,train,1,Training/01.원천데이터/TS_아토피_정면/H0_199462_P7_L1.png,H0_199462_P7_L1.png,H0_199462,9522933b6f4494c24a4e9ddcfe5e99f92bdedb3c201387d8a64da3cd31ab5ee7
aihub,train,1,Training/01.원천데이터/TS_아토피_정면/H0_199633_P2_L1.png,H0_199633_P2_L1.png,H0_199633,1b47942db65542d12dc97644cc25a5769a36176a0f2ab3a73227930594d6a377
aihub,train,1,Training/01.원천데이터/TS_아토피_정면/H0_199674_P2_L0.png,H0_199674_P2_L0.png,H0_199674,870bb639d264d9714ee1f0cdf45df41bbac4d4d3b1f5a429567a11590b7a2c8f
aihub,train,1,Training/01.원천데이터/TS_아토피_정면/H0_199711_P2_L0.png,H0_199711_P2_L0.png,H0_199711,b55a91a8f0b9acf079b70e957359a76165a70e697c44e15456b555ab82826736
aihub,train,1,Training/01.원천데이터/TS_아토피_정면/H0_199869_P1_L0.png,H0_199869_P1_L0.png,H0_199869,fbe15dc1c1666c8f82120a7bf000d147b64427ed5126157758f923b0f3cab953
aihub,train,1,Training/01.원천데이터/TS_아토피_정면/H0_200998_P1_L0.png,H0_200998_P1_L0.png,H0_200998,98b0d1d347495af6f45f4d466937dfa7047426bb3f8abed2ed8e88a22814261c
aihub,train,1,Training/01.원천데이터/TS_아토피_정면/H0_201060_P1_L0.png,H0_201060_P1_L0.png,H0_201060,1ee5cd7073a37429e71e8b1d3ab3672f27456b525262a470ee10b6c7033f13e8
aihub,train,1,Training/01.원천데이터/TS_아토피_정면/H0_20496_P2_L0.png,H0_20496_P2_L0.png,H0_20496,d794b3f5cbe5c682adca86f4b89be6d8620f0f546e55b61e88b49061e2704420
aihub,train,1,Training/01.원천데이터/TS_아토피_정면/H0_205765_P5_L2.png,H0_205765_P5_L2.png,H0_205765,55429713d44b99a16b77cd6a0160cb2c8d68ec5b78c3515ccfe483b0c7b493c2
aihub,train,1,Training/01.원천데이터/TS_아토피_정면/H0_205817_P19_L0.png,H0_205817_P19_L0.png,H0_205817,49b6ebfaf4c3327c18b9a8f5072ab2f619550630b8798d84a04cc5d18ca7eba7
aihub,train,1,Training/01.원천데이터/TS_아토피_정면/H0_205817_P19_L1.png,H0_205817_P19_L1.png,H0_205817,24c8b2440959ef8b595a4c0a604147dffa0a0d7f2ec7b8cc57d3b805b71e6cbc
aihub,train,1,Training/01.원천데이터/TS_아토피_정면/H0_206236_P10_L2.png,H0_206236_P10_L2.png,H0_206236,21181600b62a1ed3cff1e969c175ebaa6f8b4ae427a06029e92de9779c8c66c1
aihub,train,1,Training/01.원천데이터/TS_아토피_정면/H0_214404_P2_L0.png,H0_214404_P2_L0.png,H0_214404,1b38243ba7e6c0d1a5880b267d44c1e3402cfc3067c0a57c75e3353dd1021eb7
aihub,train,1,Training/01.원천데이터/TS_아토피_정면/H0_222860_P2_L0.png,H0_222860_P2_L0.png,H0_222860,7d7282bbf52684a78c571c19262dda79e22ca49ec210b8679ffb3013e0103460
aihub,train,1,Training/01.원천데이터/TS_아토피_정면/H0_226984_P1_L0.png,H0_226984_P1_L0.png,H0_226984,dac5b5c2d78061a6f479c353159e715b07477942f19bdfc297ded7598a2413ab
aihub,train,1,Training/01.원천데이터/TS_아토피_정면/H0_227085_P1_L0.png,H0_227085_P1_L0.png,H0_227085,3c039f828af480e1be4aecfae176a90fb6178d8e884679dd8272a625f6a163cb
aihub,train,1,Training/01.원천데이터/TS_아토피_정면/H0_227358_P1_L0.png,H0_227358_P1_L0.png,H0_227358,8613eccec3d6a20d9c7a6c104baedd4eba2ed3e224b02db661a16c20952b36d4
aihub,train,1,Training/01.원천데이터/TS_아토피_정면/H0_23704_P2_L0.png,H0_23704_P2_L0.png,H0_23704,2ee89d7c41618257295b33c47cac2179a313a7bb3bb75057c16bd713bd2a48f3
aihub,train,1,Training/01.원천데이터/TS_아토피_정면/H0_29220_P1_L0.png,H0_29220_P1_L0.png,H0_29220,c73b2b802f5f895be0240f9777038dd265dd7f5a8c11b6f6246268cdecc65f60
aihub,train,1,Training/01.원천데이터/TS_아토피_정면/H0_49817_P2_L0.png,H0_49817_P2_L0.png,H0_49817,e993f2092cd605626e0bb82c622ec552313d4b8785616e6e3f675fe062d6464b
aihub,train,1,Training/01.원천데이터/TS_아토피_정면/H0_70543_P2_L0.png,H0_70543_P2_L0.png,H0_70543,b24b09975e897f835ee2ed224f13988ed0cf31c7c2e6f1497e5245e6ec0b2726
aihub,train,1,Training/01.원천데이터/TS_아토피_정면/H0_70739_P3_L3.png,H0_70739_P3_L3.png,H0_70739,66274618a7e6c3f96b092a03ef250e0cba5387f47416207691785d2012fa8dfb
aihub,train,1,Training/01.원천데이터/TS_아토피_정면/H0_87615_P2_L1.png,H0_87615_P2_L1.png,H0_87615,e0001018e49c784dfa8b380d920ff6f8deb3b109657f5f0101e3262c17090158
aihub,train,1,Training/01.원천데이터/TS_아토피_정면/H0_90394_P1_L1.png,H0_90394_P1_L1.png,H0_90394,79b7486abb7ac30fa457b3d64523f2bc8ff0fc9108b293d8866ce7ee102b30c0
aihub,train,1,Training/01.원천데이터/TS_아토피_정면/H0_97902_P4_L0.png,H0_97902_P4_L0.png,H0_97902,e4f04d7c5f8c3a7ef2bd67e1680d3af00994046c7c1db77e31615ae15eda9ac4
aihub,train,1,Training/01.원천데이터/TS_아토피_정면/H1_200536_P1_L0.png,H1_200536_P1_L0.png,H1_200536,7919932226b14a8206095301e6c6cbfd88b7b555e0f7b1828bc0e12f4fe327a0
aihub,train,1,Training/01.원천데이터/TS_아토피_정면/H1_200859_P6_L0.png,H1_200859_P6_L0.png,H1_200859,f0633ad578b0b214dbe6078cd45316cdaea7bdbcb3668ee1c16d50743e85c83e
aihub,train,1,Training/01.원천데이터/TS_아토피_정면/H1_200859_P7_L0.png,H1_200859_P7_L0.png,H1_200859,124f192aeab24dd3a71eab39f0109b6ed44de380160db5af174d4038a7892d88
aihub,train,1,Training/01.원천데이터/TS_아토피_정면/H1_201466_P1_L0.png,H1_201466_P1_L0.png,H1_201466,3d02226482ecd5ef838c0eab02c3cca5295c7c54944a3e006bfa48a437e36285
aihub,train,1,Training/01.원천데이터/TS_아토피_정면/H1_202594_P3_L0.png,H1_202594_P3_L0.png,H1_202594,2afcc8bca271e9e90d84893cb0a5565778c52c44323577b01bbc502d9a46ba49
aihub,train,1,Training/01.원천데이터/TS_아토피_정면/H1_203540_P1_L0.png,H1_203540_P1_L0.png,H1_203540,bbbc54182f14843e5e486a05ebd4d86e5f2c750ef1feb0a3d755e34455f34b03
aihub,train,1,Training/01.원천데이터/TS_아토피_정면/H1_203707_P8_L0.png,H1_203707_P8_L0.png,H1_203707,b5007e7cda85aaa7c2d9d1357febfe2f9a94dfce723cf569aea6b432f0fb7ea0
aihub,train,1,Training/01.원천데이터/TS_아토피_정면/H1_203735_P1_L0.png,H1_203735_P1_L0.png,H1_203735,a7a90ca20398cadf92e3b05a0d0751e30cfbbb99fb305bfc7663789f2d873b32
aihub,train,1,Training/01.원천데이터/TS_아토피_정면/H1_204282_P1_L0.png,H1_204282_P1_L0.png,H1_204282,ba1a3e42bcf7d605d72b60ab4c3cb8d4ec941ffd4bd86155eaa403e1b75e4ec7
aihub,train,1,Training/01.원천데이터/TS_아토피_정면/H1_204291_P4_L0.png,H1_204291_P4_L0.png,H1_204291,73b84fef2b7c4be5075d66648193132183737867d56efdaf426f721f62a8f03f
aihub,train,1,Training/01.원천데이터/TS_아토피_정면/H1_205138_P1_L0.png,H1_205138_P1_L0.png,H1_205138,8e908b05c9b047943271fac2aca89a526932697625a8fa39c6af96d040828cba
aihub,train,1,Training/01.원천데이터/TS_아토피_정면/H1_205257_P7_L0.png,H1_205257_P7_L0.png,H1_205257,e1fdc5c60bb9ceb970da64f6b8802ba085866976b98ae97d1ed67fa8562b2454
aihub,train,1,Training/01.원천데이터/TS_아토피_정면/H1_205331_P7_L0.png,H1_205331_P7_L0.png,H1_205331,5f31c679ef176cf3bbf535c911f50d800f8fb10cac4ffa66444c5c044f9c8b48
aihub,train,1,Training/01.원천데이터/TS_아토피_정면/H1_205576_P1_L0.png,H1_205576_P1_L0.png,H1_205576,7c1a37487c8649376276480ea5845979d465747246cc7e4e74cfdb710c0c0273
aihub,train,1,Training/01.원천데이터/TS_아토피_정면/H1_206207_P1_L0.png,H1_206207_P1_L0.png,H1_206207,6c6b2fd389ea95825b1aeae6c7ac665bff16cc05c7f1e3f22744c2136f223b9c
aihub,train,1,Training/01.원천데이터/TS_아토피_정면/H1_206462_P10_L0.png,H1_206462_P10_L0.png,H1_206462,2c75c1556e1f7469651ac1f4da4ca00f47266c4f21bc84905ed5950047d0b74d
aihub,train,1,Training/01.원천데이터/TS_아토피_정면/H1_210942_P1_L0.png,H1_210942_P1_L0.png,H1_210942,dbc2e11a6afbb08a70338ee4d000291b14f7332ee07caeeafee855c21271aaf1
aihub,train,1,Training/01.원천데이터/TS_아토피_정면/H1_211898_P1_L0.png,H1_211898_P1_L0.png,H1_211898,a17c2bcbcbb67bcf6e5b7af8dce3d1fe308e3d4f95126d992a519fb5701068e3
aihub,train,1,Training/01.원천데이터/TS_아토피_정면/H1_220311_P1_L0.png,H1_220311_P1_L0.png,H1_220311,8ea69690a5fb7992e40e919d91e5a351c7409e9f64903f879dba0dab5fc194b5
aihub,train,1,Training/01.원천데이터/TS_아토피_정면/H1_220327_P2_L0.png,H1_220327_P2_L0.png,H1_220327,fc90771d37163aaa05756840d2c805f227f55271e2f08bf9172cebdb95482450
aihub,train,1,Training/01.원천데이터/TS_아토피_정면/H1_221781_P1_L0.png,H1_221781_P1_L0.png,H1_221781,13f335e2e3e0301e323356204cf1d994102e0aa2fa01078b0c629f6492c1c8f8
aihub,train,1,Training/01.원천데이터/TS_아토피_정면/H1_223650_P1_L0.png,H1_223650_P1_L0.png,H1_223650,ef8dcf4dbaec6c425e700f163a4c2195645939bfa5b7328056ef910734677dfb
aihub,train,1,Training/01.원천데이터/TS_아토피_정면/H1_224407_P1_L0.png,H1_224407_P1_L0.png,H1_224407,41052c44dfa4376fc57e4fdeffa94fc2614021c6c2ef85e4b2e2908b8a976fbb
aihub,train,1,Training/01.원천데이터/TS_아토피_정면/H1_225674_P1_L0.png,H1_225674_P1_L0.png,H1_225674,cc2687de52128d18def4fc957cb1dd967a58dc5cc8b887e8a80b27054c021bb4
aihub,train,1,Training/01.원천데이터/TS_아토피_정면/H1_234983_P12_L0.png,H1_234983_P12_L0.png,H1_234983,d1108465aa7fcc4e018cbebac7b586ee05a8a971784dabb3088e8ee81fada9bf
aihub,train,1,Training/01.원천데이터/TS_아토피_정면/H1_241025_P11_L0.png,H1_241025_P11_L0.png,H1_241025,e73704b091bffd9079f07398b9e6011f95aefbd3152adde2aaddb6484a4967d9
aihub,train,1,Training/01.원천데이터/TS_아토피_정면/H1_243110_P1_L0.png,H1_243110_P1_L0.png,H1_243110,84692e9da2e6df97fdc878b71beaeaf00e5760381f4c05686f4053e3b6994f6f
aihub,train,1,Training/01.원천데이터/TS_아토피_정면/H1_243384_P2_L0.png,H1_243384_P2_L0.png,H1_243384,ecf0d936b0606a494d398fafc4ff9f2a11dc114cec6e1a2fb8cbe47d4e20edb1
aihub,train,1,Training/01.원천데이터/TS_아토피_정면/H1_244936_P1_L0.png,H1_244936_P1_L0.png,H1_244936,06a0a14245ef7f3d6bd278da2ebbdebef51fa60db6cd18553106e99627d9cb2d
aihub,train,1,Training/01.원천데이터/TS_아토피_정면/H1_250058_P1_L0.png,H1_250058_P1_L0.png,H1_250058,19699426d6466a027066be8e256e9b33ed5624260de7399719c6c224ce7666fe
aihub,train,1,Training/01.원천데이터/TS_아토피_정면/H1_251224_P3_L0.png,H1_251224_P3_L0.png,H1_251224,a126a4a2f177278e5b180e34b6563279f2680ae89ef3b094a07b7a63515b6caa
aihub,train,1,Training/01.원천데이터/TS_아토피_정면/H1_251468_P2_L0.png,H1_251468_P2_L0.png,H1_251468,c8991163a144f1391b7bf9566cd5832a3a920b7f9143a2ab84acef17c89a5c41
aihub,train,1,Training/01.원천데이터/TS_아토피_정면/H1_251524_P6_L0.png,H1_251524_P6_L0.png,H1_251524,5287198ec8557cf9fc5dd1e362e906d9c62a5d28e33fedb724441643b2e8ce48
aihub,train,1,Training/01.원천데이터/TS_아토피_정면/H1_251614_P2_L0.png,H1_251614_P2_L0.png,H1_251614,e845f785f317db32e05504c1cd014b4d76ad3306e51c9648e1fc609abc41acf1
aihub,train,1,Training/01.원천데이터/TS_아토피_정면/H1_253791_P1_L0.png,H1_253791_P1_L0.png,H1_253791,b0687a40d0fab142fed1f23bb62f08a06b38e9e2a90a22e52e59b3479dc6bd37
aihub,train,1,Training/01.원천데이터/TS_아토피_정면/H1_254143_P3_L0.png,H1_254143_P3_L0.png,H1_254143,af190183d8758afe9a3c700eebcf42a0fd7e8054bec933679597b1982e98bc1b
aihub,train,1,Training/01.원천데이터/TS_아토피_정면/H1_254301_P1_L0.png,H1_254301_P1_L0.png,H1_254301,5ff6eb052d4634d2b19ba4b4915c51020ca3b33cdd6d3c750f6692e7610d6196
aihub,train,1,Training/01.원천데이터/TS_아토피_정면/H1_254449_P3_L0.png,H1_254449_P3_L0.png,H1_254449,c5eb223e275e7000016bc5a590629a96ef01e65730dbd798334ad2af08b67e7e
aihub,train,1,Training/01.원천데이터/TS_아토피_정면/H1_254481_P6_L0.png,H1_254481_P6_L0.png,H1_254481,a7d921f5bb175e3e7907a62fb55f58289413ecd23519bd640cb66dcc775d903b
aihub,train,1,Training/01.원천데이터/TS_아토피_정면/H1_254687_P5_L0.png,H1_254687_P5_L0.png,H1_254687,571b1e63221baf9578ab212ea47d8fc3922fd0386356fa35f4dbbb730d43fd56
aihub,train,1,Training/01.원천데이터/TS_아토피_정면/H1_254700_P3_L0.png,H1_254700_P3_L0.png,H1_254700,bea5f48d936f644cc40cc089cdcbb4612364d9cf514b90752814c22f1a3e2ba3
aihub,train,1,Training/01.원천데이터/TS_아토피_정면/H1_255296_P2_L0.png,H1_255296_P2_L0.png,H1_255296,0d5c4602641bd9c953802f8b198603919bec7b10a2da69abbd7c6fb94c419f60
aihub,train,1,Training/01.원천데이터/TS_아토피_정면/H1_255407_P3_L0.png,H1_255407_P3_L0.png,H1_255407,9dd9eced1c22d26f0eaa1fb174fe55c3bfe19668161f2569be241a15b0215559
aihub,train,1,Training/01.원천데이터/TS_아토피_정면/H1_255421_P2_L0.png,H1_255421_P2_L0.png,H1_255421,0a2f99329b806c612b3a4f0f4a6165978c85c744c3d90a772f4a086094850dc2
aihub,train,1,Training/01.원천데이터/TS_아토피_정면/H1_255483_P3_L0.png,H1_255483_P3_L0.png,H1_255483,6e1b1370bc40e103edfde53cd64aea3388e063d7cd7be109fbbf8b79bf42c346
aihub,train,1,Training/01.원천데이터/TS_아토피_정면/H1_255607_P2_L0.png,H1_255607_P2_L0.png,H1_255607,84a62943d5a2c21f46f9cf37e4af98e814ed279a553a2bdcca3542fe1b2b17e7
aihub,train,1,Training/01.원천데이터/TS_아토피_정면/H1_255697_P7_L0.png,H1_255697_P7_L0.png,H1_255697,7954b49346f2baf9f516ab1651f1207a2a7ac605b41cd77fce580326d2d31830
aihub,train,1,Training/01.원천데이터/TS_아토피_정면/H1_255747_P4_L0.png,H1_255747_P4_L0.png,H1_255747,5010801ed1637004939228a5b357a1a6b989b7243baaad57206bde6fb0ff3f57
aihub,train,1,Training/01.원천데이터/TS_아토피_정면/H1_255786_P3_L0.png,H1_255786_P3_L0.png,H1_255786,6df947bd00d427bab0c5f826f3523d15de52183a8079bb4dc1d21e3a0f035c71
aihub,train,1,Training/01.원천데이터/TS_아토피_정면/H1_255801_P3_L0.png,H1_255801_P3_L0.png,H1_255801,464cbab8902a34dd805dcb5d8b0fe991852b2741291d5bf6f9773ce724ab0084
aihub,train,1,Training/01.원천데이터/TS_아토피_정면/H1_255834_P4_L0.png,H1_255834_P4_L0.png,H1_255834,ba93d39393f44be2286f1c79da4ab169bf69f4419628e21e71202c71a004ed8e
aihub,train,1,Training/01.원천데이터/TS_아토피_정면/H1_256046_P3_L0.png,H1_256046_P3_L0.png,H1_256046,e28cb90c77e931bce54b389e1eaf7beb999469e136532fdc795921c99dd807b6
aihub,train,1,Training/01.원천데이터/TS_아토피_정면/H1_256050_P4_L0.png,H1_256050_P4_L0.png,H1_256050,553c608397953d972f0a1e0471e3448c02bf702cce6a65dfb1d467f3f34889bb
aihub,train,1,Training/01.원천데이터/TS_아토피_정면/H1_256390_P6_L0.png,H1_256390_P6_L0.png,H1_256390,7fc167014fe96bcff9a31b8415c04d3612b300ea2d75c7c5a8bebfa3a60809b1
aihub,train,1,Training/01.원천데이터/TS_아토피_정면/H1_256522_P3_L0.png,H1_256522_P3_L0.png,H1_256522,7857b118a4ff24d9998df86332e26b5cdcffc16dddc1e823b1ba3119f054917c
aihub,train,1,Training/01.원천데이터/TS_아토피_정면/H1_256564_P2_L0.png,H1_256564_P2_L0.png,H1_256564,8e8f03e8569b20aee1a6c0c70984e1725075377625a29d48b67a34aefd22757c
aihub,train,1,Training/01.원천데이터/TS_아토피_정면/H1_258044_P1_L0.png,H1_258044_P1_L0.png,H1_258044,67b2d212c281c942adcaba5467de74856f458b24861617241298f0314dc7914c
aihub,train,1,Training/01.원천데이터/TS_아토피_정면/H1_258186_P2_L0.png,H1_258186_P2_L0.png,H1_258186,ea38802e58097cac2bcebebe5f5d0ae2bb7adb5398bd0f0c2636f415fbc1c92c
aihub,train,1,Training/01.원천데이터/TS_아토피_정면/H1_258807_P2_L0.png,H1_258807_P2_L0.png,H1_258807,0aa2742832260dec5bd1384761cdc97af1f9473939d93a982ccf8817e19ae8fc
aihub,train,1,Training/01.원천데이터/TS_아토피_정면/H1_259795_P2_L0.png,H1_259795_P2_L0.png,H1_259795,df2b4177fb17399c163f165b75979df4027409c9b3b08c0f4092672673600592
aihub,train,1,Training/01.원천데이터/TS_아토피_정면/H1_259814_P1_L0.png,H1_259814_P1_L0.png,H1_259814,a28a0d57db7144bbeaf07379105932a26f076fbd5248b6f4a563b2662aee1946
aihub,train,1,Training/01.원천데이터/TS_아토피_정면/H1_259889_P3_L0.png,H1_259889_P3_L0.png,H1_259889,32f16ecd438b1652aa77611d4e8aeb19b1e60defda3dbd435b19408f92f2129d
aihub,train,1,Training/01.원천데이터/TS_아토피_정면/H1_259980_P2_L0.png,H1_259980_P2_L0.png,H1_259980,1e1e64b24f6d2a81694bbcf3fd8199e96669bb41ebdbe3652af424ee6b88c243
aihub,train,1,Training/01.원천데이터/TS_아토피_정면/H1_261027_P8_L0.png,H1_261027_P8_L0.png,H1_261027,b48982ad9220feb86847b95a559f58ba1cd97e9454a05d2f17dec04e4c1a5088
aihub,train,1,Training/01.원천데이터/TS_아토피_정면/H1_262289_P2_L0.png,H1_262289_P2_L0.png,H1_262289,1a34a05fd1a8ad0252bb848dce94cdd684457f9dc77e46cc9432d98ee2e22300
aihub,train,1,Training/01.원천데이터/TS_아토피_정면/H1_262839_P1_L0.png,H1_262839_P1_L0.png,H1_262839,e074c9b7211ef9a76341f5ab4c93a780eaf877ea0d2201902a7bf189c7d1d066
aihub,train,1,Training/01.원천데이터/TS_아토피_정면/H1_263541_P1_L0.png,H1_263541_P1_L0.png,H1_263541,07acc768549d6ce79c4b0b1293c9c0f0e4e2bd9351c238da2ab086bfdc4c938c
aihub,train,1,Training/01.원천데이터/TS_아토피_정면/H1_264419_P1_L0.png,H1_264419_P1_L0.png,H1_264419,473bd83f96d2e5a2b1c3bba6185e9be104f8eb3c543ff9b86505f71e0f8f7b2d
aihub,train,1,Training/01.원천데이터/TS_아토피_정면/H1_266687_P1_L0.png,H1_266687_P1_L0.png,H1_266687,3ae3bd01c5c7984bc98bf1173862516e200a2bf0a51d527d849852f80b862d17
aihub,train,1,Training/01.원천데이터/TS_아토피_정면/H1_269111_P1_L0.png,H1_269111_P1_L0.png,H1_269111,4ea604b6495b303e19c2de921e763881348a1d289591032d8fc8c738173673a4
aihub,train,1,Training/01.원천데이터/TS_아토피_정면/H1_269229_P23_L0.png,H1_269229_P23_L0.png,H1_269229,4eef0647b6215cfa5fb5d5a9f0957d90f2fd381fa7192a2caa2d41def7fd7a7f
aihub,train,1,Training/01.원천데이터/TS_아토피_정면/H1_269417_P1_L0.png,H1_269417_P1_L0.png,H1_269417,a13e728429611b1d471a7382a308265b0631cf24188e20f60979ed2645e2bc35
aihub,train,1,Training/01.원천데이터/TS_아토피_정면/H1_269613_P1_L0.png,H1_269613_P1_L0.png,H1_269613,1b9d8dace4bb11857873ca9a6a23ddc3ff5ca069e8f1c671e36718aeba789e20
aihub,train,1,Training/01.원천데이터/TS_아토피_정면/H1_270169_P3_L0.png,H1_270169_P3_L0.png,H1_270169,817bac20cedbb5a8af2c49fa4fc35aa00544a133c23de9c18ed15d651915b20e
aihub,train,1,Training/01.원천데이터/TS_아토피_정면/H1_270251_P1_L0.png,H1_270251_P1_L0.png,H1_270251,7f1b6bb43a98bb1267265e36db6d111797dea04ecba274064cc1feca445d277d
aihub,train,1,Training/01.원천데이터/TS_아토피_정면/H1_271099_P1_L0.png,H1_271099_P1_L0.png,H1_271099,11d49b380446b3381b34a95d519532d58d0f56c5e7ec57e8efd16b05455769a9
aihub,train,1,Training/01.원천데이터/TS_아토피_정면/H1_271369_P13_L0.png,H1_271369_P13_L0.png,H1_271369,814babab531f03fb9189e5a56b6895c824b3284bd6e5e35a2f248ab0a19211a1
aihub,train,1,Training/01.원천데이터/TS_아토피_정면/H1_271429_P1_L0.png,H1_271429_P1_L0.png,H1_271429,dcea2dc77756eaae552139a33bb813d8ddfe0e839f67de6f819c44a5c2523402
aihub,train,1,Training/01.원천데이터/TS_아토피_정면/H1_271429_P2_L0.png,H1_271429_P2_L0.png,H1_271429,23df835543b812e891eba4b0c2adedd7b4749f7d846773c0ff11f0bfde48f959
aihub,train,1,Training/01.원천데이터/TS_아토피_정면/H1_271508_P24_L0.png,H1_271508_P24_L0.png,H1_271508,0c525aae03ec4cf7f6fa99c3f3c2e8a62497ec21b8ebc7e741be10ce1888333d
aihub,train,1,Training/01.원천데이터/TS_아토피_정면/H1_271518_P1_L0.png,H1_271518_P1_L0.png,H1_271518,878bd839a285ed0028a629a7bd980f33dbce098442c7f8f5cb24633c20346622
aihub,train,1,Training/01.원천데이터/TS_아토피_정면/H1_271518_P2_L0.png,H1_271518_P2_L0.png,H1_271518,0216b06339d3d1ca65930e256106fca22de1a20eb1555b99d7346668d385b177
aihub,train,1,Training/01.원천데이터/TS_아토피_정면/H1_271633_P12_L0.png,H1_271633_P12_L0.png,H1_271633,3a9b10ab89758f6a300beccf7547fc8c3eb19947e79feb681b2d1e4e4251c89e
aihub,train,1,Training/01.원천데이터/TS_아토피_정면/H1_271633_P13_L0.png,H1_271633_P13_L0.png,H1_271633,842951b53338ab46d1815bfb7ff44832fa21946e87f82ff3f83fd69c4969976c
aihub,train,1,Training/01.원천데이터/TS_아토피_정면/H1_271921_P4_L0.png,H1_271921_P4_L0.png,H1_271921,165f83c73b7ded42ab4cacc4d129921af27d373dd7d0fad72551382268e4b07f
aihub,train,1,Training/01.원천데이터/TS_아토피_정면/H1_272519_P2_L0.png,H1_272519_P2_L0.png,H1_272519,346a85c2d108c206d4e3cda0ac9129565d5311edae92cda3aca7e0c2e887c997
aihub,train,1,Training/01.원천데이터/TS_아토피_정면/H1_272661_P1_L0.png,H1_272661_P1_L0.png,H1_272661,aacbdbf37eece44ce610849dfc896648a0e6e822c32ba6e2c54d311f0f3d8ee1
aihub,train,1,Training/01.원천데이터/TS_아토피_정면/H1_272661_P2_L0.png,H1_272661_P2_L0.png,H1_272661,1bdb2398d31ee07f945afc10faba3a7a738c6784d86d0b4f1b380a2536391d52
aihub,train,1,Training/01.원천데이터/TS_아토피_정면/H1_272668_P11_L0.png,H1_272668_P11_L0.png,H1_272668,aa92caada09976acf637433fcd9e447aa850267af370f96bbabdf66874c96ee9
aihub,train,1,Training/01.원천데이터/TS_아토피_정면/H1_272892_P5_L0.png,H1_272892_P5_L0.png,H1_272892,4a5a9ee0aad65ff41b50ecd4cf6e3c62cb04d5b49656ed19e2fb2684dacf1fb4
aihub,train,1,Training/01.원천데이터/TS_아토피_정면/H1_272910_P3_L0.png,H1_272910_P3_L0.png,H1_272910,67105f4d05921abb2f04c7665d1974fc589780fa2c2066b472fb10802d1cd12d
aihub,train,1,Training/01.원천데이터/TS_아토피_정면/H1_272965_P2_L0.png,H1_272965_P2_L0.png,H1_272965,7e38986fe529ed363fa57797b77a48445d12dedb9e0fe9b84c2cad9dce3e126d
aihub,train,1,Training/01.원천데이터/TS_아토피_정면/H1_273108_P2_L0.png,H1_273108_P2_L0.png,H1_273108,dfd1f8c3a656f1a9eb1e6a3b2175962cfc7d6ae674eec11c27e8966328d7d516
aihub,train,1,Training/01.원천데이터/TS_아토피_정면/H1_273402_P1_L0.png,H1_273402_P1_L0.png,H1_273402,0577ec8d96d9ca82c13807a12aca3df011d33da84d33f16d66a9777c50c7e6b1
aihub,train,1,Training/01.원천데이터/TS_아토피_정면/H1_273402_P3_L0.png,H1_273402_P3_L0.png,H1_273402,0bd7e77a30717f8aa25b4d90805b48c5b4f1b7d584d8013cf6f6ec3026cfc4be
aihub,train,1,Training/01.원천데이터/TS_아토피_정면/H1_273943_P9_L0.png,H1_273943_P9_L0.png,H1_273943,2b389ded0d42d6d47ca3047220052275cd2c35e56c6a05c3e29d10726918e161
aihub,train,1,Training/01.원천데이터/TS_아토피_정면/H1_274007_P11_L0.png,H1_274007_P11_L0.png,H1_274007,03d8fc9f62f5b161a74c327161be56d8d55e9e5fafc57d0a0b6543e69847f2b2
aihub,train,1,Training/01.원천데이터/TS_아토피_정면/H1_274007_P12_L0.png,H1_274007_P12_L0.png,H1_274007,145061ffcb76a1916edb9a9464cccd57cbe02d5865e594bcfc5466a4acbc8dad
aihub,train,1,Training/01.원천데이터/TS_아토피_정면/H1_274020_P6_L0.png,H1_274020_P6_L0.png,H1_274020,4040bfdc8ab0d12bdf31a3c16b1e112238ac648442e72cc145c71f3f8caeedab
aihub,train,1,Training/01.원천데이터/TS_아토피_정면/H1_274089_P5_L0.png,H1_274089_P5_L0.png,H1_274089,5fb1b9b6bed2849884b6b0f4a3de93a1ebb94a045ded962cc688b28aa0e7b89a
aihub,train,1,Training/01.원천데이터/TS_아토피_정면/H1_274089_P7_L0.png,H1_274089_P7_L0.png,H1_274089,0c4099b653d7ca1d9ac567350018bc53eb722868a894bcd8cb5539e751c1f964
aihub,train,1,Training/01.원천데이터/TS_아토피_정면/H1_274162_P9_L0.png,H1_274162_P9_L0.png,H1_274162,8aa8866929cff89c0765f4177ebb58bbada87b267b7f4a0c1500dcbc836e64ae
aihub,train,1,Training/01.원천데이터/TS_아토피_정면/H1_274187_P1_L0.png,H1_274187_P1_L0.png,H1_274187,9b0ada3366c9f078b8afd7c97a6721768ce90d031a0e66a62cde00de98ccbe48
aihub,train,1,Training/01.원천데이터/TS_아토피_정면/H1_274376_P1_L0.png,H1_274376_P1_L0.png,H1_274376,c486901225897499484548c54d92a989ab4ad4d0a07b7378b5e8ba17a45bf771
aihub,train,1,Training/01.원천데이터/TS_아토피_정면/H1_274376_P3_L0.png,H1_274376_P3_L0.png,H1_274376,3c91fa3ef60e7b05f5b305eaae9a1df705483db96870f76d3bb1fa689486a4e7
aihub,train,1,Training/01.원천데이터/TS_아토피_정면/H1_274439_P2_L0.png,H1_274439_P2_L0.png,H1_274439,e54b35f066c42fad791bb353859a0a7d8527310e7e74699247ace9ffc844fe84
aihub,train,1,Training/01.원천데이터/TS_아토피_정면/H1_274856_P2_L0.png,H1_274856_P2_L0.png,H1_274856,344f1ece0950e9e63279dff0887376f78c1241461d1b81599be3f1cad102d4bb
aihub,train,1,Training/01.원천데이터/TS_아토피_정면/H1_275381_P1_L0.png,H1_275381_P1_L0.png,H1_275381,398d0acb3af0853d7dba5731de983f7af7c618c8d298e71557a5fa98760ceac1
aihub,train,1,Training/01.원천데이터/TS_아토피_정면/H1_275381_P3_L0.png,H1_275381_P3_L0.png,H1_275381,4fbeaf32700f6adcc3d17ee174cfcb006cd12566f8cbe2f80f1b26ef44903847
aihub,train,1,Training/01.원천데이터/TS_아토피_정면/H1_275575_P2_L0.png,H1_275575_P2_L0.png,H1_275575,97cdbe0bfb2e3391cf6ee642292730c048db2ae0918722b08cd2a6baaa4accb6
aihub,train,1,Training/01.원천데이터/TS_아토피_정면/H1_276283_P5_L0.png,H1_276283_P5_L0.png,H1_276283,c5cc86c5345a9c1914940c0504e32845d0205ef81190417ccb9e433b62d9ea3f
aihub,train,1,Training/01.원천데이터/TS_아토피_정면/H1_276307_P17_L0.png,H1_276307_P17_L0.png,H1_276307,47f507af2d0c05631d22f23603de4379cc18d5ef5ae6375fcc271422a0276033
aihub,train,1,Training/01.원천데이터/TS_아토피_정면/H1_276414_P2_L0.png,H1_276414_P2_L0.png,H1_276414,f1c72a24a863414f1a70ef029169f1ed7fd8d3805dd64e9ee3f60768c66b5828
aihub,train,1,Training/01.원천데이터/TS_아토피_정면/H1_276421_P1_L0.png,H1_276421_P1_L0.png,H1_276421,af02f2104f3ef3292e0746f257378ad3872e8718787256c9a23c12d61a9e924a
aihub,train,1,Training/01.원천데이터/TS_아토피_정면/H1_276421_P21_L0.png,H1_276421_P21_L0.png,H1_276421,86901aecb9f10f804bd9869c45ee2f3f009d5619773d484d09d8b475b452ec32
aihub,train,1,Training/01.원천데이터/TS_아토피_정면/H1_276443_P1_L0.png,H1_276443_P1_L0.png,H1_276443,851990335fa62a8492d6de7d18d2fdd0025da4c8c5cfa1bdf4015ec27d2ce659
aihub,train,1,Training/01.원천데이터/TS_아토피_정면/H1_276443_P2_L0.png,H1_276443_P2_L0.png,H1_276443,d1b4dd727425ee495c5c5abba9653463e12c7de412c02753272fa6c23f47040e
aihub,train,1,Training/01.원천데이터/TS_아토피_정면/H1_276735_P1_L0.png,H1_276735_P1_L0.png,H1_276735,010285c32a2c989b1f1c54bb02ade8701de1196260979307b486f378b9611c90
aihub,train,1,Training/01.원천데이터/TS_아토피_정면/H1_277083_P2_L0.png,H1_277083_P2_L0.png,H1_277083,da209eece8d91267abc94d697a5a93de94954181ab5ceee3c4582fbd3c55f51f
aihub,train,1,Training/01.원천데이터/TS_아토피_정면/H1_277812_P1_L0.png,H1_277812_P1_L0.png,H1_277812,c164fcc6afe94e35ab5b6e11406a8df19fc251e9ba2fba7a3e1b822b9c9f06c2
aihub,train,1,Training/01.원천데이터/TS_아토피_정면/H1_277812_P2_L0.png,H1_277812_P2_L0.png,H1_277812,347c26a6aedb3fcb57659f94ddbd365a859648bf2d7668603cbdcccdba9adbd1
aihub,train,1,Training/01.원천데이터/TS_아토피_정면/H1_277943_P5_L0.png,H1_277943_P5_L0.png,H1_277943,7986ca376d2d38cd098204f0251740e0448a6054b1d873bcee308492de269391
aihub,train,1,Training/01.원천데이터/TS_아토피_정면/H1_280450_P10_L0.png,H1_280450_P10_L0.png,H1_280450,746b9b1ad35f54299268dc6c245c0d2dc001bcde57ace8f035c317669a6a45f6
aihub,train,1,Training/01.원천데이터/TS_아토피_정면/H1_280450_P12_L0.png,H1_280450_P12_L0.png,H1_280450,7b0defbe9ac50a888ddf1553cd8fee7c588a6919159bcda995ec5636fe0168a8
aihub,train,1,Training/01.원천데이터/TS_아토피_정면/H1_280687_P12_L0.png,H1_280687_P12_L0.png,H1_280687,00c310a557229262febd0adaf316542f83683748c4daef205e75861e67590e0c
aihub,train,1,Training/01.원천데이터/TS_아토피_정면/H1_280739_P18_L0.png,H1_280739_P18_L0.png,H1_280739,1f0f5d3769132a6648b0c714fb8672b802e65f4f1c79fe7db2e3da7dfc2ebdec
aihub,train,1,Training/01.원천데이터/TS_아토피_정면/H1_280911_P4_L0.png,H1_280911_P4_L0.png,H1_280911,11e091226c04e476e93aaa8eb4ed056f6044a4747a0df653ff56334e74975151
aihub,train,1,Training/01.원천데이터/TS_아토피_정면/H1_281474_P3_L0.png,H1_281474_P3_L0.png,H1_281474,6b7c21742f29994d1c358eb1d30e9ef1abeafa9a6a6562070c362428f1dcf37a
aihub,train,1,Training/01.원천데이터/TS_아토피_정면/H1_283144_P2_L0.png,H1_283144_P2_L0.png,H1_283144,f1720d377613269023c6ada4718bb5ff064f5a8aff5e58761648026d0a3e51c8
aihub,train,1,Training/01.원천데이터/TS_아토피_정면/H1_283529_P1_L0.png,H1_283529_P1_L0.png,H1_283529,59172fb670f4a6725666adf9073d08e089c8362874089c21b4ac4bc260e07e68
aihub,train,1,Training/01.원천데이터/TS_아토피_정면/H1_283704_P1_L0.png,H1_283704_P1_L0.png,H1_283704,ae3030e090715f0bb321564f1e37a67b3d87b99c587b5679f920b5da169f60d5
aihub,train,1,Training/01.원천데이터/TS_아토피_정면/H1_285340_P1_L0.png,H1_285340_P1_L0.png,H1_285340,1e92bbe9513f5ade039bc4a09070684670e96c7549a420327559f9219ae2488d
aihub,train,1,Training/01.원천데이터/TS_아토피_정면/H1_285340_P2_L0.png,H1_285340_P2_L0.png,H1_285340,02d5ade706ddaa7af9de14c68e54827c94fa35478c0395e1a6db2822cae8eabf
aihub,train,1,Training/01.원천데이터/TS_아토피_정면/H1_285569_P1_L0.png,H1_285569_P1_L0.png,H1_285569,487fa5327eae66951aef81cb90d5fafe3f5a22c7ea760fa3a8cc4625fe77e235
aihub,train,1,Training/01.원천데이터/TS_아토피_정면/H1_285596_P2_L0.png,H1_285596_P2_L0.png,H1_285596,0b397e13572f77fad69ba01b8e67662eae44e2a2a718fbfe88bfc3b24624910c
aihub,train,1,Training/01.원천데이터/TS_아토피_정면/H1_285912_P1_L0.png,H1_285912_P1_L0.png,H1_285912,e445e38e708291fb7568767829d80e40c159eb6ae66268bdbb02a92bdc852838
aihub,train,1,Training/01.원천데이터/TS_아토피_정면/H1_285984_P1_L0.png,H1_285984_P1_L0.png,H1_285984,b65b40de8e641bf17587dd1c6e310f70dce6574da3a0c58fb034a6b1905ff178
aihub,train,1,Training/01.원천데이터/TS_아토피_정면/H1_286037_P1_L0.png,H1_286037_P1_L0.png,H1_286037,f7b038793cac6d54dfa792f974b6ccc14c4a853fdd295c80742b2dff117316b4
aihub,train,1,Training/01.원천데이터/TS_아토피_정면/H1_286076_P1_L0.png,H1_286076_P1_L0.png,H1_286076,ff40f6ea1e84c61dccc2c5217da73ab4b72e622065c8327bcabffe842f0e2608
aihub,train,1,Training/01.원천데이터/TS_아토피_정면/H1_286395_P1_L0.png,H1_286395_P1_L0.png,H1_286395,6917c3d3155f44dbdc98afbef6ab8605a81c3c2d8faba73553183b0e71a91e7f
aihub,train,1,Training/01.원천데이터/TS_아토피_정면/H1_286431_P1_L0.png,H1_286431_P1_L0.png,H1_286431,90f42685bda394c6cd4f8bba186250214e370af038b16943388c834e4ffde1e9
aihub,train,1,Training/01.원천데이터/TS_아토피_정면/H1_286431_P6_L0.png,H1_286431_P6_L0.png,H1_286431,31b41692260b4d1703a39ef287354682e77bf1af6524b0e00a0662a4f49c583e
aihub,train,1,Training/01.원천데이터/TS_아토피_정면/H1_287196_P26_L0.png,H1_287196_P26_L0.png,H1_287196,c35fb3bdbaf3a6179ca897434e1a30b490496a860ddf41f30c547458e864fbce
aihub,train,1,Training/01.원천데이터/TS_아토피_정면/H1_291388_P1_L0.png,H1_291388_P1_L0.png,H1_291388,0da30924313e3ea819cbded91c5d09aa490a3633890e0cf4975217c443a3d97f
aihub,train,1,Training/01.원천데이터/TS_아토피_정면/H1_292064_P1_L0.png,H1_292064_P1_L0.png,H1_292064,45cdccefa15ed755ffddd412f9283a81b3a96139dc68d50123bf7cd926474e82
aihub,train,1,Training/01.원천데이터/TS_아토피_정면/H1_292064_P2_L0.png,H1_292064_P2_L0.png,H1_292064,e6aa9db83492966bcf860c5743288ae726b2cead2050e030ea7143ed9ed6e1ae
aihub,train,1,Training/01.원천데이터/TS_아토피_정면/H1_292531_P1_L0.png,H1_292531_P1_L0.png,H1_292531,439e2afc5739e329a703e1c0b4a1c009fbae4238662886cf6c516a2588ef1017
aihub,train,1,Training/01.원천데이터/TS_아토피_정면/H1_292667_P1_L0.png,H1_292667_P1_L0.png,H1_292667,2a582a23b97ab228ea0f25dccac3b3dcf8633087ea15e763cc8ddf998f6e5f25
aihub,train,1,Training/01.원천데이터/TS_아토피_정면/H1_292948_P1_L0.png,H1_292948_P1_L0.png,H1_292948,ae1605d713bfb49c95c2d869b9feee266bc2a89151b48750d4d7b01df5d96680
aihub,train,1,Training/01.원천데이터/TS_아토피_정면/H1_293019_P1_L0.png,H1_293019_P1_L0.png,H1_293019,3987163299d9cfb3c0147b34a17664aa7c89fee23b0fd2d9d505ee3a52e45b33
aihub,train,1,Training/01.원천데이터/TS_아토피_정면/H1_293634_P1_L0.png,H1_293634_P1_L0.png,H1_293634,5a804ca55418875f958777a2e848bb775fa0a957cafae2bd708803b2bedded19
aihub,train,1,Training/01.원천데이터/TS_아토피_정면/H1_293849_P1_L0.png,H1_293849_P1_L0.png,H1_293849,2fa346a2a9f9328450105703b60cdfdc8a01725c0b190a3d709008149e779d1c
aihub,train,1,Training/01.원천데이터/TS_아토피_정면/H1_297103_P1_L0.png,H1_297103_P1_L0.png,H1_297103,bdd60662d9ad38218711d7dae32016bca28506b6063f7052a6949a0702756dd6
aihub,train,1,Training/01.원천데이터/TS_아토피_정면/H1_297825_P1_L0.png,H1_297825_P1_L0.png,H1_297825,c209d31d74b6218edf8b9f735c016d838c20ef1655cb03f84bd5d2dc99fd05f9
aihub,train,1,Training/01.원천데이터/TS_아토피_정면/H1_298292_P1_L0.png,H1_298292_P1_L0.png,H1_298292,67857ac0a4e135354131df3848be5347e655c377a672695092cfc858ea6bc77d
aihub,train,1,Training/01.원천데이터/TS_아토피_정면/H1_300996_P1_L0.png,H1_300996_P1_L0.png,H1_300996,5053a095a75f0500c3e4ece051e96c39a501507a59d5ce43411caa79510ba5da
aihub,train,1,Training/01.원천데이터/TS_아토피_정면/H1_312582_P1_L0.png,H1_312582_P1_L0.png,H1_312582,0df7dba1c8581161068be978bf7ecd7c032b9e1e78a980314cb9f874a0f80564
aihub,train,1,Training/01.원천데이터/TS_아토피_정면/H1_313590_P4_L0.png,H1_313590_P4_L0.png,H1_313590,6a45bcfaf86c4cc436c3037e6ab4cd425637c449e24eb1a7fba2bd5c97bca1b0
aihub,train,1,Training/01.원천데이터/TS_아토피_정면/H1_313726_P19_L0.png,H1_313726_P19_L0.png,H1_313726,7907c88a401e3bc4b15920b2879bc4f438b6a2b26dd4d525e3954a5c07d65520
aihub,train,1,Training/01.원천데이터/TS_아토피_정면/H1_313729_P2_L0.png,H1_313729_P2_L0.png,H1_313729,86d67045744519cc9968399e93deacfc7b94a7dc85990fab053280cdc9ab5611
aihub,train,1,Training/01.원천데이터/TS_아토피_정면/H1_313729_P4_L0.png,H1_313729_P4_L0.png,H1_313729,066db73f1b3d069890f5478c4adb5c09af2dd0d1363eb565543c04a598579e71
aihub,train,1,Training/01.원천데이터/TS_아토피_정면/H1_313833_P1_L0.png,H1_313833_P1_L0.png,H1_313833,acb418ca2be1eee7da5fac41bab847c7a2856932fadc4002ff93a53ba46dcbd5
aihub,train,1,Training/01.원천데이터/TS_아토피_정면/H1_313858_P15_L0.png,H1_313858_P15_L0.png,H1_313858,f8e07c9beec4d6c25eeeb20c0b551fc58b5482bea359c7fbcdede3704478f89f
aihub,train,1,Training/01.원천데이터/TS_아토피_정면/H1_313938_P4_L0.png,H1_313938_P4_L0.png,H1_313938,a68cddcdc36a3b089ab02921e9329c99b0ef817b168a4365d9acada6d6141671
aihub,train,1,Training/01.원천데이터/TS_아토피_정면/H1_313938_P7_L0.png,H1_313938_P7_L0.png,H1_313938,bd15eb85855a8ea86d22c09509af6eadc9cdc7ab6bbd5d13acea73b33f543b3d
aihub,train,1,Training/01.원천데이터/TS_아토피_정면/H1_314165_P1_L0.png,H1_314165_P1_L0.png,H1_314165,50ebd3244805593b13d62ae97b0ddcd912b876f185220f0050aa442a7a0de371
aihub,train,1,Training/01.원천데이터/TS_아토피_정면/H1_314165_P2_L0.png,H1_314165_P2_L0.png,H1_314165,dc2290faf78fe76894ea70fc8237a04bd916ec7849dc0b4dae0c688adee7cac9
aihub,train,1,Training/01.원천데이터/TS_아토피_정면/H1_314233_P1_L0.png,H1_314233_P1_L0.png,H1_314233,8fce06409844452e392d09bb79904b76accb52310c6cf865f2c409dc0d492153
aihub,train,1,Training/01.원천데이터/TS_아토피_정면/H1_314246_P1_L0.png,H1_314246_P1_L0.png,H1_314246,67743368dfef7a0639c4470b9521ddbf5a1df70810ced3d75d0196797713367e
aihub,train,1,Training/01.원천데이터/TS_아토피_정면/H1_314246_P2_L0.png,H1_314246_P2_L0.png,H1_314246,8c8e0da7e0a16861c109d846ddda3950503aafdbabe64f2bb7069f39f5306e39
aihub,train,1,Training/01.원천데이터/TS_아토피_정면/H1_314493_P13_L0.png,H1_314493_P13_L0.png,H1_314493,2476857db5f3e6268e8b419e35a517ba131ee40fb98e412d6e53771e0997549f
aihub,train,1,Training/01.원천데이터/TS_아토피_정면/H1_314951_P3_L0.png,H1_314951_P3_L0.png,H1_314951,e5c16efdc4402fa58c74e1af631cd5df235258c92dd844dedb2e868fdccfeb1e
aihub,train,1,Training/01.원천데이터/TS_아토피_정면/H1_315134_P2_L0.png,H1_315134_P2_L0.png,H1_315134,6947e6d1a6bbebbfe84321d50dd39ae07d958ff23e1c62113e19c81cf64a89a7
aihub,train,1,Training/01.원천데이터/TS_아토피_정면/H1_315134_P3_L0.png,H1_315134_P3_L0.png,H1_315134,76def19119cbf03504ad23f2aa9e9809279b39c7a4f1ab749cbc5035773a701a
aihub,train,1,Training/01.원천데이터/TS_아토피_정면/H1_315460_P3_L0.png,H1_315460_P3_L0.png,H1_315460,c9ca96f85a536b6d592a491235deb735988b34720bc23adbf15718d616ff578a
aihub,train,1,Training/01.원천데이터/TS_아토피_정면/H1_315631_P2_L0.png,H1_315631_P2_L0.png,H1_315631,10ad29d6d787fff033577d7e8159a6c17365f04c4d311884bc1722c0bba0824d
aihub,train,1,Training/01.원천데이터/TS_아토피_정면/H1_316087_P2_L0.png,H1_316087_P2_L0.png,H1_316087,a4585139668bd0c90c915b37c8b2163eabfb68ed54d949ce2bf01cd6c9f0787b
aihub,train,1,Training/01.원천데이터/TS_아토피_정면/H1_316119_P2_L0.png,H1_316119_P2_L0.png,H1_316119,91a5ad5c5a2672cbc46d6f4259a24bce4661c27820033402d7de3675d4d9cc83
aihub,train,1,Training/01.원천데이터/TS_아토피_정면/H1_316119_P3_L0.png,H1_316119_P3_L0.png,H1_316119,cfe7af7e4b79aa30dae9776b8dcd4c6b3cf1548c057413af11c0fed05465157a
aihub,train,1,Training/01.원천데이터/TS_아토피_정면/H1_316124_P2_L0.png,H1_316124_P2_L0.png,H1_316124,9d8a1df9d3add8703ff3a4c45650b02349433fc40f2923f3c4dbd4b0725ab333
aihub,train,1,Training/01.원천데이터/TS_아토피_정면/H1_316124_P3_L0.png,H1_316124_P3_L0.png,H1_316124,f222d13d2b6734f7b4839f14cda6572dec9ba77a026e5f2321a2254c21b8f93b
aihub,train,1,Training/01.원천데이터/TS_아토피_정면/H1_316749_P3_L0.png,H1_316749_P3_L0.png,H1_316749,9878b63c670838a3fb92ca1920abb21ca9b6769be4c90a512e5ca8bef8eacb5d
aihub,train,1,Training/01.원천데이터/TS_아토피_정면/H1_317575_P3_L0.png,H1_317575_P3_L0.png,H1_317575,7d33962d7ea8233b99c5060c1a40a1d7b504081dabc738aad232f6d8572b2160
aihub,train,1,Training/01.원천데이터/TS_아토피_정면/H1_318002_P1_L0.png,H1_318002_P1_L0.png,H1_318002,7751ecb32189d90978d021e36178db0aa7ce69c555b5af79cd43a316b1e8d505
aihub,train,1,Training/01.원천데이터/TS_아토피_정면/H1_322637_P1_L0.png,H1_322637_P1_L0.png,H1_322637,45c27be6379d6da6b5ad514b54334f9df18fa1720245c519a7c9795be1e37be4
aihub,train,1,Training/01.원천데이터/TS_아토피_정면/H1_322637_P1_L1.png,H1_322637_P1_L1.png,H1_322637,6cf41e2f13606bc5a41f661ac0f43dbf896b366be5c51f7242a45d0c2568eef6
aihub,train,1,Training/01.원천데이터/TS_아토피_정면/H1_322742_P1_L0.png,H1_322742_P1_L0.png,H1_322742,2de1ff284801023482775286f605ff3a5350ef6719883a1a87d7ce77b5ccafa6
aihub,train,1,Training/01.원천데이터/TS_아토피_정면/H1_323192_P9_L0.png,H1_323192_P9_L0.png,H1_323192,07f09a74b3beb0a4083fb363b66ca15c444d337d642687778bb48a19fabbe443
aihub,train,1,Training/01.원천데이터/TS_아토피_정면/H1_323198_P1_L0.png,H1_323198_P1_L0.png,H1_323198,155bc03bbcb0b6a96a5ef674a44782f3d9b16e3230337d90aedccc3929513aa9
aihub,train,1,Training/01.원천데이터/TS_아토피_정면/H1_323526_P1_L0.png,H1_323526_P1_L0.png,H1_323526,3e910972ec22729789e834ee74a12328c8ae93577c4ae7796f2175c4530be41f
aihub,train,1,Training/01.원천데이터/TS_아토피_정면/H1_324699_P1_L0.png,H1_324699_P1_L0.png,H1_324699,c8463789aa125d2978902d7cf2a2d8ea03815f3494a3a46b66b662fc11a34102
aihub,train,1,Training/01.원천데이터/TS_아토피_정면/H1_324707_P1_L0.png,H1_324707_P1_L0.png,H1_324707,f96730464abcdcb920e0c19d240c65eed4f97e8aca866ce2e6d0df8f09b9bc72
aihub,train,1,Training/01.원천데이터/TS_아토피_정면/H1_324707_P2_L0.png,H1_324707_P2_L0.png,H1_324707,362f48a3300e9780018746c8e8ce129a9f61295cae1a3aee3db78ca2212ff78d
aihub,train,1,Training/01.원천데이터/TS_아토피_정면/H1_324810_P1_L0.png,H1_324810_P1_L0.png,H1_324810,af36031576f94be14ba5ef96fa59a27dd4c5654f9cf958973991e1f47eada10d
aihub,train,1,Training/01.원천데이터/TS_아토피_정면/H1_324810_P2_L0.png,H1_324810_P2_L0.png,H1_324810,aa28444a4c4402fc6e23e6d7c2c834b64860b22a43f507db15babdde28e7d4fe
aihub,train,1,Training/01.원천데이터/TS_아토피_정면/H1_326186_P4_L0.png,H1_326186_P4_L0.png,H1_326186,064e476c68d49af17536a4c62ba2a0065b7f614c5a4ff710f823121f4b92669c
aihub,train,1,Training/01.원천데이터/TS_아토피_정면/H1_326819_P2_L0.png,H1_326819_P2_L0.png,H1_326819,c4606e0bbbfce16793b1d3cf76cbdb638b3bc02984b4e90ccec74b217f713221
aihub,train,1,Training/01.원천데이터/TS_아토피_정면/H1_327019_P4_L0.png,H1_327019_P4_L0.png,H1_327019,ffb5c69e6dfe2ceba74c3d28393c13666ea08417eda299a9cbd62eb354670eb3
aihub,train,1,Training/01.원천데이터/TS_아토피_정면/H1_327036_P2_L0.png,H1_327036_P2_L0.png,H1_327036,aff862608b5eaf1e2790da59d8cc9c2c35b7c70b4c8e5809e1ece3b557293322
aihub,train,1,Training/01.원천데이터/TS_아토피_정면/H1_327372_P1_L0.png,H1_327372_P1_L0.png,H1_327372,24f09c1151870f85f47c667331074b4b7f443f5183f0a861f836d49256ce2e2d
aihub,train,1,Training/01.원천데이터/TS_아토피_정면/H1_327372_P3_L0.png,H1_327372_P3_L0.png,H1_327372,cea6ce543fde47b763a7c6b9ad146482f230a235539029966f87878bef7e776d
aihub,train,1,Training/01.원천데이터/TS_아토피_정면/H1_327427_P1_L0.png,H1_327427_P1_L0.png,H1_327427,52e18f277e60ed2bb18c37a6b900ff13e6b262fbe0262e3d3d2431f3a21d8de1
aihub,train,1,Training/01.원천데이터/TS_아토피_정면/H1_327581_P1_L0.png,H1_327581_P1_L0.png,H1_327581,6aa9ab0ae6cf1b604358525468c529f9fca0ad97a120527cd61f8c7c0f990527
aihub,train,1,Training/01.원천데이터/TS_아토피_정면/H1_327581_P3_L0.png,H1_327581_P3_L0.png,H1_327581,4c19141f4bf0fd34f3199b26ba9bc6ddbc1848eaa5ac90e3e08f9cc897193a57
aihub,train,1,Training/01.원천데이터/TS_아토피_정면/H1_327682_P2_L0.png,H1_327682_P2_L0.png,H1_327682,b69418d952e899d0778af564d726f18c59c12271559f932bc5cb79d82d77aa89
aihub,train,1,Training/01.원천데이터/TS_아토피_정면/H1_327771_P4_L0.png,H1_327771_P4_L0.png,H1_327771,4e2fdd0c6da76c6e74bd30dfb3abc8adca44aaa4aa5a4a59279ddd41c9d3fe4c
aihub,train,1,Training/01.원천데이터/TS_아토피_정면/H1_328217_P1_L0.png,H1_328217_P1_L0.png,H1_328217,26b5f4ebf88c648a254e3573174e4a0ea59e146c8d874e892ab371e233919942
aihub,train,1,Training/01.원천데이터/TS_아토피_정면/H1_328252_P2_L0.png,H1_328252_P2_L0.png,H1_328252,118042e778caaaea25a210d669de0d5833a835abbd96f1428a433b8ebd57318c
aihub,train,1,Training/01.원천데이터/TS_아토피_정면/H1_328252_P2_L1.png,H1_328252_P2_L1.png,H1_328252,be1f6696e9098f1434550f8250adc45e16c3cf48e125fab44581dcac803c6326
aihub,train,1,Training/01.원천데이터/TS_아토피_정면/H1_328253_P55_L0.png,H1_328253_P55_L0.png,H1_328253,8a95f67edb55971834fc89143d60f1966086dd7f87b60d316e7bb8d0a40e2483
aihub,train,1,Training/01.원천데이터/TS_아토피_정면/H1_328373_P3_L0.png,H1_328373_P3_L0.png,H1_328373,bce95ac115ea1bf1d7baea561ef87e90ed9cfcf64304585d8fb3c00a4907875f
aihub,train,1,Training/01.원천데이터/TS_아토피_정면/H1_328373_P4_L0.png,H1_328373_P4_L0.png,H1_328373,91dc08b5afdd9d2f4120c56aa89af17632dbf8c6844e5e56d891b32151d43b30
aihub,train,1,Training/01.원천데이터/TS_아토피_정면/H1_328592_P1_L0.png,H1_328592_P1_L0.png,H1_328592,67b7d137210eb2d525577230223fcf621906abb35342170c7158cb69261e3ff1
aihub,train,1,Training/01.원천데이터/TS_아토피_정면/H1_328592_P1_L1.png,H1_328592_P1_L1.png,H1_328592,266296959a56ebeca64e59750f6cf5283c7ae2b034e156877b3ed99e72718525
aihub,train,1,Training/01.원천데이터/TS_아토피_정면/H1_328652_P1_L0.png,H1_328652_P1_L0.png,H1_328652,010eddf1657401f7e26bb3dd11103b21cb83c0b39649b9155249c1af3a5ad549
aihub,train,1,Training/01.원천데이터/TS_아토피_정면/H1_328783_P1_L0.png,H1_328783_P1_L0.png,H1_328783,948babf0014f80c02ced7600d7ff1c59ef1fe8c743e418b3dede283bf6b9121e
aihub,train,1,Training/01.원천데이터/TS_아토피_정면/H1_328783_P2_L0.png,H1_328783_P2_L0.png,H1_328783,58e1babb92a481f8f6a10f5be5682859c0978dfc3f34d04d479d108856ac7f61
aihub,train,1,Training/01.원천데이터/TS_아토피_정면/H1_328876_P1_L0.png,H1_328876_P1_L0.png,H1_328876,2c2143de7f8005a90e67d002eabd52e65f76d69555bb769fa9f0ec66b7ba6a42
aihub,train,1,Training/01.원천데이터/TS_아토피_정면/H1_349004_P1_L0.png,H1_349004_P1_L0.png,H1_349004,71e15c9135eecce20bfa4b3d29858ba00489e66f9d4a21652825fbb8753f8d5c
aihub,train,1,Training/01.원천데이터/TS_아토피_정면/H1_353550_P1_L0.png,H1_353550_P1_L0.png,H1_353550,bc8580d5018885ac927be27868d06198752eee0a21d4faa39c42ba22e39ac704
aihub,train,1,Training/01.원천데이터/TS_아토피_정면/H1_353550_P1_L1.png,H1_353550_P1_L1.png,H1_353550,6413d0a0de3d7c5908a72ea02e12e75dc609b9aed1733a9b55b1c1e7305f7e8a
aihub,train,1,Training/01.원천데이터/TS_아토피_정면/H1_353552_P9_L0.png,H1_353552_P9_L0.png,H1_353552,75779c6ecb91397a5b84f7f09bd3172bd7296642ad75607be781d4ce563e3084
aihub,train,1,Training/01.원천데이터/TS_아토피_정면/H1_353555_P1_L1.png,H1_353555_P1_L1.png,H1_353555,9947f39e9e5adc8d1cee7637a8d1426b304e5bef05d579e32d72c46960643b44
aihub,train,1,Training/01.원천데이터/TS_아토피_정면/H1_353561_P1_L0.png,H1_353561_P1_L0.png,H1_353561,73137d7c92aa854162e687ee58378c89e9f68678b4e629700e7ec58ccc607338
aihub,train,1,Training/01.원천데이터/TS_아토피_정면/H1_353561_P8_L0.png,H1_353561_P8_L0.png,H1_353561,62d5cd034cee9241fadba0101d6faefa8656603a5b9384c6c938e71315dd0916
aihub,train,1,Training/01.원천데이터/TS_아토피_정면/H1_353564_P12_L0.png,H1_353564_P12_L0.png,H1_353564,a188e30a5ca71c51fde0f5eebbbc435ddcf59f8253bb09069465cdee5860a740
aihub,train,1,Training/01.원천데이터/TS_아토피_정면/H1_353566_P2_L0.png,H1_353566_P2_L0.png,H1_353566,b2fa02f366396c091aa8ccdde13a739cc316dfc10732763c6a6375f3d13e335c
aihub,train,1,Training/01.원천데이터/TS_아토피_정면/H1_369966_P1_L0.png,H1_369966_P1_L0.png,H1_369966,3ad90d69b9f74dbe0dde3b2d3ed5c0f0010804b0ca9221aadadef8086d449c88
aihub,train,1,Training/01.원천데이터/TS_아토피_정면/H1_369966_P1_L1.png,H1_369966_P1_L1.png,H1_369966,f6eeca24521f6b20a9560f86ab25de1b48aa6e87ea62c37f8dbf00fc35d24720
aihub,train,1,Training/01.원천데이터/TS_아토피_정면/H1_369966_P2_L0.png,H1_369966_P2_L0.png,H1_369966,a14101b3672c8a5e205d2e1c4d2afd4b2656d91d28a4d168ba8a205e188f10ac
aihub,train,1,Training/01.원천데이터/TS_아토피_정면/H1_369969_P12_L0.png,H1_369969_P12_L0.png,H1_369969,ef9f5304ec60abb758f36a0b8bf0a97fb48e8bb732669ac47861c5cb70298b09
aihub,train,1,Training/01.원천데이터/TS_아토피_정면/H1_369973_P4_L0.png,H1_369973_P4_L0.png,H1_369973,4f19a6164100cf097f788ffe3301c55ee206e6fa83dd5522ddbc5a8e60430cdd
aihub,train,1,Training/01.원천데이터/TS_아토피_정면/H1_369976_P11_L0.png,H1_369976_P11_L0.png,H1_369976,035e540b3f3b72069bb59c2f4680835be72704a994388db2087c52d02b55ca0e
aihub,train,1,Training/01.원천데이터/TS_아토피_정면/H1_369976_P11_L1.png,H1_369976_P11_L1.png,H1_369976,193b5623755f251a0a6b6248d8fdd4936e8b2affd50520b1a25a1ab3ce845372
aihub,train,1,Training/01.원천데이터/TS_아토피_정면/H1_369978_P3_L1.png,H1_369978_P3_L1.png,H1_369978,7675ab4fb717c0977741ffb6bd5c9cbbaa83441fbe9ab7b756694a8788b371cc
aihub,train,1,Training/01.원천데이터/TS_아토피_정면/H1_370094_P15_L0.png,H1_370094_P15_L0.png,H1_370094,230660c4001991c122bc84fbf2943b41439a10e27342fdd8ccdd8f54aab79ad5
aihub,train,1,Training/01.원천데이터/TS_아토피_정면/H1_370098_P1_L0.png,H1_370098_P1_L0.png,H1_370098,826858af0a00fcfc76dc3acd6a28c4c136fc864ac364999add4f519b53d4c5a5
aihub,train,1,Training/01.원천데이터/TS_아토피_정면/H1_371448_P4_L0.png,H1_371448_P4_L0.png,H1_371448,e864ffafb6e9e36ec8403b8d4d769213fb1c1a9e91b4a82c7bbcefceaa1c846d
aihub,train,1,Training/01.원천데이터/TS_아토피_정면/H1_371645_P1_L0.png,H1_371645_P1_L0.png,H1_371645,c3efc131b2a561c448cae343bcb8ff768afbfb34511db696d6e8b26cf280a6b6
aihub,train,1,Training/01.원천데이터/TS_아토피_정면/H1_371722_P8_L0.png,H1_371722_P8_L0.png,H1_371722,2b1c1b5349141a2c5c8a9bd3c73f1832739a4830155615cd50694d4f5f50b0a5
aihub,train,1,Training/01.원천데이터/TS_아토피_정면/H1_372837_P9_L0.png,H1_372837_P9_L0.png,H1_372837,8ca673ca07af0889177b5df285c61fcef0b831fdf7d792c75eab1373b209d209
aihub,train,1,Training/01.원천데이터/TS_아토피_정면/H1_374710_P1_L0.png,H1_374710_P1_L0.png,H1_374710,3a9c3ebc51530a28daeb0bd8037c4ddc5599d43690c57dd87b1fce228d9b3dd1
aihub,train,1,Training/01.원천데이터/TS_아토피_정면/H1_375248_P1_L1.png,H1_375248_P1_L1.png,H1_375248,22063945be56e9138d74ea81d674307f884bce73d55a3b42300d7a998353d860
aihub,train,1,Training/01.원천데이터/TS_아토피_정면/H1_375531_P1_L0.png,H1_375531_P1_L0.png,H1_375531,cab7cde8c8b89d7c31d8a7c1d7751cda67fbbff0ce8a7093294d5336fcd2f390
aihub,train,1,Training/01.원천데이터/TS_아토피_정면/H1_375585_P1_L1.png,H1_375585_P1_L1.png,H1_375585,a3cd7993e443584f98682d0c14d75b744aa5c596e8eaf4adebfb14a5961bf994
aihub,train,1,Training/01.원천데이터/TS_아토피_정면/H1_375717_P1_L1.png,H1_375717_P1_L1.png,H1_375717,115b80ff62facd58eb42ec46923cca1f3dd6598eefc0441d316c284398c93fb8
aihub,train,1,Training/01.원천데이터/TS_아토피_정면/H1_376628_P1_L0.png,H1_376628_P1_L0.png,H1_376628,0da2ce2b2579d1be90d0ed6635c24362c2489e1f415e1d4621a8b827805fe4a0
aihub,train,1,Training/01.원천데이터/TS_아토피_정면/H1_380301_P1_L0.png,H1_380301_P1_L0.png,H1_380301,2b9d16fd3833f7b7e4a828c8c2236b8e62a6c427c4dc81941b5ac10ab518a247
aihub,train,1,Training/01.원천데이터/TS_아토피_정면/H1_380844_P2_L0.png,H1_380844_P2_L0.png,H1_380844,69683ddfa97edf9b5bfbc7a35a909e22655541bec24f4c82b41a58a2e911636b
aihub,train,1,Training/01.원천데이터/TS_아토피_정면/H1_381130_P1_L0.png,H1_381130_P1_L0.png,H1_381130,58c1357e6376992cb9ae4554ef5bc032ee62fcf4ed34aa815e46341781ab3efc
aihub,train,1,Training/01.원천데이터/TS_아토피_정면/H1_381942_P2_L0.png,H1_381942_P2_L0.png,H1_381942,5d2e9641f69a8643100df7732cf1315d09a34a4d3bc95fd3a48397ee86c35cd1
aihub,train,1,Training/01.원천데이터/TS_아토피_정면/H1_381942_P3_L0.png,H1_381942_P3_L0.png,H1_381942,402e5ae7cbf8f6ff407c7cb52e857bae5907f471782bd29c4c45f239d1dc3ac4
aihub,train,1,Training/01.원천데이터/TS_아토피_정면/H1_382443_P1_L0.png,H1_382443_P1_L0.png,H1_382443,f94d6d7e853e3fd1b1ca9042ada06dc085fed9c2ded61fcfbe25452bcaa17eca
aihub,train,1,Training/01.원천데이터/TS_아토피_정면/H1_382443_P2_L0.png,H1_382443_P2_L0.png,H1_382443,3a45aa35718897b39a8c7f5363f97b1ccebdb6a81d379b1d31c98427fc5c0df7
aihub,train,1,Training/01.원천데이터/TS_아토피_정면/H1_382830_P1_L0.png,H1_382830_P1_L0.png,H1_382830,831d6659472346410499d2e18aecefcf316f04227cad47284b5e25b153183547
aihub,train,1,Training/01.원천데이터/TS_아토피_정면/H1_383042_P1_L0.png,H1_383042_P1_L0.png,H1_383042,113bf28a7d4531bd63642cf1ec1c901ae2291d2867aad3d4239023ff3b576e0c
aihub,train,1,Training/01.원천데이터/TS_아토피_정면/H1_383042_P2_L0.png,H1_383042_P2_L0.png,H1_383042,503f0214086578e8424513a58eb4b695c0c3850ed339ca94ca55aebec65e037e
aihub,train,1,Training/01.원천데이터/TS_아토피_정면/H1_383108_P1_L0.png,H1_383108_P1_L0.png,H1_383108,ee690f9d00ae05e5de1564f12ab367982bda4d9ecf314e16eb409df68350187e
aihub,train,1,Training/01.원천데이터/TS_아토피_정면/H1_384784_P7_L0.png,H1_384784_P7_L0.png,H1_384784,aa181d58c15eb09bbc3d40efbfd292c37b2abf7afd42317be03a6e8b373740d9
aihub,train,1,Training/01.원천데이터/TS_아토피_정면/H1_384784_P8_L0.png,H1_384784_P8_L0.png,H1_384784,453de9a6953d0cb683c7f069c61864d0df2d051b5122e6fb870e4c7c2bd4d09d
aihub,train,1,Training/01.원천데이터/TS_아토피_정면/H1_385953_P2_L0.png,H1_385953_P2_L0.png,H1_385953,18f3c5ad9e5974a8c2e4548d14593b2c331babc9e3653dc610194b5c064b7604
aihub,train,1,Training/01.원천데이터/TS_아토피_정면/H1_386654_P1_L0.png,H1_386654_P1_L0.png,H1_386654,53e6d668221c378b2fce85fa0440835ee325664c3b408f0dc9465a375969722f
aihub,train,1,Training/01.원천데이터/TS_아토피_정면/H1_387249_P1_L0.png,H1_387249_P1_L0.png,H1_387249,95c37e8f38f08838a7768ed5369d2260de82209d58fef96fa82d461909f9ad74
aihub,train,1,Training/01.원천데이터/TS_아토피_정면/H1_387249_P2_L0.png,H1_387249_P2_L0.png,H1_387249,35e82afc927bdfa42df4a019dec0b34ac762225ed061e4a4cfc1db46ce9bdc1a
aihub,train,1,Training/01.원천데이터/TS_아토피_정면/H1_387570_P1_L0.png,H1_387570_P1_L0.png,H1_387570,64caa27659825cc89064d8d642e894c2529d2ff71474e1a4946897ee8e41c1fa
aihub,train,1,Training/01.원천데이터/TS_아토피_정면/H1_387570_P2_L0.png,H1_387570_P2_L0.png,H1_387570,069a92c79b846456cec343a35e91cc1abd0ef9877a7ab3d225d39d735f293209
aihub,train,1,Training/01.원천데이터/TS_아토피_정면/H1_390388_P1_L0.png,H1_390388_P1_L0.png,H1_390388,79f7500814fd59917d78ec701355d96443fd651ab3e2fef773ff66988e5087fa
aihub,train,1,Training/01.원천데이터/TS_아토피_정면/H1_390815_P1_L0.png,H1_390815_P1_L0.png,H1_390815,60e636b496a76ff4826777dae4422bb98dc9f075f75f5148f2a3957a74dc7438
aihub,train,1,Training/01.원천데이터/TS_아토피_정면/H1_391171_P1_L0.png,H1_391171_P1_L0.png,H1_391171,3e3b960e76425a6b43587896ccdb28df2101f34f36a594c00d16cb1405d455a7
aihub,train,1,Training/01.원천데이터/TS_아토피_정면/H1_391171_P2_L0.png,H1_391171_P2_L0.png,H1_391171,fe3053bcaf99844ff2b70c46f7d827ffc5d1077faa70fdde0bf54a00dc9a0d06
aihub,train,1,Training/01.원천데이터/TS_아토피_정면/H1_391545_P1_L0.png,H1_391545_P1_L0.png,H1_391545,2dda0e306962f8d841f108e466a173bdc817d6657744967dfc728dd363bc1a50
aihub,train,1,Training/01.원천데이터/TS_아토피_정면/H1_392066_P1_L0.png,H1_392066_P1_L0.png,H1_392066,17f74e5caf785939f71eea8dee6e68f96697db816aff00e3680b49e5692d93ab
aihub,train,1,Training/01.원천데이터/TS_아토피_정면/H1_392066_P2_L0.png,H1_392066_P2_L0.png,H1_392066,9f248093980fb813d60f332c9e1328cfa66b31bc3a8371415b77c31489ed3461
aihub,train,1,Training/01.원천데이터/TS_아토피_정면/H1_392388_P1_L0.png,H1_392388_P1_L0.png,H1_392388,a5fcb8af586a3a7b0ce72cf797fd7e7c521ee46119f5ef85821babb0d6d85c6b
aihub,train,1,Training/01.원천데이터/TS_아토피_정면/H1_392388_P2_L0.png,H1_392388_P2_L0.png,H1_392388,7bfb2242bb597e3ce1d5e5b3ae12d3f8417853dbd5f50d7547469a717be3183d
aihub,train,1,Training/01.원천데이터/TS_아토피_정면/H1_392998_P1_L0.png,H1_392998_P1_L0.png,H1_392998,208173da7310917c1250baac627d41286cf8c659d2a181d142a69be5fe679181
aihub,train,1,Training/01.원천데이터/TS_아토피_정면/H1_394420_P1_L0.png,H1_394420_P1_L0.png,H1_394420,757227879ef08a784d284efca8ab7a38297397af16f5e475a4e2a5298cd967fb
aihub,train,1,Training/01.원천데이터/TS_아토피_정면/H1_394472_P1_L0.png,H1_394472_P1_L0.png,H1_394472,563e8e923e7f3811dcf3988f0f2a47765f1f8aa7269fc1b5e92df3d181a17bcf
aihub,train,1,Training/01.원천데이터/TS_아토피_정면/H1_394528_P2_L0.png,H1_394528_P2_L0.png,H1_394528,ef37939650f278e3881aec87fd7a7c0d67887681d8d1335a2965574ab148e187
aihub,train,1,Training/01.원천데이터/TS_아토피_정면/H1_394958_P1_L0.png,H1_394958_P1_L0.png,H1_394958,eddbe685725773f9c721d0888df1284e61d1d050d8fda971fae5b7a12795901f
aihub,train,1,Training/01.원천데이터/TS_아토피_정면/H1_395067_P1_L0.png,H1_395067_P1_L0.png,H1_395067,cab3f7623588af2cc41159e9d4f56cbb5e49d8f170e286a752cb87ec7478edf2
aihub,train,1,Training/01.원천데이터/TS_아토피_정면/H1_395457_P1_L0.png,H1_395457_P1_L0.png,H1_395457,9d9799a548d5391df8fa4f187e56d5782e3caaf82b7637cb439cd3b160a59884
aihub,train,1,Training/01.원천데이터/TS_아토피_정면/H1_395457_P1_L2.png,H1_395457_P1_L2.png,H1_395457,f60b872f5e7e6a13012e4927ccf3834973affee53285f84c7abe38cd4e823ec6
aihub,train,1,Training/01.원천데이터/TS_아토피_정면/H1_395678_P2_L0.png,H1_395678_P2_L0.png,H1_395678,3ef6fc99352f74491e21eb26dfd7d19cd535503ae3a5ff4286f6ad0e8b031d4b
aihub,train,1,Training/01.원천데이터/TS_아토피_정면/H1_395896_P1_L0.png,H1_395896_P1_L0.png,H1_395896,906107d67c8dfe635002fcd62c459cfe9aa1413c0fd18614bce8470ffa1e1ce4
aihub,train,1,Training/01.원천데이터/TS_아토피_정면/H1_395978_P1_L0.png,H1_395978_P1_L0.png,H1_395978,20f2b724168d207da4a3376ca35658232550e1f55f0eb79ef31fa91ddfdcebab
aihub,train,1,Training/01.원천데이터/TS_아토피_정면/H1_397282_P1_L0.png,H1_397282_P1_L0.png,H1_397282,5e83785c9abe9d25d37be7eb1d838a17ae2e2a9894bf24e3b2c3b9157654f9f6
aihub,train,1,Training/01.원천데이터/TS_아토피_정면/H1_397416_P1_L0.png,H1_397416_P1_L0.png,H1_397416,024990f6c479686954715602b61b3c306e8aa68d60d21e1c9076dd81b2ea9719
aihub,train,1,Training/01.원천데이터/TS_아토피_정면/H1_397418_P1_L0.png,H1_397418_P1_L0.png,H1_397418,5a20cd9b327cba1bb2cf181b6fa7e2ea93852f3a71343d621c2f2a0b8e6d64f1
aihub,train,1,Training/01.원천데이터/TS_아토피_정면/H1_397439_P1_L0.png,H1_397439_P1_L0.png,H1_397439,6f03ae7e3413148c7289b6bd903f91dc20ab9202e4a886579c297f4a43161109
aihub,train,1,Training/01.원천데이터/TS_아토피_정면/H1_397448_P1_L0.png,H1_397448_P1_L0.png,H1_397448,cf53236ef36d05334a80a4898a33caffb1a9258662421b95c08a91d307515237
aihub,train,1,Training/01.원천데이터/TS_아토피_정면/H1_397450_P1_L0.png,H1_397450_P1_L0.png,H1_397450,d015ba3f8757f176f1c90ddc3e93ef25433abeefc8782b3069faa0b171a5ee19
aihub,train,1,Training/01.원천데이터/TS_아토피_정면/H1_397450_P4_L0.png,H1_397450_P4_L0.png,H1_397450,7cd6000ff2aea3fc8f929ac3cb67be4190229f314188c9f4463dfd082a4b1f6f
aihub,train,1,Training/01.원천데이터/TS_아토피_정면/H1_397458_P1_L0.png,H1_397458_P1_L0.png,H1_397458,c629bfb992f3653694242d9e40b5bf0c2f6f04db88c30399f1fcfc6a3b19f039
aihub,train,1,Training/01.원천데이터/TS_아토피_정면/H1_397463_P1_L0.png,H1_397463_P1_L0.png,H1_397463,b1f8bba50e3a65b5ed8a8dba53ae762469dd09de58c532fea790f1f9105e8bcc
aihub,train,1,Training/01.원천데이터/TS_아토피_정면/H1_397475_P1_L0.png,H1_397475_P1_L0.png,H1_397475,64bb3f894b8df6f3b0b0798d937667c9baa49151451365752824e770960c9a9f
aihub,train,1,Training/01.원천데이터/TS_아토피_정면/H1_397490_P4_L0.png,H1_397490_P4_L0.png,H1_397490,2170b8bd1b62ec8dedc6df2ba803fb76e099e731ff2292e15516681ac2945be0
aihub,train,1,Training/01.원천데이터/TS_아토피_정면/H1_405349_P6_L0.png,H1_405349_P6_L0.png,H1_405349,09607540d10dc551ce9f59583be03ab7832073af11102463a7fd3d9f55a956a2
aihub,train,1,Training/01.원천데이터/TS_아토피_정면/H1_405351_P1_L0.png,H1_405351_P1_L0.png,H1_405351,2e0d66fdc6e6a63bd7cf2790f5e51434cf4e372792b71880402366a6728b8fbd
aihub,train,1,Training/01.원천데이터/TS_아토피_정면/H1_405890_P1_L0.png,H1_405890_P1_L0.png,H1_405890,6d98603c81b93742b3945e7c7f97b0252fd9db0ed918f287371a33be58765de8
aihub,train,1,Training/01.원천데이터/TS_아토피_정면/H1_405894_P1_L0.png,H1_405894_P1_L0.png,H1_405894,ac2c4c69ddbe951b2a1fec7d10bbc50a3c272eeef4127fd21fdbbcc8f82f6719
aihub,train,1,Training/01.원천데이터/TS_아토피_정면/H1_405902_P1_L0.png,H1_405902_P1_L0.png,H1_405902,bef898149b490b4d8e1cb7a93faf6895c461a84341f6ac8fe6f944900b9bca58
aihub,train,1,Training/01.원천데이터/TS_아토피_정면/H1_405905_P3_L0.png,H1_405905_P3_L0.png,H1_405905,3c4e7b753dcdb81349b6692afc1e824bd50df7b827d60dc9d60139e2ea38dfde
aihub,train,1,Training/01.원천데이터/TS_아토피_정면/H1_501952_P4_L0.png,H1_501952_P4_L0.png,H1_501952,3ce10fe352f3c563702602dda0fec66583e8b3a61e4c6038575a6447ae5de5ef
aihub,train,1,Training/01.원천데이터/TS_아토피_정면/H1_97538_P3_L3.png,H1_97538_P3_L3.png,H1_97538,0a84d088e4ff893e788e2cdce83970bdc8deddee16a7ace6ca4ffb5d14500757
aihub,train,1,Training/01.원천데이터/TS_아토피_정면/H1_97546_P1_L2.png,H1_97546_P1_L2.png,H1_97546,987d3645dbcca8c0e36d49840c7c4e3c5fd231b5caa7c4a6c784f3d0cf97f330
aihub,train,1,Training/01.원천데이터/TS_아토피_정면/H1_97547_P14_L4.png,H1_97547_P14_L4.png,H1_97547,31ba62891777991090f4c755c409c66a236bf1abc953996c4b012867051979a3
aihub,train,1,Training/01.원천데이터/TS_아토피_정면/H1_97558_P1_L2.png,H1_97558_P1_L2.png,H1_97558,381640578328db24324d2513d7a843465acda1c25d1136ff184c98c7da61fc0e
aihub,train,1,Training/01.원천데이터/TS_아토피_정면/H1_97559_P2_L3.png,H1_97559_P2_L3.png,H1_97559,d2ff710f667a54b67c2a6442cfb4d715043445cca6969d17b7cfe9eac16f6f40
aihub,train,1,Training/01.원천데이터/TS_아토피_정면/H1_97574_P1_L0.png,H1_97574_P1_L0.png,H1_97574,741add8ad7ec75b911e51f56487607487b2682754956a30e7e8380a8825ebadd
aihub,train,1,Training/01.원천데이터/TS_아토피_정면/H1_97575_P1_L7.png,H1_97575_P1_L7.png,H1_97575,07658f74f6bf11185aad99c78354793acb24ea1182d000ac614bdae675940a6a
aihub,train,1,Training/01.원천데이터/TS_아토피_정면/H1_97579_P1_L2.png,H1_97579_P1_L2.png,H1_97579,6d0a137b8f4af9c04595870438c6d454c745eeafecdc4bf70ceebc06e9c3310f
aihub,train,1,Training/01.원천데이터/TS_아토피_정면/H1_97585_P1_L0.png,H1_97585_P1_L0.png,H1_97585,419667d867e96b065068cff446d4048ab0cdbce6b558e42390c57e08a9057647
aihub,train,1,Training/01.원천데이터/TS_아토피_정면/H1_97588_P1_L0.png,H1_97588_P1_L0.png,H1_97588,9bef6bdb825aa11417544ee84f636a1be72488827d03c56a65e95d19b3c716d4
aihub,train,1,Training/01.원천데이터/TS_아토피_정면/H1_97592_P1_L2.png,H1_97592_P1_L2.png,H1_97592,e730b67b0d6012c4d52e9f904f02e2d8e007b0dc16e5811c3dc1f0c8ca058369
aihub,train,1,Training/01.원천데이터/TS_아토피_정면/H1_97613_P1_L0.png,H1_97613_P1_L0.png,H1_97613,971a36cbd4f13370526e1a19d4f9faa90d21ff858b9c5c7d278f21a86b3b6734
aihub,train,1,Training/01.원천데이터/TS_아토피_정면/H1_97617_P1_L0.png,H1_97617_P1_L0.png,H1_97617,1861ca4df457c109cbb227013fe4cc985d89aeac152f2a0ebf3a8d641e4e15d9
aihub,train,1,Training/01.원천데이터/TS_아토피_정면/H1_97618_P2_L2.png,H1_97618_P2_L2.png,H1_97618,2a957a596c424a457184eb40e120cb6c309c71d7d848c512863ae5e4a2b21ae8
aihub,train,1,Training/01.원천데이터/TS_아토피_정면/H1_97650_P1_L5.png,H1_97650_P1_L5.png,H1_97650,4ae9639e626abdac3d552b70189e4cc2f5f85b5b8d70defe6ecf0f0bb3333329
aihub,train,1,Training/01.원천데이터/TS_아토피_정면/H1_97658_P8_L0.png,H1_97658_P8_L0.png,H1_97658,108e5fe08c1a73bf530da59488c4faa6b650b0ff3c59ea92b7aecad479327de5
aihub,train,1,Training/01.원천데이터/TS_아토피_정면/H1_97660_P1_L4.png,H1_97660_P1_L4.png,H1_97660,e55eaaea9ff471ba9222933d62139fdaa88cb67852be6dba2fe2f588f577178d
aihub,train,1,Training/01.원천데이터/TS_아토피_정면/H1_97684_P8_L1.png,H1_97684_P8_L1.png,H1_97684,1ecca03ad6b300c7cdd9a9ca26f1ae34058d34f28f3f64447b92663c5a52e9e2
aihub,train,1,Training/01.원천데이터/TS_아토피_정면/H1_97700_P1_L0.png,H1_97700_P1_L0.png,H1_97700,006462d2b9b27824222397081950b39b144e92f8f2c261ef08ea8b2f4a981819
aihub,train,1,Training/01.원천데이터/TS_아토피_정면/H1_97701_P15_L0.png,H1_97701_P15_L0.png,H1_97701,94e435c4b8793b7b1b77ff7c738e09b00d244be0f5e516cd48a9a3a8ac53a19a
aihub,train,1,Training/01.원천데이터/TS_아토피_정면/H1_97703_P1_L4.png,H1_97703_P1_L4.png,H1_97703,b6bd6e8d113d2f5bc1145d2fa424c736038cfaa7fcfbb860147b29998a45584d
aihub,train,1,Training/01.원천데이터/TS_아토피_정면/H1_97724_P2_L7.png,H1_97724_P2_L7.png,H1_97724,b7d9936d69a7578fbe843f9128bd8480ae27b6dfc7720b80f8c9ca542163ee63
aihub,train,1,Training/01.원천데이터/TS_아토피_정면/H1_97726_P2_L4.png,H1_97726_P2_L4.png,H1_97726,e5ab82d6cd44779e8e5003b852e9637f9ef3cbde402c9960649ee2b2309d537e
aihub,train,1,Training/01.원천데이터/TS_아토피_정면/H1_97730_P1_L5.png,H1_97730_P1_L5.png,H1_97730,19c770dd82b8a3e8e0af594cf133999c6aa9c7441ca57859fbf1dd3f8aa88e75
aihub,train,1,Training/01.원천데이터/TS_아토피_정면/H1_97736_P5_L2.png,H1_97736_P5_L2.png,H1_97736,8005297d5cdc816237fffdbceec9d0cdb9d9eb86047d9fdbf70e06dc5780e91f
aihub,train,1,Training/01.원천데이터/TS_아토피_정면/H1_97738_P1_L5.png,H1_97738_P1_L5.png,H1_97738,496c54e64a1534da5a981fac22613580b305b39554f51e72346ec2c98aafb211
aihub,train,1,Training/01.원천데이터/TS_아토피_정면/H1_97739_P2_L7.png,H1_97739_P2_L7.png,H1_97739,6fa8621d800b01dec370e664b316aaffb711b9eee92f22867b2755e6f6034284
aihub,train,1,Training/01.원천데이터/TS_아토피_정면/H1_97742_P1_L0.png,H1_97742_P1_L0.png,H1_97742,dee2557e349984eb39be7190d38ae81511e52121dd0e5cc3a866816446992ee1
aihub,train,1,Training/01.원천데이터/TS_아토피_정면/H1_97745_P1_L1.png,H1_97745_P1_L1.png,H1_97745,d5c5dbe14e55db31a9c7e6d7c260a1484588f0eea47146df4aacc7115e7e5ee6
aihub,train,1,Training/01.원천데이터/TS_아토피_정면/H1_97754_P4_L0.png,H1_97754_P4_L0.png,H1_97754,12e8fe6065bd9a6e52e5aed88f4518028d3447a9ee99c3115e7bcf4f61a7a060
aihub,train,1,Training/01.원천데이터/TS_아토피_정면/H1_97756_P7_L7.png,H1_97756_P7_L7.png,H1_97756,8abe289ca785de2f2563f158c78eda4bacea4496f2b07aa0a64aad001e18f6ea
aihub,train,1,Training/01.원천데이터/TS_아토피_정면/H1_97764_P1_L0.png,H1_97764_P1_L0.png,H1_97764,1d34634d79590bed9e1a904a2949e2b13ab9f67d18b679d339062401c63b882f
aihub,train,1,Training/01.원천데이터/TS_아토피_정면/H1_97767_P1_L0.png,H1_97767_P1_L0.png,H1_97767,f1784b410c66b8b7b487dfff35f678864df23a23aeb0d7f582b918e24ab23cb0
aihub,train,1,Training/01.원천데이터/TS_아토피_정면/H1_97783_P12_L3.png,H1_97783_P12_L3.png,H1_97783,9bcb4478be2e77e7710d35069d929935f16a20a053021b32ac95ec6246e942f8
aihub,train,1,Training/01.원천데이터/TS_아토피_정면/H1_97790_P1_L0.png,H1_97790_P1_L0.png,H1_97790,1609ef4f2a733c6ae1a7248045b263d8220d13ebfdb8895bc443709ba49e2f69
aihub,train,1,Training/01.원천데이터/TS_아토피_정면/H1_97791_P6_L0.png,H1_97791_P6_L0.png,H1_97791,7bb66d54451f12d0560e61e3640a21213157f964a1b4abc93b5d37534547756f
aihub,train,1,Training/01.원천데이터/TS_아토피_정면/H1_97802_P1_L0.png,H1_97802_P1_L0.png,H1_97802,923055de5f0c358a51efd6c28ab04ed940478c598078ae8e8f08fc788fa4a942
aihub,train,1,Training/01.원천데이터/TS_아토피_정면/H1_97811_P1_L6.png,H1_97811_P1_L6.png,H1_97811,99300d3d7b337b30b5ad94e8c827f477d06a474bf89f22780de76cee155e9677
aihub,train,1,Training/01.원천데이터/TS_아토피_정면/H1_97830_P13_L0.png,H1_97830_P13_L0.png,H1_97830,0a1b14d7fb681629ba839bee34e16e2f6bdfb8082f27885936922ea020c10e32
aihub,train,1,Training/01.원천데이터/TS_아토피_정면/H1_97840_P1_L2.png,H1_97840_P1_L2.png,H1_97840,764bdb0b7f9ff04ea716974d633e606c37df1265658834658cca6286589adf04
aihub,train,1,Training/01.원천데이터/TS_아토피_정면/H1_97842_P3_L0.png,H1_97842_P3_L0.png,H1_97842,f86c7e34289d69d7407d51d3d2dd8d0b0c547b97a668328ea33d3a323c1cc296
aihub,train,1,Training/01.원천데이터/TS_아토피_정면/H1_97851_P9_L1.png,H1_97851_P9_L1.png,H1_97851,93f2764bb9586283788d25acc49d0684cf6ba5926b6c99c0b205cac8d758f982
aihub,train,1,Training/01.원천데이터/TS_아토피_정면/H1_97856_P5_L0.png,H1_97856_P5_L0.png,H1_97856,8e7fc4ed4befbeaf6e939e4c7733c9bfe43a27fc85fe45f3f264a998969e97ba
aihub,train,1,Training/01.원천데이터/TS_아토피_정면/H1_97859_P1_L12.png,H1_97859_P1_L12.png,H1_97859,bb67b9b827fbd436d384ec2affbc76bf1274b9ded73766597548550b33a29b5a
aihub,train,1,Training/01.원천데이터/TS_아토피_정면/H1_97866_P10_L1.png,H1_97866_P10_L1.png,H1_97866,bd5396e5fc22e319e0781f0c8f513f7aefbffdb1731167a1dbae75714ac05d5e
aihub,train,1,Training/01.원천데이터/TS_아토피_정면/H1_97876_P1_L1.png,H1_97876_P1_L1.png,H1_97876,651ce1a719b16adbe5db9584f68217b601102a8431f9ce44c236207a53efd47e
aihub,train,1,Training/01.원천데이터/TS_아토피_정면/H1_97894_P1_L4.png,H1_97894_P1_L4.png,H1_97894,5481f229f7e7231fd2b82d26a59e8804ea9aa9d450d69f8b3f20624fdbda9ee9
aihub,train,1,Training/01.원천데이터/TS_아토피_정면/H1_97897_P14_L3.png,H1_97897_P14_L3.png,H1_97897,bff63efb0e784c22cbc474ce071299db45d638317653243052f9fef6d207c271
aihub,train,1,Training/01.원천데이터/TS_아토피_정면/H1_97902_P2_L7.png,H1_97902_P2_L7.png,H1_97902,bdcc984310ca4bca8198e83e7d850a774d7e3fc1f6069c833d96e6e5e2be8291
aihub,train,1,Training/01.원천데이터/TS_아토피_정면/H1_97904_P3_L0.png,H1_97904_P3_L0.png,H1_97904,dc67a02788dc8c505dabd9acb57dca381ddd7c51ceb636f72cfd1862fd2386a2
aihub,train,1,Training/01.원천데이터/TS_아토피_정면/H1_97907_P7_L0.png,H1_97907_P7_L0.png,H1_97907,5031916c0540916e81984fa8f0b1d8a537216cce8b2207c1c0d1154cb5726b13
aihub,train,1,Training/01.원천데이터/TS_아토피_정면/H2_16635_P2_L0.png,H2_16635_P2_L0.png,H2_16635,d5056efd79da16fe5592c25c3e8977396c8b553b85630466c710bb024a0e3e57
aihub,train,1,Training/01.원천데이터/TS_아토피_정면/H2_18201_P2_L1.png,H2_18201_P2_L1.png,H2_18201,7bed29ef2290b9fb537420ca81a10d5e0699d5ae09097ed7630f4455f5a57fd0
aihub,train,1,Training/01.원천데이터/TS_아토피_정면/H2_18304_P2_L1.png,H2_18304_P2_L1.png,H2_18304,ea9458de833061217d1a70a53a4a14dee06478fa3ccd01bcded80522e368764c
aihub,train,1,Training/01.원천데이터/TS_아토피_정면/H2_18597_P2_L1.png,H2_18597_P2_L1.png,H2_18597,eddfdb2a92ef5e88e7705b59b5655a4c461e832732aeafc1aabfd191cc834e0c
aihub,train,1,Training/01.원천데이터/TS_아토피_정면/H2_18597_P2_L2.png,H2_18597_P2_L2.png,H2_18597,a461522980a066d86aa87b7d2e1f2623295685dd2e74c900a39eedebbf880b05
aihub,train,1,Training/01.원천데이터/TS_아토피_정면/H2_18830_P5_L1.png,H2_18830_P5_L1.png,H2_18830,3a8970555328ee572fca5db78ee32ce1577ced8dae4482b51f150997dc1268d5
aihub,train,1,Training/01.원천데이터/TS_아토피_정면/H2_19178_P2_L0.png,H2_19178_P2_L0.png,H2_19178,08d4bc35a5090a3a6c29fa1c098a623766486c54eabea72cf94c5a3973dc4d03
aihub,train,1,Training/01.원천데이터/TS_아토피_정면/H2_20156_P2_L1.png,H2_20156_P2_L1.png,H2_20156,be72be5f5595b58ee4479b319785812488f7d1f131a55bffb0b0ae8bcca085e6
aihub,train,1,Training/01.원천데이터/TS_아토피_정면/H2_2049_P1_L0.png,H2_2049_P1_L0.png,H2_2049,8aa8f8c367bcbd6733969fb86fca0b9daa67ffa319a4ef1d7ef26ef06df53559
aihub,train,1,Training/01.원천데이터/TS_아토피_정면/H2_2053_P3_L0.png,H2_2053_P3_L0.png,H2_2053,801bb82ee2587e9eb7438962930f17261e752cb8f8f2f11ed7a2bd4662a58759
aihub,train,1,Training/01.원천데이터/TS_아토피_정면/H2_2068_P1_L0.png,H2_2068_P1_L0.png,H2_2068,c69079a2c81b95fa7dbd9ce6f1500172f8c4f399ab9d5aaeb8265d503a27ab6f
aihub,train,1,Training/01.원천데이터/TS_아토피_정면/H2_2190_P4_L1.png,H2_2190_P4_L1.png,H2_2190,c741941ef3a48036d4f597020dad4997712bd4d9c62590c2d4afdcbb9fd6a99d
aihub,train,1,Training/01.원천데이터/TS_아토피_정면/H2_2236_P1_L1.png,H2_2236_P1_L1.png,H2_2236,41b0cd125ad5b3b17252963b4977edd69606b9e50dcc37eee9754f4993c3ec04
aihub,train,1,Training/01.원천데이터/TS_아토피_정면/H2_2353_P2_L2.png,H2_2353_P2_L2.png,H2_2353,b2984f02600868aca853ec1f48470c2f280d730419887c7c00d4e02368be1978
aihub,train,1,Training/01.원천데이터/TS_아토피_정면/H2_2817_P1_L0.png,H2_2817_P1_L0.png,H2_2817,a1fe35264bc44f564312ecb464eb2b073f2e5604738f73c350bc521e3d1d37ab
aihub,train,1,Training/01.원천데이터/TS_아토피_정면/H2_2854_P1_L0.png,H2_2854_P1_L0.png,H2_2854,7fdce248cc0f184acfa4f9ef329f52ceeaeb41e6b0516e25467934f4125fbe95
aihub,train,1,Training/01.원천데이터/TS_아토피_정면/H2_2873_P1_L0.png,H2_2873_P1_L0.png,H2_2873,014475d17db10bdd22fce34db01ae95c5863866b1c5bcd64fc00ddacf64c7804
aihub,train,1,Training/01.원천데이터/TS_아토피_정면/H2_2878_P1_L0.png,H2_2878_P1_L0.png,H2_2878,761cea3136e0c752a14e2ea4a2336ab9f51997bdfcc20a2af7711697d590daf9
aihub,train,1,Training/01.원천데이터/TS_아토피_정면/H2_5778_P3_L1.png,H2_5778_P3_L1.png,H2_5778,2b76d5f2f8ba88e9d2494c212eb2281666e26f5612bf31c2a14dbad3e963f01f
aihub,train,1,Training/01.원천데이터/TS_아토피_정면/H2_629_P1_L0.png,H2_629_P1_L0.png,H2_629,3aae50e806f0abd4b9eca975aa19062dd50a5f2b58657312090dfc75c0423251
aihub,train,1,Training/01.원천데이터/TS_아토피_정면/H2_7113_P2_L0.png,H2_7113_P2_L0.png,H2_7113,76d966a8a50ef0a6fd333b70a3a11e9537c20be293f99b1b2c8eb0f40bf280e5
aihub,train,1,Training/01.원천데이터/TS_아토피_정면/H3_1886_P10_L0.png,H3_1886_P10_L0.png,H3_1886,db2f50372d78dfe821d788167b8721bdea09723603e87e5b665f4220794d8b2d
aihub,train,1,Training/01.원천데이터/TS_아토피_정면/H3_1890_P4_L0.png,H3_1890_P4_L0.png,H3_1890,ee4cee255c5238e6359a7d3cc20fad810645abeaba1fe66de6759f67f0569c18
aihub,train,1,Training/01.원천데이터/TS_아토피_정면/H3_4043_P30_L2.png,H3_4043_P30_L2.png,H3_4043,b35e75dcff6795280bf1bf9867210e65e86f3d28308febc1c945249ab5a386bc
aihub,train,1,Training/01.원천데이터/TS_아토피_정면/H3_4045_P34_L2.png,H3_4045_P34_L2.png,H3_4045,c8626cd2b04dfb24193766bdc990db0be326526a0ec2fc4e587224f88c0e531a
aihub,train,1,Training/01.원천데이터/TS_아토피_정면/H3_4047_P38_L2.png,H3_4047_P38_L2.png,H3_4047,d224a6c3390cfb5cc3f4da5188b56b8184489d7a2471bf022c9f9b42a9f8668b
aihub,train,1,Training/01.원천데이터/TS_아토피_정면/H3_4048_P21_L3.png,H3_4048_P21_L3.png,H3_4048,19d1a89dab17a989e61b69a05950b7cace6119345d472d07f1af26ef8d3d8e69
aihub,train,1,Training/01.원천데이터/TS_아토피_정면/H3_4049_P37_L2.png,H3_4049_P37_L2.png,H3_4049,446213989d1e0a0b5c6b927a909d4512c604a782b10a3e97aaed4fa33f840230
aihub,train,1,Training/01.원천데이터/TS_아토피_정면/H3_4050_P27_L2.png,H3_4050_P27_L2.png,H3_4050,d18135a4a850672dab5190459bdbd0f4cd68f0863a1d135026602d681f14d56c
aihub,train,1,Training/01.원천데이터/TS_아토피_정면/H3_4053_P38_L2.png,H3_4053_P38_L2.png,H3_4053,feed7034a4215c46ef40d5496c070f63414b60d13f32c799880cc211e11e95db
aihub,train,1,Training/01.원천데이터/TS_아토피_정면/H3_4055_P19_L4.png,H3_4055_P19_L4.png,H3_4055,e47972e35985f36adcf1de750e931cda8a735411f2d88de608cb194d6e9e8300
aihub,train,1,Training/01.원천데이터/TS_아토피_정면/H3_4059_P3_L3.png,H3_4059_P3_L3.png,H3_4059,49808cc53d86072328bc49845e75635cb66433883377707d92cb116e59e844dc
aihub,train,1,Training/01.원천데이터/TS_아토피_정면/H3_4059_P48_L0.png,H3_4059_P48_L0.png,H3_4059,dc8827a17abd867dd4dedec1b1150afba624071f7069f37ee26a5e82d6e396e1
aihub,train,1,Training/01.원천데이터/TS_아토피_정면/H3_4060_P13_L2.png,H3_4060_P13_L2.png,H3_4060,7af0f81437bc7a1197361c13d10f731d3b8dd2e7c334c60fdd034602dc7ff6c8
aihub,train,1,Training/01.원천데이터/TS_아토피_정면/H3_4060_P26_L0.png,H3_4060_P26_L0.png,H3_4060,b6a00577a0a727771cc0b6a5fb7c99c2c16b9c85e718e398e06780e0d0854d4d
aihub,train,1,Training/01.원천데이터/TS_아토피_정면/H3_4063_P10_L2.png,H3_4063_P10_L2.png,H3_4063,bff131b3e3b082158d726e47e29bcc32294d0639cf5a009716eab9188365d76a
aihub,train,1,Training/01.원천데이터/TS_아토피_정면/H3_4302_P15_L0.png,H3_4302_P15_L0.png,H3_4302,5b837b6205debd9b94caa4dcfe58a1e977cddbce8126f63c1172cf2be32fc764
aihub,train,1,Training/01.원천데이터/TS_아토피_정면/H3_4310_P11_L1.png,H3_4310_P11_L1.png,H3_4310,de64d9f08ccfab2c0d7dec2556de12b0945c7cea8a412c91dc4b7a577cd3cd71
aihub,train,1,Training/01.원천데이터/TS_아토피_정면/H3_4315_P2_L0.png,H3_4315_P2_L0.png,H3_4315,d0968c00a0f2296da33815d1f091bf366a219124c501397d6d40ce2db4668484
aihub,train,1,Training/01.원천데이터/TS_아토피_정면/H3_4330_P1_L2.png,H3_4330_P1_L2.png,H3_4330,48065c6fd0d42906d3e8c68e275d9cc4484234f436ba90fe72d5b234e40dbe17
aihub,train,1,Training/01.원천데이터/TS_아토피_정면/H3_4343_P1_L0.png,H3_4343_P1_L0.png,H3_4343,5e9ea1b533e9d5390b91eda8c435d6af82cbef8514345c64542f73f770bc0e5a
aihub,train,1,Training/01.원천데이터/TS_아토피_정면/H3_4354_P1_L2.png,H3_4354_P1_L2.png,H3_4354,a46c34f8529bc050c5649ea96b76c1ca38c32d15d37e1d8d0c7b28eaae6f9f43
aihub,train,1,Training/01.원천데이터/TS_아토피_정면/H3_4361_P21_L4.png,H3_4361_P21_L4.png,H3_4361,af4a3c42b011d49376af3cb22d837747ffbd91421d4da329245ca44fb07fdb91
aihub,train,1,Training/01.원천데이터/TS_아토피_정면/H3_4362_P1_L2.png,H3_4362_P1_L2.png,H3_4362,fc1c062deaa9718ee5c19ef51b1ef22c18c8c0358c662204d5cd102f4ba72be4
aihub,train,1,Training/01.원천데이터/TS_아토피_정면/H3_4362_P2_L6.png,H3_4362_P2_L6.png,H3_4362,3c1a3060b74eeb0321a83e8092980c7c00bde18c007e958d2a126dc811382f25
aihub,train,1,Training/01.원천데이터/TS_아토피_정면/H3_4365_P1_L1.png,H3_4365_P1_L1.png,H3_4365,2d8d0093a157c3b3921d52e2f7aa47c9ad08bfd310194ee2aff362f53a51e8dd
aihub,train,1,Training/01.원천데이터/TS_아토피_정면/H3_4872_P16_L3.png,H3_4872_P16_L3.png,H3_4872,98552f33243664a423155307b095164d031cc494120148dbb1fcecf925fed1d4
aihub,train,1,Training/01.원천데이터/TS_아토피_정면/H3_5261_P1_L3.png,H3_5261_P1_L3.png,H3_5261,4f0e9dbe379f1dfddec19a8c4ba3b8e4b3a8c6123f00174527862afd75d87ca1
aihub,train,1,Training/01.원천데이터/TS_아토피_정면/H3_5262_P1_L2.png,H3_5262_P1_L2.png,H3_5262,d8952dec4249912bf728a3aa0d8869a82963f5ae17ca67d6a763181673fea1fc
aihub,train,1,Training/01.원천데이터/TS_아토피_정면/H3_5262_P1_L3.png,H3_5262_P1_L3.png,H3_5262,b7d1ba25c33049d90c183a660628ab617999171002746ee7758328f959a0e21e
aihub,train,1,Training/01.원천데이터/TS_아토피_정면/H3_5558_P18_L2.png,H3_5558_P18_L2.png,H3_5558,06cd153c3e4b4883472a65d7e1243977a0783db545f5e6b128b41fcbf76bc4f5
aihub,train,1,Training/01.원천데이터/TS_아토피_정면/H3_5562_P2_L0.png,H3_5562_P2_L0.png,H3_5562,80911fbf12731d3d4f462b4c353b04dedd28a0efaa65e4906f3553746df0f018
aihub,train,1,Training/01.원천데이터/TS_아토피_정면/H3_5579_P20_L2.png,H3_5579_P20_L2.png,H3_5579,4ddb83fc02f492c676ca7315c33ebfa2c8da7a7735984a1409885d9fd7e00aff
aihub,train,1,Training/01.원천데이터/TS_아토피_정면/H3_5579_P20_L3.png,H3_5579_P20_L3.png,H3_5579,cf8ab21f986091eacc376a10090073c3acc9e263b315625b54e3719e87a2023f
aihub,train,1,Training/01.원천데이터/TS_아토피_정면/H3_5582_P1_L3.png,H3_5582_P1_L3.png,H3_5582,4dc6f65c2938dc7e06b9b13596ec5f0716a686cf85aec5b074f94b06a07cfec1
aihub,train,1,Training/01.원천데이터/TS_아토피_정면/H3_5591_P15_L2.png,H3_5591_P15_L2.png,H3_5591,14bcea0f20c5534ec2aa75e77a1075d7eb20bb27d30775db4ffb3218dba32378
aihub,train,1,Training/01.원천데이터/TS_아토피_정면/H4_3254_P1_L0.png,H4_3254_P1_L0.png,H4_3254,b544c4b70fe3dc14b9087a549cfd8b265dff03278858b35e9ecb9990debd63d3
aihub,train,1,Training/01.원천데이터/TS_아토피_정면/H4_3255_P1_L0.png,H4_3255_P1_L0.png,H4_3255,6c0d6f1311b6dbf2b6b5cbd5a64ecc25eb76412511c7f210e4e61a89fd6b4979
aihub,train,1,Training/01.원천데이터/TS_아토피_정면/H4_3283_P1_L0.png,H4_3283_P1_L0.png,H4_3283,45826ed825bb8dfcd928199fbcebecf18a83bf9ffa1f34579f94658c263cb8c5
aihub,train,1,Training/01.원천데이터/TS_아토피_정면/H4_3285_P15_L0.png,H4_3285_P15_L0.png,H4_3285,7f4d01e67bb68ee6749587abeae56c45362b7ff9950468af3624d67a402800d7
aihub,train,1,Training/01.원천데이터/TS_아토피_정면/H4_3289_P1_L0.png,H4_3289_P1_L0.png,H4_3289,9e1bae76db94d567d847ef480717dcbece46635aff7c836b2df739b04b5b1527
aihub,train,1,Training/01.원천데이터/TS_아토피_정면/H4_3291_P1_L0.png,H4_3291_P1_L0.png,H4_3291,c9d92e9484beefc14ecbe3962e7372c2a2c47828ceccd37782de8be7b3048404
aihub,train,1,Training/01.원천데이터/TS_아토피_정면/H4_3300_P1_L2.png,H4_3300_P1_L2.png,H4_3300,e7b66fcfff1e06e805051e08f4bbc3b462c4d122b9185e74816d30c0963031bc
aihub,train,1,Training/01.원천데이터/TS_아토피_정면/H4_3311_P1_L0.png,H4_3311_P1_L0.png,H4_3311,7545de828bb2fd71d907b033d2dfa9cf304f16b79bcd27d3bec3231181f6cc49
aihub,train,1,Training/01.원천데이터/TS_아토피_정면/H4_3315_P1_L0.png,H4_3315_P1_L0.png,H4_3315,2abbed8e63e9ad7f9bf93537dad70fa9ad946593423ecb7fca6d1359776e7db3
aihub,train,1,Training/01.원천데이터/TS_아토피_정면/H4_3315_P2_L0.png,H4_3315_P2_L0.png,H4_3315,1b8da979f13dfe9306a993f91541388cf66a53f819f2f9e84e00b3b0b0cac27f
aihub,train,1,Training/01.원천데이터/TS_아토피_정면/H4_3316_P2_L1.png,H4_3316_P2_L1.png,H4_3316,aaa443aec1ebf1b74ce02b5800041601ee573fa3ad1865b0043bf311f480413a
aihub,train,1,Training/01.원천데이터/TS_아토피_정면/H4_3320_P1_L0.png,H4_3320_P1_L0.png,H4_3320,aeafe0371fc40a29df7c11a72798bc39da3c06c7927813ad154968ccb53ae37f
aihub,train,1,Training/01.원천데이터/TS_아토피_정면/H4_3394_P23_L0.png,H4_3394_P23_L0.png,H4_3394,2537b9394f1700f38ec381ab0b703f79a621489f6906eed6e031f014f5d7abff
aihub,train,1,Training/01.원천데이터/TS_아토피_정면/H4_3483_P66_L1.png,H4_3483_P66_L1.png,H4_3483,ce72be021aae3611c053c79935751d319ad0ece3aaa4b28158043d5f0c1e8c14
aihub,train,1,Training/01.원천데이터/TS_아토피_정면/H4_3527_P69_L0.png,H4_3527_P69_L0.png,H4_3527,7f9cc0141020420e88515fd8d3882fc6f7e71d45982e03ac2be26ed1851baa0e
aihub,train,1,Training/01.원천데이터/TS_아토피_정면/H4_3530_P76_L0.png,H4_3530_P76_L0.png,H4_3530,24461b645cbd60e631e833d6b3209331be9ee3b8f8006fe8d9de9fd751503336
aihub,train,1,Training/01.원천데이터/TS_아토피_정면/H4_6967_P4_L2.png,H4_6967_P4_L2.png,H4_6967,bda9b6381417c36a8a1db016b6b3f875079952f6f84c56eaa1b921f1a5f0093b
aihub,train,1,Training/01.원천데이터/TS_아토피_정면/H4_6973_P14_L0.png,H4_6973_P14_L0.png,H4_6973,dba77f89fcc8ff82a7ccf1adfe99162e51a21066b9ac006919f510d65eebc6ce
aihub,train,1,Training/01.원천데이터/TS_아토피_정면/H4_6974_P1_L1.png,H4_6974_P1_L1.png,H4_6974,d96cd42f13c991a94c5b88beacf0ce2861da20fa88eea3db1a1349f1814aff10
aihub,train,1,Training/01.원천데이터/TS_아토피_정면/H4_6979_P19_L0.png,H4_6979_P19_L0.png,H4_6979,458279f31e7c1a1d05b776e378f728942239f03cb34f54fee7263c74817cdd68
aihub,train,1,Training/01.원천데이터/TS_아토피_정면/H4_6980_P19_L0.png,H4_6980_P19_L0.png,H4_6980,cf134c91aadf5d082fe1ad20719b834a87627ce6f37f5a88b0cc7d86783b4ccb
aihub,train,1,Training/01.원천데이터/TS_아토피_정면/H4_6980_P19_L3.png,H4_6980_P19_L3.png,H4_6980,2e69a1dacadb993a3a2679b8fb29d398b1d5388218760ff8018536ae8ddaefb0
aihub,train,1,Training/01.원천데이터/TS_아토피_정면/H4_6994_P1_L1.png,H4_6994_P1_L1.png,H4_6994,42816f1ed7e34769526c1c4b9e54429457f98a2d493b24f3378de0aee167e2dd
aihub,train,1,Training/01.원천데이터/TS_아토피_정면/H4_6998_P2_L2.png,H4_6998_P2_L2.png,H4_6998,60101970143c61331f93a0c5df8f43b36f1d85507b7f7e1f3e5bcbb5f5e92664
aihub,train,1,Training/01.원천데이터/TS_아토피_정면/H4_7005_P8_L3.png,H4_7005_P8_L3.png,H4_7005,39663a4b54c7ba0f52dd061dfe2d8ad505f73dbf17dfb51d2208094886db7c28
aihub,train,1,Training/01.원천데이터/TS_아토피_정면/H4_7006_P2_L3.png,H4_7006_P2_L3.png,H4_7006,76d170b704c3b0cd21c6677f5b926d72ff608cab4270161aa0b557e016dc4e82
aihub,train,1,Training/01.원천데이터/TS_아토피_정면/H4_7007_P1_L2.png,H4_7007_P1_L2.png,H4_7007,21ef72eecbcdea998d523fea9e7ef2f036d4a60aed2233bf47156f25e3666511
aihub,train,1,Training/01.원천데이터/TS_아토피_정면/H4_7008_P16_L0.png,H4_7008_P16_L0.png,H4_7008,3eb63d11bca200d39d1272c757ea613f520d29823772a9e17a53ac0fb3a77973
aihub,train,1,Training/01.원천데이터/TS_아토피_정면/H4_7024_P5_L3.png,H4_7024_P5_L3.png,H4_7024,e2d93d4ad48108f9294c8bf7c05bdeacbdd380539b1b1708b25c953254621573
aihub,train,1,Training/01.원천데이터/TS_아토피_정면/H4_7030_P1_L0.png,H4_7030_P1_L0.png,H4_7030,b0714c23ad5a7425b954d194df04873ea76902f27aeebd0c060d5c57f9aa4fce
aihub,train,1,Training/01.원천데이터/TS_아토피_정면/H4_7033_P1_L6.png,H4_7033_P1_L6.png,H4_7033,42598cbed33d2cda4544d3ddc1c357a53dea4328dcb210a78c616ee2e4afe773
aihub,train,1,Training/01.원천데이터/TS_아토피_정면/H4_7061_P6_L2.png,H4_7061_P6_L2.png,H4_7061,f8283099d027b1b8d1ae9fb16defcc55ac7a54a7e9badb62f9eea466220eb4d6
aihub,train,1,Training/01.원천데이터/TS_아토피_정면/H4_7094_P9_L0.png,H4_7094_P9_L0.png,H4_7094,1aa20718fd9a05e8b89f48081aad48b1845fb8b28ceeb0290bbae2028b728880
aihub,train,1,Training/01.원천데이터/TS_아토피_정면/H4_7095_P1_L0.png,H4_7095_P1_L0.png,H4_7095,d1ba5ebc110d26216e95e1b51cc106cdd61474850f553682ad04a6ddf9b05a5a
aihub,train,1,Training/01.원천데이터/TS_아토피_정면/H5_923_P1_L0.png,H5_923_P1_L0.png,H5_923,5c2e1ba06e7f08d2f30229a3a121198c31b83015e5eb57bf10ab774793295a7d
aihub,train,1,Training/01.원천데이터/TS_아토피_측면/Z4_74007_P0_L0.png,Z4_74007_P0_L0.png,Z4_74007,eb790c5609500d7bea2bb9e9b9794616c76bfc4c2371a6666356bcca2dc58308
aihub,train,1,Training/01.원천데이터/TS_아토피_측면/Z4_74009_P0_L0.png,Z4_74009_P0_L0.png,Z4_74009,a5e1939993feca60bd5bf5fac92356b99811d25494453d576d58dabd81f80b66
aihub,train,1,Training/01.원천데이터/TS_아토피_측면/Z4_74018_P0_L0.png,Z4_74018_P0_L0.png,Z4_74018,6cb5c5cf777a3960d41b2984c7d3e4ac92404ef71a44b297b72640d4579b1517
aihub,train,1,Training/01.원천데이터/TS_아토피_측면/Z4_74023_P0_L0.png,Z4_74023_P0_L0.png,Z4_74023,085bc8bb785f94de07885f525e72450cc51c6f7ff1c0c2a3626456a65f4640b4
aihub,train,1,Training/01.원천데이터/TS_아토피_측면/Z4_74027_P0_L0.png,Z4_74027_P0_L0.png,Z4_74027,586bdff43d3d0da1d0b9710b95015aebbc7525e2ce10f30e4879cba71b8a4ea6
aihub,train,1,Training/01.원천데이터/TS_아토피_측면/Z4_74028_P0_L0.png,Z4_74028_P0_L0.png,Z4_74028,f4f099dc17cf3a392ed6db9f441366b6037e11af0ef8262e6b8e2f6e1b4de606
aihub,train,1,Training/01.원천데이터/TS_아토피_측면/Z4_74029_P0_L0.png,Z4_74029_P0_L0.png,Z4_74029,581e6b15c1c032ab3c7fb2da600d48244852cd00d90e6c92def70d988ab22c3d
aihub,train,1,Training/01.원천데이터/TS_아토피_측면/Z4_74034_P0_L0.png,Z4_74034_P0_L0.png,Z4_74034,dd32d10a228790cbbe2ce0a03f9f886fe792b78ab9a66c147074002a2cd58314
aihub,train,1,Training/01.원천데이터/TS_아토피_측면/Z4_74035_P0_L0.png,Z4_74035_P0_L0.png,Z4_74035,3d9c403c545d466eea004605d731e6c10bfebc414fc123a3ade2bb9f0704565d
aihub,train,1,Training/01.원천데이터/TS_아토피_측면/Z4_74036_P0_L0.png,Z4_74036_P0_L0.png,Z4_74036,ad0953c0642099268be5d53a287693af5c2d5a67616a223bd9ec42c8333b2cad
aihub,train,1,Training/01.원천데이터/TS_아토피_측면/Z4_74039_P0_L0.png,Z4_74039_P0_L0.png,Z4_74039,bac05ce7e17798972cfe13c113f55216ca3ec80c472e570d26925800501b378b
aihub,train,1,Training/01.원천데이터/TS_아토피_측면/Z4_74040_P0_L0.png,Z4_74040_P0_L0.png,Z4_74040,664f4876f5ea11f1d00e43cdaa436376fd0a0b117a3dc02db325c5416f567c14
aihub,train,1,Training/01.원천데이터/TS_아토피_측면/Z4_74042_P0_L0.png,Z4_74042_P0_L0.png,Z4_74042,7ac6af8bbf4942dcacf9d940e732eec88d4687452df07d30f60c2d8eb9ef7528
aihub,train,1,Training/01.원천데이터/TS_아토피_측면/Z4_74043_P0_L0.png,Z4_74043_P0_L0.png,Z4_74043,d88fcbd05d715da580f3155a80faebed470d195dffa43b909c23153574fdb97c
aihub,train,1,Training/01.원천데이터/TS_아토피_측면/Z4_74045_P0_L0.png,Z4_74045_P0_L0.png,Z4_74045,95317c8225e520f9561222fcbd010bd24f26b1e381cb19e9138360ba663abe72
aihub,train,1,Training/01.원천데이터/TS_아토피_측면/Z4_74048_P0_L0.png,Z4_74048_P0_L0.png,Z4_74048,84f7baecdc7cfd346aca4b741e9d1dcd76dad2eb8174bf1884a6b6f34b6d951a
aihub,train,1,Training/01.원천데이터/TS_아토피_측면/Z4_74049_P0_L0.png,Z4_74049_P0_L0.png,Z4_74049,b0dca7ea7370daafde68b935c2cada32ea7ac82d3577314c837d16baf2b6b357
aihub,train,1,Training/01.원천데이터/TS_아토피_측면/Z4_74050_P0_L0.png,Z4_74050_P0_L0.png,Z4_74050,95aff3b6ce9e5fdfe488f6f101fe75eeaa96cfe2adc3383a4997b41d5de8d2b1
aihub,train,1,Training/01.원천데이터/TS_아토피_측면/Z4_74053_P0_L0.png,Z4_74053_P0_L0.png,Z4_74053,97bfe9c93431923daa4866d956f9354ff386b34ce09fba42a75bf35f2cc0bb61
aihub,train,1,Training/01.원천데이터/TS_아토피_측면/Z4_74056_P0_L0.png,Z4_74056_P0_L0.png,Z4_74056,06cca082d54797e23ec7bdd1a1814ab8d357d41748f2aac16786250d6b80e4b5
aihub,train,1,Training/01.원천데이터/TS_아토피_측면/Z4_74057_P0_L0.png,Z4_74057_P0_L0.png,Z4_74057,fb3962e469d57bce70261022a88f25aeaee7763e0e437f1a1e10fc0701a5d89e
aihub,train,1,Training/01.원천데이터/TS_아토피_측면/Z4_74064_P0_L0.png,Z4_74064_P0_L0.png,Z4_74064,e89cc696fdfb45f95a848c8707837fffada353f1a3249c87e956f9e585a2ff78
aihub,train,1,Training/01.원천데이터/TS_아토피_측면/Z4_74066_P0_L0.png,Z4_74066_P0_L0.png,Z4_74066,15a5f7f8eb27e617dfcfe71bf47f774a9859f9f2cadf225d959f31f17875ab85
aihub,train,1,Training/01.원천데이터/TS_아토피_측면/Z4_74070_P0_L0.png,Z4_74070_P0_L0.png,Z4_74070,3f940d77c1e5bdadf62bb952c8b5a2cc7aa0d18e676c70b84cb55fbfc74178d8
aihub,train,1,Training/01.원천데이터/TS_아토피_측면/Z4_74078_P0_L0.png,Z4_74078_P0_L0.png,Z4_74078,3382e2072603e87f7e3a7ad694e21a6770e6511cb8663fe11dbbe2315a2fbbad
aihub,train,1,Training/01.원천데이터/TS_아토피_측면/Z4_74081_P0_L0.png,Z4_74081_P0_L0.png,Z4_74081,da997beb6b8798bb5ee78f7d9e9bebf5cbead629f3e11d19e38453037f84c65f
aihub,train,1,Training/01.원천데이터/TS_아토피_측면/Z4_74082_P0_L0.png,Z4_74082_P0_L0.png,Z4_74082,480e6104a0199359608df1d464a3f6458dc1157be1796016b3b4bfbac48e38f9
aihub,train,1,Training/01.원천데이터/TS_아토피_측면/Z4_74085_P0_L0.png,Z4_74085_P0_L0.png,Z4_74085,1fafd63d7bbbc785388295de7058c6552aa3e716627b81ee8c3eb3d6e97e96e5
aihub,train,1,Training/01.원천데이터/TS_아토피_측면/Z4_74094_P0_L0.png,Z4_74094_P0_L0.png,Z4_74094,728d095803577e92cd0e6330b529180385af08f5ffaa8f000c39b9b321d1b3ec
aihub,train,1,Training/01.원천데이터/TS_아토피_측면/Z4_74100_P0_L0.png,Z4_74100_P0_L0.png,Z4_74100,f93b0ed0d69352b588586ccebd4511f6e26aee7c2f98a46341fde4a9902d71dd
aihub,train,1,Training/01.원천데이터/TS_아토피_측면/Z4_74103_P0_L0.png,Z4_74103_P0_L0.png,Z4_74103,9b05d4a72a7963f92741120164f5cda2356f40eadb59235d6232db3bfb099c8d
aihub,train,1,Training/01.원천데이터/TS_아토피_측면/Z4_74106_P0_L0.png,Z4_74106_P0_L0.png,Z4_74106,5ef37df020c3193046bfc7381f606d2b152b63519c5c5efca4002d273e0b7ae3
aihub,train,1,Training/01.원천데이터/TS_아토피_측면/Z4_74109_P0_L0.png,Z4_74109_P0_L0.png,Z4_74109,e69f8fb0963f225a78f5851babb6885f8cb1974a0fca720b3ae9925f05414cb4
aihub,train,1,Training/01.원천데이터/TS_아토피_측면/Z4_74112_P0_L0.png,Z4_74112_P0_L0.png,Z4_74112,f8c71f28b8dd657f2db729229b3bd2c7b82acf965e9dd7ecb578a94e09520c6d
aihub,train,1,Training/01.원천데이터/TS_아토피_측면/Z4_74113_P0_L0.png,Z4_74113_P0_L0.png,Z4_74113,6a906413b4696a7bd7730d087873a839ef1b4d6ca9248ef7af9ab12899ad726f
aihub,train,1,Training/01.원천데이터/TS_아토피_측면/Z4_74118_P0_L0.png,Z4_74118_P0_L0.png,Z4_74118,c5703b67ff19d68095e1be2f6e2a5a7eda4c9baa6a2dd42b96763f04241b0031
aihub,train,1,Training/01.원천데이터/TS_아토피_측면/Z4_74119_P0_L0.png,Z4_74119_P0_L0.png,Z4_74119,eaa0d0dd38225cfaf454564ab74865def204d4a4e564dee25414773a1d864157
aihub,train,1,Training/01.원천데이터/TS_아토피_측면/Z4_74120_P0_L0.png,Z4_74120_P0_L0.png,Z4_74120,077af8f3c298a0d94491650498fd01a3924e36cb4cbcae6b7194636b306d1043
aihub,train,1,Training/01.원천데이터/TS_아토피_측면/Z4_74122_P0_L0.png,Z4_74122_P0_L0.png,Z4_74122,6b430cf51575fa6991c318dfc66661ca457d24ab80e986348df2d0c04eee0e33
aihub,train,1,Training/01.원천데이터/TS_아토피_측면/Z4_74128_P0_L0.png,Z4_74128_P0_L0.png,Z4_74128,2b40d6b7e0635ceac4c56957409522d9733d547dc4b1fb448e534da758b2b988
aihub,train,1,Training/01.원천데이터/TS_아토피_측면/Z4_74133_P0_L0.png,Z4_74133_P0_L0.png,Z4_74133,b628e558c61162bac178d5b203f733aa4978b2eba1a4517dd6fe1b6c9522652f
aihub,train,1,Training/01.원천데이터/TS_아토피_측면/Z4_74134_P0_L0.png,Z4_74134_P0_L0.png,Z4_74134,2bcf07c0518a8c513752a5010a342a060675ff0dd0aaebb71eaab277ddbc5257
aihub,train,1,Training/01.원천데이터/TS_아토피_측면/Z4_74140_P0_L0.png,Z4_74140_P0_L0.png,Z4_74140,26002887c9829d3f1e59efa35e8f6a74cd1fc3f56139d2b4db63426805990fc7
aihub,train,1,Training/01.원천데이터/TS_아토피_측면/Z4_74141_P0_L0.png,Z4_74141_P0_L0.png,Z4_74141,2e28c94ab742a1955e1b2ca027050e67a32790f2af7468cfa6239a65b091d0c2
aihub,train,1,Training/01.원천데이터/TS_아토피_측면/Z4_74149_P0_L0.png,Z4_74149_P0_L0.png,Z4_74149,ef9e697a47a4b561e96c3bcc56a46cffb3f678fbbb250b4bac85d0dcea6f2144
aihub,train,1,Training/01.원천데이터/TS_아토피_측면/Z4_74150_P0_L0.png,Z4_74150_P0_L0.png,Z4_74150,5f079c02dee53ea554b4f26f953ad75e6000d57ffa58b8e19ba255e9707c95ad
aihub,train,1,Training/01.원천데이터/TS_아토피_측면/Z4_74151_P0_L0.png,Z4_74151_P0_L0.png,Z4_74151,4251cb6b11874958d6a8298f8c3b183946029768805b07da028021b599c7acb0
aihub,train,1,Training/01.원천데이터/TS_아토피_측면/Z4_74152_P0_L0.png,Z4_74152_P0_L0.png,Z4_74152,87c7d66eb8f3df69a7a173e10e0bd354a4f0b761d71b89dac54cd5c1feb993dd
aihub,train,1,Training/01.원천데이터/TS_아토피_측면/Z4_74153_P0_L0.png,Z4_74153_P0_L0.png,Z4_74153,5fc33849e54087af79b2d1eab7979a6dea811d903264f590b5e0c851f08f5754
aihub,train,1,Training/01.원천데이터/TS_아토피_측면/Z4_74157_P0_L0.png,Z4_74157_P0_L0.png,Z4_74157,50c8ade4d188f51df0b4200770e8945d0d816d447fb75dbcb1c7316383f2bb2e
aihub,train,1,Training/01.원천데이터/TS_아토피_측면/Z4_74160_P0_L0.png,Z4_74160_P0_L0.png,Z4_74160,455bde928376f8dfe2be322392871befa7fd9cf8d0b97a17f75dc12eba2e4070
aihub,train,1,Training/01.원천데이터/TS_아토피_측면/Z4_74164_P0_L0.png,Z4_74164_P0_L0.png,Z4_74164,0225ce3a9241f1a0a4c2dc2b31066b75a1786eb17229329250b7997da7c60546
aihub,train,1,Training/01.원천데이터/TS_아토피_측면/Z4_74166_P0_L0.png,Z4_74166_P0_L0.png,Z4_74166,381ca942cedeef1de077dc7ada054a9a85f1875fab0551263262952e81a768bb
aihub,train,1,Training/01.원천데이터/TS_아토피_측면/Z4_74175_P0_L0.png,Z4_74175_P0_L0.png,Z4_74175,13797a8451aeaa1f2ffaf16c0178dd7ac66bb3c307b25c316138a2112f7fa667
aihub,train,1,Training/01.원천데이터/TS_아토피_측면/Z4_74176_P0_L0.png,Z4_74176_P0_L0.png,Z4_74176,3b5b4bec19fc7fb8b80af6178f9cae8ea6e9629961dccd1902f68a0cb0e41892
aihub,train,1,Training/01.원천데이터/TS_아토피_측면/Z4_74179_P0_L0.png,Z4_74179_P0_L0.png,Z4_74179,839538bd7abc913c37345a711582643a4b35b3ba7af872d32f18c24a069e19b1
aihub,train,1,Training/01.원천데이터/TS_아토피_측면/Z4_74181_P0_L0.png,Z4_74181_P0_L0.png,Z4_74181,18a8ca2a80349cb6bfb3aada854c914b7c01848c3f71b066a9a7cd021bb904d1
aihub,train,1,Training/01.원천데이터/TS_아토피_측면/Z4_74185_P0_L0.png,Z4_74185_P0_L0.png,Z4_74185,9b2f599fa3e24435f8ad0ee4226066e9b2ef1f128db5a76ececff0ca1d565e5a
aihub,train,1,Training/01.원천데이터/TS_아토피_측면/Z4_74186_P0_L0.png,Z4_74186_P0_L0.png,Z4_74186,34cfbde27e1938d01ae28a404307e622caebb9a04a9fa9f9b9afac15a1365ba5
aihub,train,1,Training/01.원천데이터/TS_아토피_측면/Z4_74190_P0_L0.png,Z4_74190_P0_L0.png,Z4_74190,5988a38573ebc8574923970066d8a2501e22dcf89cac234c05fcfa17d96d8c96
aihub,train,1,Training/01.원천데이터/TS_아토피_측면/Z4_74191_P0_L0.png,Z4_74191_P0_L0.png,Z4_74191,25a6eb492f3064bc98406033f8dd3ef48214389f547a6299ddebccf79aaa96d2
aihub,train,1,Training/01.원천데이터/TS_아토피_측면/Z4_74193_P0_L0.png,Z4_74193_P0_L0.png,Z4_74193,cbdbb54605d9de2145df7fabad234ac78dd40ee85442e6e64958cdbe45723952
aihub,train,1,Training/01.원천데이터/TS_아토피_측면/Z4_74194_P0_L0.png,Z4_74194_P0_L0.png,Z4_74194,d407248288915a152c52fe3cf54d9683592442b8e37a6ea263878323ee31b5ad
aihub,train,1,Training/01.원천데이터/TS_아토피_측면/Z4_74195_P0_L0.png,Z4_74195_P0_L0.png,Z4_74195,2f35a78f0bfdd8825c8ce2a641408be553fdff0ecf949762469c979204a2937f
aihub,train,1,Training/01.원천데이터/TS_아토피_측면/Z4_74198_P0_L0.png,Z4_74198_P0_L0.png,Z4_74198,7580b279a52f4aee589febf58ab9f0628bb06928d4255fee6c3c375cf9b29c9e
aihub,train,1,Training/01.원천데이터/TS_아토피_측면/Z4_74200_P0_L0.png,Z4_74200_P0_L0.png,Z4_74200,e47d6224e00ea449e71a42440f4166a50b9afaa869a9aff850c7718b25b20076
aihub,train,1,Training/01.원천데이터/TS_아토피_측면/Z4_74205_P0_L0.png,Z4_74205_P0_L0.png,Z4_74205,6387650d52cbdf59ff5b89f28476bf592c8be879459b706e2173a0d468623faa
aihub,train,1,Training/01.원천데이터/TS_아토피_측면/Z4_74210_P0_L0.png,Z4_74210_P0_L0.png,Z4_74210,71a6764944e9e66977a4babc496abd401dd35eadd4bf69139c39a3a00a915b7c
aihub,train,1,Training/01.원천데이터/TS_아토피_측면/Z4_74211_P0_L0.png,Z4_74211_P0_L0.png,Z4_74211,7ff4311ec5ec7767e82016976085c6eacf31a4d9c3889e615f6d45f8abf06699
aihub,train,1,Training/01.원천데이터/TS_아토피_측면/Z4_74214_P0_L0.png,Z4_74214_P0_L0.png,Z4_74214,6388c28fa94ce88ee1c83f5c8918954dd14f350ad1a02657d6ebe84cf10b6c52
aihub,train,1,Training/01.원천데이터/TS_아토피_측면/Z4_74215_P0_L0.png,Z4_74215_P0_L0.png,Z4_74215,55f6dbf0529d752dece003b1bee67cf8b850ac488d7f16a69028f89d5e5b45da
aihub,train,1,Training/01.원천데이터/TS_아토피_측면/Z4_74223_P0_L0.png,Z4_74223_P0_L0.png,Z4_74223,13cb528a56f01c10659b61213ee45025f4c310acda9ef8c0a1b0376690b3b3f6
aihub,train,1,Training/01.원천데이터/TS_아토피_측면/Z4_74226_P0_L0.png,Z4_74226_P0_L0.png,Z4_74226,b375a0a1c271c0a5d317b5e3ee048b22aace500ef8601dc83582bdd7a3ec8fa8
aihub,train,1,Training/01.원천데이터/TS_아토피_측면/Z4_74228_P0_L0.png,Z4_74228_P0_L0.png,Z4_74228,1bcaa999c863e7ccee87f4d2449feb91220aa44bc1a5cad320e404624a7260f1
aihub,train,1,Training/01.원천데이터/TS_아토피_측면/Z4_74230_P0_L0.png,Z4_74230_P0_L0.png,Z4_74230,ebb420b3848b987303f844a8ae6c73a7eeeb7faa54ee0f96f50e1e5e610f0352
aihub,train,1,Training/01.원천데이터/TS_아토피_측면/Z4_74231_P0_L0.png,Z4_74231_P0_L0.png,Z4_74231,e6ae4f8a3ee7f3dcbdef7e34888ae84d546f84d51fff2b27c053ca637cd0e581
aihub,train,1,Training/01.원천데이터/TS_아토피_측면/Z4_74233_P0_L0.png,Z4_74233_P0_L0.png,Z4_74233,2866902d70c7f03ee65e829831361c9f51c23d029ad642d17aa64644851c1265
aihub,train,1,Training/01.원천데이터/TS_아토피_측면/Z4_74234_P0_L0.png,Z4_74234_P0_L0.png,Z4_74234,bed34da456bed408da06e4b6bae4460d5b09bc2dbac44d2582980bfa0bcb3467
aihub,train,1,Training/01.원천데이터/TS_아토피_측면/Z4_74235_P0_L0.png,Z4_74235_P0_L0.png,Z4_74235,2058d2ecf3ca481fae92d028836b40f815aafd823e4f34e520a612ebe6238844
aihub,train,1,Training/01.원천데이터/TS_아토피_측면/Z4_74236_P0_L0.png,Z4_74236_P0_L0.png,Z4_74236,fa062ef8f8748d248068c1f2dc4d2bd73899c199925b320364768971b2654acf
aihub,train,1,Training/01.원천데이터/TS_아토피_측면/Z4_74239_P0_L0.png,Z4_74239_P0_L0.png,Z4_74239,8fd335fdada09a8efddee67b6ad608a4752fd08c6451ad1b8e96dbd87700190b
aihub,train,1,Training/01.원천데이터/TS_아토피_측면/Z4_74240_P0_L0.png,Z4_74240_P0_L0.png,Z4_74240,23c0a7ea32527447afc3a1789147ecb22535036d4b4e0982ec3e5350ddb40f81
aihub,train,1,Training/01.원천데이터/TS_아토피_측면/Z4_74242_P0_L0.png,Z4_74242_P0_L0.png,Z4_74242,878f88078883f50a9e1cf98e2e6862a1b037db9ac992b537f98e03050c6b3389
aihub,train,1,Training/01.원천데이터/TS_아토피_측면/Z4_74243_P0_L0.png,Z4_74243_P0_L0.png,Z4_74243,8e62d137c10680c9a3ed5ae73d4e3687a382eb0e6c6eb7314779e0cd44678de7
aihub,train,1,Training/01.원천데이터/TS_아토피_측면/Z4_74245_P0_L0.png,Z4_74245_P0_L0.png,Z4_74245,c27d64c683d94ae4e9deb1d6fe99ca5e51d94cead8e5a96552fafa8d0d76e342
aihub,train,1,Training/01.원천데이터/TS_아토피_측면/Z4_74247_P0_L0.png,Z4_74247_P0_L0.png,Z4_74247,5c41435586e302e4abd019118284bf43c1379cd27fc475d637e86b8d37c83de1
aihub,train,1,Training/01.원천데이터/TS_아토피_측면/Z4_74248_P0_L0.png,Z4_74248_P0_L0.png,Z4_74248,a90e614b0b7098ed8a513b549cecf61afa00342e0cf90ef07071e2f660bd377e
aihub,train,1,Training/01.원천데이터/TS_아토피_측면/Z4_74250_P0_L0.png,Z4_74250_P0_L0.png,Z4_74250,16460543291a0d19d2e01dbff862ae172e8abbf1db121a8e4401cbb8d2a53394
aihub,train,1,Training/01.원천데이터/TS_아토피_측면/Z4_74251_P0_L0.png,Z4_74251_P0_L0.png,Z4_74251,aa7cc58636b744f8095d221a0f301ef90429b705c246fa7a2522b1de5cbb8773
aihub,train,1,Training/01.원천데이터/TS_아토피_측면/Z4_74252_P0_L0.png,Z4_74252_P0_L0.png,Z4_74252,e1d7454956a61a12246cafe9bc77b8a8f528916e9e893d000dfa0f2af6c32baf
aihub,train,1,Training/01.원천데이터/TS_아토피_측면/Z4_74254_P0_L0.png,Z4_74254_P0_L0.png,Z4_74254,a27965a9e2641d8de1302841d2dd7b27ad844e39362b7fe496e64ed217c6f1d4
aihub,train,1,Training/01.원천데이터/TS_아토피_측면/Z4_74257_P0_L0.png,Z4_74257_P0_L0.png,Z4_74257,7f7ca17d5b52f9bf7d3f4b9989fdb2062963dd9f93bfd89abfaaf15f0d2c9a16
aihub,train,1,Training/01.원천데이터/TS_아토피_측면/Z4_74258_P0_L0.png,Z4_74258_P0_L0.png,Z4_74258,045bcf7e8013ff4de1c62ec15ee7883b17e6f00dc2f3db393ccc74e2bc3418e4
aihub,train,1,Training/01.원천데이터/TS_아토피_측면/Z4_74260_P0_L0.png,Z4_74260_P0_L0.png,Z4_74260,e55a461ef82d1416833690858d923dc988bc96f6cedc3a93aeebd91289071c18
aihub,train,1,Training/01.원천데이터/TS_아토피_측면/Z4_74261_P0_L0.png,Z4_74261_P0_L0.png,Z4_74261,21a896cee523f0239946ca51cb335d1990be95aeeb14d01a7b9123d2a6b7d44d
aihub,train,1,Training/01.원천데이터/TS_아토피_측면/Z4_74265_P0_L0.png,Z4_74265_P0_L0.png,Z4_74265,ce15eb76cd88d7bf3384187a917414cfc35c5b0e4596f386dc1e9b8ee00ee947
aihub,train,1,Training/01.원천데이터/TS_아토피_측면/Z4_74268_P0_L0.png,Z4_74268_P0_L0.png,Z4_74268,e09716f4543fb0e802e7d10edf416480475d21dd7fc196d7d3032bdfad6ccf10
aihub,train,1,Training/01.원천데이터/TS_아토피_측면/Z4_74273_P0_L0.png,Z4_74273_P0_L0.png,Z4_74273,4216dab3bfebdfb2d934143f1706bc600bdfcf3ffe28b0e061f0cc33f1400a74
aihub,train,1,Training/01.원천데이터/TS_아토피_측면/Z4_74278_P0_L0.png,Z4_74278_P0_L0.png,Z4_74278,9c895422216de0e83e02a2481d7dfbba249a7f107a75c38f225bea47d13b59db
aihub,train,1,Training/01.원천데이터/TS_아토피_측면/Z4_74280_P0_L0.png,Z4_74280_P0_L0.png,Z4_74280,8090c88c935892161db91310efda4990d7b84d861627b597c368eb8451d772db
aihub,train,1,Training/01.원천데이터/TS_아토피_측면/Z4_74283_P0_L0.png,Z4_74283_P0_L0.png,Z4_74283,33d89f7bb5e6292c5d4ae884fedee3eb3d61216caae0ad073779bf1edc4dd472
aihub,train,1,Training/01.원천데이터/TS_아토피_측면/Z4_74284_P0_L0.png,Z4_74284_P0_L0.png,Z4_74284,b5d4152e3e19afd537cf981080a75b19b21f83010071b6e8b95922f3aa3a6e0d
aihub,train,1,Training/01.원천데이터/TS_아토피_측면/Z4_74286_P0_L0.png,Z4_74286_P0_L0.png,Z4_74286,606a286ace4782d97d28931d3514e03d8dc79806a129e19d933fe3d3d1f29654
aihub,train,1,Training/01.원천데이터/TS_아토피_측면/Z4_74287_P0_L0.png,Z4_74287_P0_L0.png,Z4_74287,7bc2de78143f14fa77407a5431bf11a2529429a25f7e486b6935a743b1e08410
aihub,train,1,Training/01.원천데이터/TS_아토피_측면/Z4_74288_P0_L0.png,Z4_74288_P0_L0.png,Z4_74288,e29b354965f0ac539bb0190c7f00a58605b7a759dfd0a68ea36580287170b4dd
aihub,train,1,Training/01.원천데이터/TS_아토피_측면/Z4_74289_P0_L0.png,Z4_74289_P0_L0.png,Z4_74289,d81c5e160ec7acd030ec9bff3b1b7e341f0adc916964679b80e0d15e2f86ab80
aihub,train,1,Training/01.원천데이터/TS_아토피_측면/Z4_74290_P0_L0.png,Z4_74290_P0_L0.png,Z4_74290,a26c10345f2906284527ceb08d5976e9d1eb16957335c80557cbe9093d7dcee8
aihub,train,1,Training/01.원천데이터/TS_아토피_측면/Z4_74292_P0_L0.png,Z4_74292_P0_L0.png,Z4_74292,04feb5c01a7dd77b1056e6a0c2bf4000b531c73b25bd636a980ba367b903c689
aihub,train,1,Training/01.원천데이터/TS_아토피_측면/Z4_74294_P0_L0.png,Z4_74294_P0_L0.png,Z4_74294,46503255d30c496e46a87e67c0dca03e666f49b5e5cc577876ded79490010d78
aihub,train,1,Training/01.원천데이터/TS_아토피_측면/Z4_74299_P0_L0.png,Z4_74299_P0_L0.png,Z4_74299,8f519994471d887e30554e162a92c11e06e980317b2ac30fd7ea77ad9b01074a
aihub,train,1,Training/01.원천데이터/TS_아토피_측면/Z4_74300_P0_L0.png,Z4_74300_P0_L0.png,Z4_74300,7155cc4a6428e2f855a87a47025f443010ff867eeca6d2469b9adf94666283d1
aihub,train,1,Training/01.원천데이터/TS_아토피_측면/Z4_74301_P0_L0.png,Z4_74301_P0_L0.png,Z4_74301,cfd75f4f24803287fa89119bbf92a44263b68b50b726017c19a0398d6e6171ad
aihub,train,1,Training/01.원천데이터/TS_아토피_측면/Z4_74302_P0_L0.png,Z4_74302_P0_L0.png,Z4_74302,20df67f46975e373eec5fb8899050fd06135018950570368e69d5e588d6ac486
aihub,train,1,Training/01.원천데이터/TS_아토피_측면/Z4_74305_P0_L0.png,Z4_74305_P0_L0.png,Z4_74305,8bad0a3bd93d2fe1bf071e0c7271cd1a8d1e9eaaf1ca2c65d8c32cc0d4f8fe00
aihub,train,1,Training/01.원천데이터/TS_아토피_측면/Z4_74309_P0_L0.png,Z4_74309_P0_L0.png,Z4_74309,92e21a14bb3ae741182e851baba52314cf811ee599da1f233f1b9365e97b9130
aihub,train,1,Training/01.원천데이터/TS_아토피_측면/Z4_74310_P0_L0.png,Z4_74310_P0_L0.png,Z4_74310,e2e80c73cd9f5ae6e895befbf7575b06b07df2c0c9ad1b3e9f39ee6fb4b28fe7
aihub,train,1,Training/01.원천데이터/TS_아토피_측면/Z4_74312_P0_L0.png,Z4_74312_P0_L0.png,Z4_74312,15cb444dc91a5df35cfb1d454699218e2007735a51c5226d9e96526ea81d77d1
aihub,train,1,Training/01.원천데이터/TS_아토피_측면/Z4_74313_P0_L0.png,Z4_74313_P0_L0.png,Z4_74313,a8bba765052a2f8ec50fc3efdf475c9ec00b0aec94b9b24295343d0aaaba963c
aihub,train,1,Training/01.원천데이터/TS_아토피_측면/Z4_74315_P0_L0.png,Z4_74315_P0_L0.png,Z4_74315,5f83043eef2d763ec7866bda839c697e35ed19c17a41574cfac93d24a28551b6
aihub,train,1,Training/01.원천데이터/TS_아토피_측면/Z4_74316_P0_L0.png,Z4_74316_P0_L0.png,Z4_74316,4f287a0c24499f74ef506bf7d5d6176be3a60403104138721ad85f7293813add
aihub,train,1,Training/01.원천데이터/TS_아토피_측면/Z4_74318_P0_L0.png,Z4_74318_P0_L0.png,Z4_74318,a70ea24a1f4d7e163f99bb1f5263f5a841a69d3048a2a239cbb3bbcbec4f242c
aihub,train,1,Training/01.원천데이터/TS_아토피_측면/Z4_74320_P0_L0.png,Z4_74320_P0_L0.png,Z4_74320,f6fd4f6d4eaf841b7a93b798b8381d9741ef2a060cc708fece6b8ca9b2fdffb9
aihub,train,1,Training/01.원천데이터/TS_아토피_측면/Z4_74322_P0_L0.png,Z4_74322_P0_L0.png,Z4_74322,a1fa4fde652c96f16f620745edc2ff1b8365817b7915d246ea93cd5196770fd4
aihub,train,1,Training/01.원천데이터/TS_아토피_측면/Z4_74323_P0_L0.png,Z4_74323_P0_L0.png,Z4_74323,365237e6b76450c607e1a66e3be05120ccf3b3905564433b88754794fc89217b
aihub,train,1,Training/01.원천데이터/TS_아토피_측면/Z4_74324_P0_L0.png,Z4_74324_P0_L0.png,Z4_74324,aeb28d366e46b32215f9d64dc1395efabbf1ba89a986ec7d0d309e92408558c9
aihub,train,1,Training/01.원천데이터/TS_아토피_측면/Z4_74327_P0_L0.png,Z4_74327_P0_L0.png,Z4_74327,af27867de23ef2682b62a6718bbde4fc94c4b30e6731c63b10d9e574c6921f1d
aihub,train,1,Training/01.원천데이터/TS_아토피_측면/Z4_74330_P0_L0.png,Z4_74330_P0_L0.png,Z4_74330,7a297c61eae3bbb87d7c20f82c4d3d85e56f40a8302fe421a796edb84cdba086
aihub,train,1,Training/01.원천데이터/TS_아토피_측면/Z4_74331_P0_L0.png,Z4_74331_P0_L0.png,Z4_74331,2f59f83b48bcafdb7e1837c5ed6526a339273eedbb9f4ab80a62e3cdb19b3846
aihub,train,1,Training/01.원천데이터/TS_아토피_측면/Z4_74333_P0_L0.png,Z4_74333_P0_L0.png,Z4_74333,f47f50bd19ef0e50582e0a852222940d5c155de09b2104964a2ff81edd574260
aihub,train,1,Training/01.원천데이터/TS_아토피_측면/Z4_74334_P0_L0.png,Z4_74334_P0_L0.png,Z4_74334,557cf85c45537625139800cb2e055aefc3fa1325bb16c806036b33f551881f77
aihub,train,1,Training/01.원천데이터/TS_아토피_측면/Z4_74335_P0_L0.png,Z4_74335_P0_L0.png,Z4_74335,45dfd814f3eef372be23841396df3d34da0599ac8eede2430b6580a3cbe77d98
aihub,train,1,Training/01.원천데이터/TS_아토피_측면/Z4_74336_P0_L0.png,Z4_74336_P0_L0.png,Z4_74336,4a7f0d4b119eb30c73006e96c0a26005d374833dd0840bdc4fa3abe9c409b742
aihub,train,1,Training/01.원천데이터/TS_아토피_측면/Z4_74342_P0_L0.png,Z4_74342_P0_L0.png,Z4_74342,fd5fce8d66d365b48c5336265a0769421224ff0aa1ff0c1fe10eae29d231f8e3
aihub,train,1,Training/01.원천데이터/TS_아토피_측면/Z4_74344_P0_L0.png,Z4_74344_P0_L0.png,Z4_74344,afd45a7190cc9bbf40c550c3ddc2cb5de4083732f341282eaabc452d326d8c4d
aihub,train,1,Training/01.원천데이터/TS_아토피_측면/Z4_74347_P0_L0.png,Z4_74347_P0_L0.png,Z4_74347,bdb0c32adfad950ede54500016d48832d08e6ec25cbf23befc632959797bfb73
aihub,train,1,Training/01.원천데이터/TS_아토피_측면/Z4_74350_P0_L0.png,Z4_74350_P0_L0.png,Z4_74350,cb3978492c8708bb66cd83dd173dc14dca2452b20a472aab8893e5c9fc80b552
aihub,train,1,Training/01.원천데이터/TS_아토피_측면/Z4_74353_P0_L0.png,Z4_74353_P0_L0.png,Z4_74353,7c498bb08c3251546289835e85104ef3f54cd0907acf07e3fdc30ea1cfe2a70b
aihub,train,1,Training/01.원천데이터/TS_아토피_측면/Z4_74356_P0_L0.png,Z4_74356_P0_L0.png,Z4_74356,b15d5517cc400552f4236f7092862b7300c772f4e26b7b20f7fb8c330c874c29
aihub,train,1,Training/01.원천데이터/TS_아토피_측면/Z4_74359_P0_L0.png,Z4_74359_P0_L0.png,Z4_74359,347395fdf7103588382560c45c2ec8d3ddab9942d1842b639aea8933d748a969
aihub,train,1,Training/01.원천데이터/TS_아토피_측면/Z4_74362_P0_L0.png,Z4_74362_P0_L0.png,Z4_74362,2a1c6ebcebfce178d1c94194be84ed94a21cc85ff95f4c6a5abe0d2932d8aa17
aihub,train,1,Training/01.원천데이터/TS_아토피_측면/Z4_74366_P0_L0.png,Z4_74366_P0_L0.png,Z4_74366,5d4a07423ae8212f63c60a0840152ee946d750317ade8af9518ffea8aafdc280
aihub,train,1,Training/01.원천데이터/TS_아토피_측면/Z4_74369_P0_L0.png,Z4_74369_P0_L0.png,Z4_74369,e643d29762f10b671b492f7560f3111a60e2ff979d6acc87d8e2aaa1e83e3c9c
aihub,train,1,Training/01.원천데이터/TS_아토피_측면/Z4_74382_P0_L0.png,Z4_74382_P0_L0.png,Z4_74382,9ef07037a6c2857b14a1463177ba4d1ebdd93f4770341eba8b9e3b2d84446f8e
aihub,train,1,Training/01.원천데이터/TS_아토피_측면/Z4_74384_P0_L0.png,Z4_74384_P0_L0.png,Z4_74384,adcff7595aa41ee25213b1305b26b2b20187291802aab80e17bd300b7b68de96
aihub,train,1,Training/01.원천데이터/TS_아토피_측면/Z4_74385_P0_L0.png,Z4_74385_P0_L0.png,Z4_74385,cfb4bd06f3ebc9b13cc60299eb9c6d90b5ea5a6735b5287c8c232a93445d4719
aihub,train,1,Training/01.원천데이터/TS_아토피_측면/Z4_74387_P0_L0.png,Z4_74387_P0_L0.png,Z4_74387,2290e6a714b81a6c77674698f02585210fc73a0383e61c001e6baa6565bc6d04
aihub,train,1,Training/01.원천데이터/TS_아토피_측면/Z4_74388_P0_L0.png,Z4_74388_P0_L0.png,Z4_74388,7eb318400b16b67931d63d291e4c3fbbc518ef6d1c5fa36c3d7bbd206542a9a7
aihub,train,1,Training/01.원천데이터/TS_아토피_측면/Z4_74391_P0_L0.png,Z4_74391_P0_L0.png,Z4_74391,89ec4405c09fd9464f5f3b835f3f569a1dc10a81330a418d9d986c614a8179e5
aihub,train,1,Training/01.원천데이터/TS_아토피_측면/Z4_74392_P0_L0.png,Z4_74392_P0_L0.png,Z4_74392,480eddc65e853d3b0054ae17f163a3e42a3ba8312f62f9fcd6e37d8c8169f111
aihub,train,1,Training/01.원천데이터/TS_아토피_측면/Z4_74396_P0_L0.png,Z4_74396_P0_L0.png,Z4_74396,628b414a64b4565d9156c620a9563bcd938403dff5db113925c58b9662d2d82c
aihub,train,1,Training/01.원천데이터/TS_아토피_측면/Z4_74397_P0_L0.png,Z4_74397_P0_L0.png,Z4_74397,7fddfcd0ec0453532be9988fc408509e9c9a5726adb299e75a68da7b77544e90
aihub,train,1,Training/01.원천데이터/TS_아토피_측면/Z4_74401_P0_L0.png,Z4_74401_P0_L0.png,Z4_74401,6ec3640e288083bb078ac7a5091c40f237ca24d90a77f7954c1f346be052d7f9
aihub,train,1,Training/01.원천데이터/TS_아토피_측면/Z4_74404_P0_L0.png,Z4_74404_P0_L0.png,Z4_74404,83aa9d2daca7593b77ff2a4940f8c973fc021956d8b6b49a7f319c45813f0f8f
aihub,train,1,Training/01.원천데이터/TS_아토피_측면/Z4_74405_P0_L0.png,Z4_74405_P0_L0.png,Z4_74405,a53668ac643b3774a00b18b173cbc7f57da4d02b737f02249bc7799098301599
aihub,train,1,Training/01.원천데이터/TS_아토피_측면/Z4_74408_P0_L0.png,Z4_74408_P0_L0.png,Z4_74408,0ce189974837a1394e0a86450c74470be23bb4169c0d7e57cbffbc10e048bd20
aihub,train,1,Training/01.원천데이터/TS_아토피_측면/Z4_74414_P0_L0.png,Z4_74414_P0_L0.png,Z4_74414,c8ee8427e556132db803384b89f0729e4fea39b5b76e7664a4b4b27af0c78c37
aihub,train,1,Training/01.원천데이터/TS_아토피_측면/Z4_74415_P0_L0.png,Z4_74415_P0_L0.png,Z4_74415,4bf232ca8fc7243fa8b7db2b6c0632c7620691573818a9785a2c9a178b3b42f1
aihub,train,1,Training/01.원천데이터/TS_아토피_측면/Z4_74419_P0_L0.png,Z4_74419_P0_L0.png,Z4_74419,4a63654e9c8ae4da725bd4353b642665125613c5222f1619db1d0e74b19cce01
aihub,train,1,Training/01.원천데이터/TS_아토피_측면/Z4_74420_P0_L0.png,Z4_74420_P0_L0.png,Z4_74420,0e84c480b6519a1b0f6fc527392b0168996f4eab75930b6d875a2f15b7f0f80c
aihub,train,1,Training/01.원천데이터/TS_아토피_측면/Z4_74421_P0_L0.png,Z4_74421_P0_L0.png,Z4_74421,b7f3ed7b43b52719d963d0ddf11e8b36d8c778fd7121562fee5561f21415c90d
aihub,train,1,Training/01.원천데이터/TS_아토피_측면/Z4_74423_P0_L0.png,Z4_74423_P0_L0.png,Z4_74423,90455304369618b339b44984020f4be7bdb7b5d41cf405374294bfa351e925eb
aihub,train,1,Training/01.원천데이터/TS_아토피_측면/Z4_74424_P0_L0.png,Z4_74424_P0_L0.png,Z4_74424,c8780c8d730c1335b93d9477775ea703d214a72c7412798e4cbcd323d5a306e4
aihub,train,1,Training/01.원천데이터/TS_아토피_측면/Z4_74425_P0_L0.png,Z4_74425_P0_L0.png,Z4_74425,ff112334ee8fa1ee68dd3d9240c21d509824dc3a8a38355d24723f8e91696c79
aihub,train,1,Training/01.원천데이터/TS_아토피_측면/Z4_74426_P0_L0.png,Z4_74426_P0_L0.png,Z4_74426,89ca9aba958eeead9487c20d4e8dd703e70f35de3e5d56cad2d775e999b80714
aihub,train,1,Training/01.원천데이터/TS_아토피_측면/Z4_74428_P0_L0.png,Z4_74428_P0_L0.png,Z4_74428,81673c52146882cc6e4b1aff0a723995d08b7977b4d598744e0d7cf1ec147b42
aihub,train,1,Training/01.원천데이터/TS_아토피_측면/Z4_74429_P0_L0.png,Z4_74429_P0_L0.png,Z4_74429,e919a76065ca0bfdbb735ec652a2fb5149c568f454ef71a99dc176b32d851785
aihub,train,1,Training/01.원천데이터/TS_아토피_측면/Z4_74432_P0_L0.png,Z4_74432_P0_L0.png,Z4_74432,b1137d57df56ff389a70d9326cb85489530468ff009a8ecd78800dfb536e37d3
aihub,train,1,Training/01.원천데이터/TS_아토피_측면/Z4_74438_P0_L0.png,Z4_74438_P0_L0.png,Z4_74438,e52e504b04e979fe4b6503d565542923aba4a8d0d1ed6bd5eb10ead2e456959e
aihub,train,1,Training/01.원천데이터/TS_아토피_측면/Z4_74447_P0_L0.png,Z4_74447_P0_L0.png,Z4_74447,a71763a5971b52f2e7f0ee2fae6737ab36cbb9bd0e27b7396e01698f105187fb
aihub,train,1,Training/01.원천데이터/TS_아토피_측면/Z4_74452_P0_L0.png,Z4_74452_P0_L0.png,Z4_74452,8637c49b3b4d2bc9234bab392992b1fd72a65489ad199ee034773550a0420ff8
aihub,train,1,Training/01.원천데이터/TS_아토피_측면/Z4_74454_P0_L0.png,Z4_74454_P0_L0.png,Z4_74454,3f710e2e188a11aeeda175a6f431f880e801c0253ad895eabad8a9f105b6d5ba
aihub,train,1,Training/01.원천데이터/TS_아토피_측면/Z4_74458_P0_L0.png,Z4_74458_P0_L0.png,Z4_74458,bdbcf8163ac6041b03d7f33837306c828d8402681719e25047b3fe581e63c938
aihub,train,1,Training/01.원천데이터/TS_아토피_측면/Z4_74471_P0_L0.png,Z4_74471_P0_L0.png,Z4_74471,a25406f194dae735ec3c16196da4269cbe7581804ddf34f3c1dad055c60455c9
aihub,train,1,Training/01.원천데이터/TS_아토피_측면/Z4_74478_P0_L0.png,Z4_74478_P0_L0.png,Z4_74478,f39788d77bd6cf9d5c688a0af1b7f18bb4202bb87da957e5a4a9fd08d7ee96ce
aihub,train,1,Training/01.원천데이터/TS_아토피_측면/Z4_74483_P0_L0.png,Z4_74483_P0_L0.png,Z4_74483,9f1918e391152abb57f6d6f337f3dbaae93d4c94c928f47c785e381eb1d0f1ba
aihub,train,1,Training/01.원천데이터/TS_아토피_측면/Z4_74485_P0_L0.png,Z4_74485_P0_L0.png,Z4_74485,4b78e553c2a81a3838b937608ee1956701eb063a008ac82e84e71b8b0ab49c11
aihub,train,1,Training/01.원천데이터/TS_아토피_측면/Z4_74486_P0_L0.png,Z4_74486_P0_L0.png,Z4_74486,0f450d6facdaba820d073907907b6764697c2524fe94f82f5afa3f46c29bfda8
aihub,train,1,Training/01.원천데이터/TS_아토피_측면/Z4_74487_P0_L0.png,Z4_74487_P0_L0.png,Z4_74487,dd5fea7bdab46d3cc7b98a908bbd355439a6de64c6fd94f148a203b0a9dd2a67
aihub,train,1,Training/01.원천데이터/TS_아토피_측면/Z4_74491_P0_L0.png,Z4_74491_P0_L0.png,Z4_74491,ee2bb22e8b39250a7f793b1f23e18afacd3ee5bc5ae4ec29f4889063b667a626
aihub,train,1,Training/01.원천데이터/TS_아토피_측면/Z4_74493_P0_L0.png,Z4_74493_P0_L0.png,Z4_74493,f0184e4a2c64b0c91e0be0dbb44c2b871207284b77f3f6af50ef496ca9e1e750
aihub,train,1,Training/01.원천데이터/TS_아토피_측면/Z4_74498_P0_L0.png,Z4_74498_P0_L0.png,Z4_74498,c1457e87b1d039765972bb6dfb6e909c5d7e323348748e14b79dd8ac52f09270
aihub,train,1,Training/01.원천데이터/TS_아토피_측면/Z4_74504_P0_L0.png,Z4_74504_P0_L0.png,Z4_74504,a606015c11a748217ba4b3f396015bb5f7bc0f8bd255cb29ff4167799f4dc924
aihub,train,1,Training/01.원천데이터/TS_아토피_측면/Z4_74505_P0_L0.png,Z4_74505_P0_L0.png,Z4_74505,698ba25072a6e52d9f1691f656a1cb59cc95ec156dc25b430d9c1e057841d0ed
aihub,train,1,Training/01.원천데이터/TS_아토피_측면/Z4_74506_P0_L0.png,Z4_74506_P0_L0.png,Z4_74506,f1e1f74d34c61c1919ea071f7e835597ff28bdacf6a8d20c790f7cea94b30829
aihub,train,1,Training/01.원천데이터/TS_아토피_측면/Z4_74618_P0_L0.png,Z4_74618_P0_L0.png,Z4_74618,a7da552386296ce27765bf628adde7c7b1b8aac231d96cdbdbeee41446bbd0d0
aihub,train,1,Training/01.원천데이터/TS_아토피_측면/Z4_74811_P0_L0.png,Z4_74811_P0_L0.png,Z4_74811,662f9b5addb111cdb77079f861cf709a4ebb3b6e4c4397941ad4a0993e859961
aihub,train,1,Training/01.원천데이터/TS_아토피_측면/Z4_74919_P0_L0.png,Z4_74919_P0_L0.png,Z4_74919,38866b815cdd20f5749e416cfde4b88dc27a688ed647dc245e45ef13952aca44
aihub,train,1,Training/01.원천데이터/TS_아토피_측면/Z4_74934_P0_L0.png,Z4_74934_P0_L0.png,Z4_74934,f293d066bbcff1c441bbdddfe7961c69aafe15e09cd885ae87f8fb3fbe115bf0
aihub,train,1,Training/01.원천데이터/TS_아토피_측면/Z4_74939_P0_L0.png,Z4_74939_P0_L0.png,Z4_74939,724b0dcbc7aed4e0d07fead141c642a0f51af5b7046a7746b65f36f11744e38d
aihub,train,1,Training/01.원천데이터/TS_아토피_측면/Z4_74960_P0_L0.png,Z4_74960_P0_L0.png,Z4_74960,1c88bdc8ad7ceb08afe9e6bf48d252cbbc2f101384448bd6aa9a900b2ec9e212
aihub,train,1,Training/01.원천데이터/TS_아토피_측면/Z4_74964_P0_L0.png,Z4_74964_P0_L0.png,Z4_74964,563c84b645eb04693c115fbb0c9a56058d0fc22d841f8919efc50099b2d0e695
aihub,train,1,Training/01.원천데이터/TS_아토피_측면/Z4_75100_P0_L0.png,Z4_75100_P0_L0.png,Z4_75100,5613777330f3e6718545bf6bede3079f6e8e5cb87cce01763534d1212f2fdd5e
aihub,train,1,Training/01.원천데이터/TS_아토피_측면/Z4_75234_P0_L0.png,Z4_75234_P0_L0.png,Z4_75234,2d4c8eadcf96e2ff763ada0f18c78b03d2c77125899ecee2daa779ba472a0c63
aihub,train,1,Training/01.원천데이터/TS_아토피_측면/Z4_75249_P0_L0.png,Z4_75249_P0_L0.png,Z4_75249,19f1921d8f2ee13ff7329cc53fd85f486a53ee80112a7d586ae2d724fa8cd88c
aihub,train,1,Training/01.원천데이터/TS_아토피_측면/Z4_75270_P0_L0.png,Z4_75270_P0_L0.png,Z4_75270,356b542e61071cf72c695f84e6b02235b37a7611cdae0ecca691a9a9c4c0b535
aihub,train,1,Training/01.원천데이터/TS_아토피_측면/Z4_75276_P0_L0.png,Z4_75276_P0_L0.png,Z4_75276,bbab3cd4d57c459e08008118f9044bb574e59222f02871564d4a9ca332b1d8cb
aihub,train,1,Training/01.원천데이터/TS_아토피_측면/Z4_75362_P0_L0.png,Z4_75362_P0_L0.png,Z4_75362,e45d1616f17440482ce06cc6497904686cce0d84647880147c07e128031cae10
aihub,train,1,Training/01.원천데이터/TS_아토피_측면/Z4_75412_P0_L0.png,Z4_75412_P0_L0.png,Z4_75412,00ed6bd21fb3c336299cc7322fd9f14678a5216330be89a6c3fdd40a6ca3456b
aihub,train,1,Training/01.원천데이터/TS_아토피_측면/Z4_75418_P0_L0.png,Z4_75418_P0_L0.png,Z4_75418,3c67ef6ab48c523c7466ba4c1d74f954fbfa08d3af1d900581427e89e5a6ea43
aihub,train,1,Training/01.원천데이터/TS_아토피_측면/Z4_75429_P0_L0.png,Z4_75429_P0_L0.png,Z4_75429,0f95405cbda5fd621416f950105aa1c3bfb9986e4bcab64e82ec6142d390161f
aihub,train,1,Training/01.원천데이터/TS_아토피_측면/Z4_75440_P0_L0.png,Z4_75440_P0_L0.png,Z4_75440,15df79f208d43dc04883f2485191b9024e1d7000bc7820bf70ed9dab049535ee
aihub,train,1,Training/01.원천데이터/TS_아토피_측면/Z4_75484_P0_L0.png,Z4_75484_P0_L0.png,Z4_75484,c4d35a711c02ebf933de448c95f368b59bc2adad871faa71ba3f6a49b30f6469
aihub,train,1,Training/01.원천데이터/TS_아토피_측면/Z4_75490_P0_L0.png,Z4_75490_P0_L0.png,Z4_75490,fa62359bc117a0613ab450c6aa94b8c442c18ffdd38dc8905e750c8393764fb3
aihub,train,1,Training/01.원천데이터/TS_아토피_측면/Z4_75591_P0_L0.png,Z4_75591_P0_L0.png,Z4_75591,409c2d15ea1db9e0685f2c2e50068d0f51d0d6716bbe11896125e2b4fc0d850b
aihub,train,1,Training/01.원천데이터/TS_아토피_측면/Z4_75629_P0_L0.png,Z4_75629_P0_L0.png,Z4_75629,51fe7c5cf01d0fb05f3c1b5278ab552efd25f4425ba829caba40825cf974de40
aihub,train,1,Training/01.원천데이터/TS_아토피_측면/Z4_75632_P0_L0.png,Z4_75632_P0_L0.png,Z4_75632,5efeec7c5ad59d7b49e5c100eb5e6e19271717d1a2649224a512155da548c3ab
aihub,train,1,Training/01.원천데이터/TS_아토피_측면/Z4_75642_P0_L0.png,Z4_75642_P0_L0.png,Z4_75642,a79982669242b0cee44e7a9a7d43f8e81794172030303fd6a1acd6e5d9308af4
aihub,train,1,Training/01.원천데이터/TS_아토피_측면/Z4_75651_P0_L0.png,Z4_75651_P0_L0.png,Z4_75651,b0773479aa0c3f897b7a959dad19320ae021d0b7fe50b2084a62e2f86332ae3a
aihub,train,1,Training/01.원천데이터/TS_아토피_측면/Z4_75667_P0_L0.png,Z4_75667_P0_L0.png,Z4_75667,05a2790605a3aa8587a0c60af298546fcf54283485d603b06a0af7228a769edf
aihub,train,1,Training/01.원천데이터/TS_아토피_측면/Z4_75668_P0_L0.png,Z4_75668_P0_L0.png,Z4_75668,fe2ab5547ba3cc1ab63d5b8703ab90d4beb414642e60a7446439fd4d6ce77f46
aihub,train,1,Training/01.원천데이터/TS_아토피_측면/Z4_75684_P0_L0.png,Z4_75684_P0_L0.png,Z4_75684,180363c9e8474e8b982e4a1d84cdbb6087f20311b239d04c3bfb3ff581c73584
aihub,train,1,Training/01.원천데이터/TS_아토피_측면/Z4_75694_P0_L0.png,Z4_75694_P0_L0.png,Z4_75694,ae14cfc869dc454a23d316beea565a5487b667c2dc44a117a1361774273a2d11
aihub,train,1,Training/01.원천데이터/TS_아토피_측면/Z4_75706_P0_L0.png,Z4_75706_P0_L0.png,Z4_75706,5ac0e674a137d5921ac787eea7c4bb0d0d5665f81c5db400cb105a5a2acdb97e
aihub,train,1,Training/01.원천데이터/TS_아토피_측면/Z4_75717_P0_L0.png,Z4_75717_P0_L0.png,Z4_75717,eaa774506dc7296bd981457f639fcd92b677c2b2235fec62d48b2526a1e308c4
aihub,train,1,Training/01.원천데이터/TS_아토피_측면/Z4_75720_P0_L0.png,Z4_75720_P0_L0.png,Z4_75720,0d13652882ea10c2b97b5e990d39829d56dd5a35c392283132b309cfdebfb87a
aihub,train,1,Training/01.원천데이터/TS_아토피_측면/Z4_75748_P0_L0.png,Z4_75748_P0_L0.png,Z4_75748,662939399290993ff2340390f0d7b0786a56b592143c32c5a378540c0251a273
aihub,train,1,Training/01.원천데이터/TS_아토피_측면/Z4_75751_P0_L0.png,Z4_75751_P0_L0.png,Z4_75751,1a0adbb1e655541261d770ffac980181609bdf62080e3760ce29cff4b6df182d
aihub,train,1,Training/01.원천데이터/TS_아토피_측면/Z4_75763_P0_L0.png,Z4_75763_P0_L0.png,Z4_75763,3b5b4bec19fc7fb8b80af6178f9cae8ea6e9629961dccd1902f68a0cb0e41892
aihub,train,1,Training/01.원천데이터/TS_아토피_측면/Z4_75786_P0_L0.png,Z4_75786_P0_L0.png,Z4_75786,7a799c85867f29c214a1e573afd5c87c5568aaecf888ef39bb0a450a8d8e3026
aihub,train,1,Training/01.원천데이터/TS_아토피_측면/Z4_75790_P0_L0.png,Z4_75790_P0_L0.png,Z4_75790,79364a356ba6b447d2773c573ed6ce07fc57f55a0b31c31711b03f4ffea2bc0c
aihub,train,1,Training/01.원천데이터/TS_아토피_측면/Z4_75796_P0_L0.png,Z4_75796_P0_L0.png,Z4_75796,0bb89887fe2964c6891bde091cf9478ddc28026aedc2e89432318760d3125c66
aihub,train,1,Training/01.원천데이터/TS_아토피_측면/Z4_75800_P0_L0.png,Z4_75800_P0_L0.png,Z4_75800,e22417fe211a29883e9d817fa51db416f7cd98ec3711ed8803a113bc729b0f33
aihub,train,1,Training/01.원천데이터/TS_아토피_측면/Z4_75810_P0_L0.png,Z4_75810_P0_L0.png,Z4_75810,66ddcb38eb6308a32f3dadd24272fa95666607acbadb0a3824307f01a4d76238
aihub,train,1,Training/01.원천데이터/TS_아토피_측면/Z4_75813_P0_L0.png,Z4_75813_P0_L0.png,Z4_75813,a710055cb65b5aed5172ffc015b91abdb330e420d3df366aa5bae08d7a9f572a
aihub,train,1,Training/01.원천데이터/TS_아토피_측면/Z4_75815_P0_L0.png,Z4_75815_P0_L0.png,Z4_75815,be0eef6f256fd20285b4551f19ac4913f42bbc3eaa6d89d2fda4f6383dff252d
aihub,train,1,Training/01.원천데이터/TS_아토피_측면/Z4_75819_P0_L0.png,Z4_75819_P0_L0.png,Z4_75819,92148dbf4a77cb3e5fc14c35eed998ad86670889d721ecb538c8069b9b9f9bcd
aihub,train,1,Training/01.원천데이터/TS_아토피_측면/Z4_75825_P0_L0.png,Z4_75825_P0_L0.png,Z4_75825,165f021b8228331de24eb12852357cc3225ceee39dc03811ca38300255c8c503
aihub,train,1,Training/01.원천데이터/TS_아토피_측면/Z4_75832_P0_L0.png,Z4_75832_P0_L0.png,Z4_75832,c1a8e67b7fe0ebc3f9e5efb3fba434dfaad685f700d5005b70404aa72424654a
aihub,train,1,Training/01.원천데이터/TS_아토피_측면/Z4_75833_P0_L0.png,Z4_75833_P0_L0.png,Z4_75833,658d8ed56a816fb0f1306c123a3c2236c9976e8edc9053c365bebefc208aeee2
aihub,train,1,Training/01.원천데이터/TS_아토피_측면/Z4_75836_P0_L0.png,Z4_75836_P0_L0.png,Z4_75836,80a3f7a78f8d3c6c9661e2a3599b068adaa6e45f43125917ab80200085a922c3
aihub,train,1,Training/01.원천데이터/TS_아토피_측면/Z4_75840_P0_L0.png,Z4_75840_P0_L0.png,Z4_75840,b24c214b7b83d0a83e4f626a34dad06fac8c3bc2e53f05be1c12b83fdef73e7d
aihub,train,1,Training/01.원천데이터/TS_아토피_측면/Z4_75842_P0_L0.png,Z4_75842_P0_L0.png,Z4_75842,3218544bae099f7b90d626a56b8855190b595a7f4e4f75b968815c9043a5d785
aihub,train,1,Training/01.원천데이터/TS_아토피_측면/Z4_75850_P0_L0.png,Z4_75850_P0_L0.png,Z4_75850,0eb442c33acdba015e25c2af1cc97c3e7ca179009d59044458b8bf568bf898ec
aihub,train,1,Training/01.원천데이터/TS_아토피_측면/Z4_75854_P0_L0.png,Z4_75854_P0_L0.png,Z4_75854,6b74effac0a22f955cd096d7656bd55a1528fa4725ac97f60045a0bad771df9d
aihub,train,1,Training/01.원천데이터/TS_아토피_측면/Z4_75859_P0_L0.png,Z4_75859_P0_L0.png,Z4_75859,e2c8f38b77f4a2bfc2e9723d00eeead1994f52629e998b868e1475bcd23c93c1
aihub,train,1,Training/01.원천데이터/TS_아토피_측면/Z4_75863_P0_L0.png,Z4_75863_P0_L0.png,Z4_75863,af9dcf6c9fa53bf67ce19083711598301a5111ac19c725f368b9097be4bff0e9
aihub,train,1,Training/01.원천데이터/TS_아토피_측면/Z4_75872_P0_L0.png,Z4_75872_P0_L0.png,Z4_75872,e47be410efddd4f17261c83a76c862070187e074291ccd6452433fe0c03b2438
aihub,train,1,Training/01.원천데이터/TS_아토피_측면/Z4_75874_P0_L0.png,Z4_75874_P0_L0.png,Z4_75874,9da0663c8e8aa4e4acd37ddbbbab30a70d6cb82e59f38006703826d2a6db3341
aihub,train,1,Training/01.원천데이터/TS_아토피_측면/Z4_75882_P0_L0.png,Z4_75882_P0_L0.png,Z4_75882,4ec14127d03f3c46fcf53c3caafddb1819d34ef0020d0f39eb499a4991a4169a
aihub,train,1,Training/01.원천데이터/TS_아토피_측면/Z4_75883_P0_L0.png,Z4_75883_P0_L0.png,Z4_75883,253975abfcb4f7746026ec21770827d77239e455b8622f91280042ddf7b09fa8
aihub,train,1,Training/01.원천데이터/TS_아토피_측면/Z4_75884_P0_L0.png,Z4_75884_P0_L0.png,Z4_75884,5a65303e8b48ed2256e1bd178390b4a3a92dd7d074469e6147da0d99fe863e80
aihub,train,1,Training/01.원천데이터/TS_아토피_측면/Z4_75888_P0_L0.png,Z4_75888_P0_L0.png,Z4_75888,fc93ea5082b94a68a2baeb86d5ef7354c298fa34123e717261a6cdbfe21361d8
aihub,train,1,Training/01.원천데이터/TS_아토피_측면/Z4_75889_P0_L0.png,Z4_75889_P0_L0.png,Z4_75889,226763e6da6c93a30a3bbd4a7c3686bc84ff7438b6abdecafcf018bfec1e9a92
aihub,train,1,Training/01.원천데이터/TS_아토피_측면/Z4_75890_P0_L0.png,Z4_75890_P0_L0.png,Z4_75890,98f7a28b8ee4bdcaa7ff701c79dadd463a8b115787dfc7aed5b1cbc0323a045f
aihub,train,1,Training/01.원천데이터/TS_아토피_측면/Z4_75892_P0_L0.png,Z4_75892_P0_L0.png,Z4_75892,29d410a0ac9d6c200b157fcd830942777b1061f2e26fb6cb6297dc261f1c807f
aihub,train,1,Training/01.원천데이터/TS_아토피_측면/Z4_75895_P0_L0.png,Z4_75895_P0_L0.png,Z4_75895,53c753b002aeb135e168bd1aa6554ab9fc4d4c5bc96529096d0319b08270162e
aihub,train,1,Training/01.원천데이터/TS_아토피_측면/Z4_75897_P0_L0.png,Z4_75897_P0_L0.png,Z4_75897,a40020f37edb9a40385ccc03f7b11c7cda93cc37faca3f33af2376db772c926a
aihub,train,1,Training/01.원천데이터/TS_아토피_측면/Z4_75899_P0_L0.png,Z4_75899_P0_L0.png,Z4_75899,b255fa6050fa4a07cbe0cdbd58466efcc298a422c8f83483ff207aa16df4abd3
aihub,train,1,Training/01.원천데이터/TS_아토피_측면/Z4_75902_P0_L0.png,Z4_75902_P0_L0.png,Z4_75902,ef4711903b16c36342a7f30c2179875ea8adb002480bee97a3ad178e00a076ba
aihub,train,1,Training/01.원천데이터/TS_아토피_측면/Z4_75904_P0_L0.png,Z4_75904_P0_L0.png,Z4_75904,759b66006a48a7d8a0ddef1ea53f087d6981d1c675b691bec62322a4aa310c2f
aihub,train,1,Training/01.원천데이터/TS_아토피_측면/Z4_75905_P0_L0.png,Z4_75905_P0_L0.png,Z4_75905,e465c4f2c02c30b070d1cc11b831aa718502180f75c756225e9305908e3397e2
aihub,train,1,Training/01.원천데이터/TS_아토피_측면/Z4_75906_P0_L0.png,Z4_75906_P0_L0.png,Z4_75906,8b53d3012c51f6fa119b9b2fb0dcb4e4349c28baa4b6ac792a9b58d2e62a333d
aihub,train,1,Training/01.원천데이터/TS_아토피_측면/Z4_75908_P0_L0.png,Z4_75908_P0_L0.png,Z4_75908,7902be88c8649e092335d793c58ad7c465d992e59e0b9ea5f8089fddb383f9fe
aihub,train,1,Training/01.원천데이터/TS_아토피_측면/Z4_75910_P0_L0.png,Z4_75910_P0_L0.png,Z4_75910,5862064251fcec17411ed736ef694e3d6359d995b88c14c74e971d8a65647587
aihub,train,1,Training/01.원천데이터/TS_아토피_측면/Z4_75911_P0_L0.png,Z4_75911_P0_L0.png,Z4_75911,2eaa822a4c63893f68f6f90a55b9c70083726e9626a6ba3524e5c87959413b33
aihub,train,1,Training/01.원천데이터/TS_아토피_측면/Z4_75912_P0_L0.png,Z4_75912_P0_L0.png,Z4_75912,0386d5710111295f7f66ca284ee9b3d8fd800baa33ed513972f331d06239c608
aihub,train,1,Training/01.원천데이터/TS_아토피_측면/Z4_75914_P0_L0.png,Z4_75914_P0_L0.png,Z4_75914,baa99334daedc1e69f38aadd55f0d6296714ad5736e37088a17287297d6a2a44
aihub,train,1,Training/01.원천데이터/TS_아토피_측면/Z4_75915_P0_L0.png,Z4_75915_P0_L0.png,Z4_75915,9638a2db3b7f4685eab45f538d748d9d8a2c740b580235966d0c2e96fc4ef05b
aihub,train,1,Training/01.원천데이터/TS_아토피_측면/Z4_75916_P0_L0.png,Z4_75916_P0_L0.png,Z4_75916,52371ec565aa35f4f107748a1a40cb61656214fa90159931d1de47a51171122c
aihub,train,1,Training/01.원천데이터/TS_아토피_측면/Z4_75919_P0_L0.png,Z4_75919_P0_L0.png,Z4_75919,1d9a79de692b99d1fe9a9b0c0b24a11f853a8c66f6dd01d83ad0a956f79c0633
aihub,train,1,Training/01.원천데이터/TS_아토피_측면/Z4_75921_P0_L0.png,Z4_75921_P0_L0.png,Z4_75921,ab377e08af7b8492c9b4d0e31aba18c5dfea6a02c8b21216791aad6272ab29dc
aihub,train,1,Training/01.원천데이터/TS_아토피_측면/Z4_75922_P0_L0.png,Z4_75922_P0_L0.png,Z4_75922,5e2076b76a02054c55cecc876164ee628b7cfc6e14993f0050de251d2171ff45
aihub,train,1,Training/01.원천데이터/TS_아토피_측면/Z4_75923_P0_L0.png,Z4_75923_P0_L0.png,Z4_75923,6d98b1fb5a5e49c40cbd0fffed9be30845c63be8b9494fe9ada1b60023eb4937
aihub,train,1,Training/01.원천데이터/TS_아토피_측면/Z4_75924_P0_L0.png,Z4_75924_P0_L0.png,Z4_75924,7e2feb684e0e7da374116e82711e191271f444bb855691ebbd9535e0fefd34b5
aihub,train,1,Training/01.원천데이터/TS_아토피_측면/Z4_75925_P0_L0.png,Z4_75925_P0_L0.png,Z4_75925,a1fa4fde652c96f16f620745edc2ff1b8365817b7915d246ea93cd5196770fd4
aihub,train,1,Training/01.원천데이터/TS_아토피_측면/Z4_75927_P0_L0.png,Z4_75927_P0_L0.png,Z4_75927,dcfad262f01661ffa02bffc1e33e8249387ec6b3a8cca5f87e3aac3b3f2afce5
aihub,train,1,Training/01.원천데이터/TS_아토피_측면/Z4_75928_P0_L0.png,Z4_75928_P0_L0.png,Z4_75928,d3768f1c58b0e014bb04e6c31efcf799dc2c1381b0483c784bdfaca807f88303
aihub,train,1,Training/01.원천데이터/TS_아토피_측면/Z4_75931_P0_L0.png,Z4_75931_P0_L0.png,Z4_75931,757db2a197d1db80dbdb45c3574f4fe068d17bce705294af0ec97ec2766a7961
aihub,train,1,Training/01.원천데이터/TS_아토피_측면/Z4_75932_P0_L0.png,Z4_75932_P0_L0.png,Z4_75932,757db2a197d1db80dbdb45c3574f4fe068d17bce705294af0ec97ec2766a7961
aihub,train,1,Training/01.원천데이터/TS_아토피_측면/Z4_75933_P0_L0.png,Z4_75933_P0_L0.png,Z4_75933,a462a2e7a622babbd7e0f1b184d24cc6df6b2c0ad3c1cbaa982e67c4104a743b
aihub,train,1,Training/01.원천데이터/TS_아토피_측면/Z4_75936_P0_L0.png,Z4_75936_P0_L0.png,Z4_75936,f67ac630d96c92a22d9e3f6f5e6471e392b84eadb64483693ac0c6bef1e8392f
aihub,train,1,Training/01.원천데이터/TS_아토피_측면/Z4_75937_P0_L0.png,Z4_75937_P0_L0.png,Z4_75937,f492a3a2bd4bbe1f7c71933eb9051df57c0c7e3b79ce46d14d24e1e4046ee787
aihub,train,1,Training/01.원천데이터/TS_아토피_측면/Z4_75939_P0_L0.png,Z4_75939_P0_L0.png,Z4_75939,089fdf2c85a533edfb5b9c89e3d63de06531e87c7ad5a166cd3656ad4d5b4d28
aihub,train,1,Training/01.원천데이터/TS_아토피_측면/Z4_75940_P0_L0.png,Z4_75940_P0_L0.png,Z4_75940,fc1c6ed3b968bfa86fbeafecd53c6f7f14f3267347271778c7558df691304fa1
aihub,train,1,Training/01.원천데이터/TS_아토피_측면/Z4_75942_P0_L0.png,Z4_75942_P0_L0.png,Z4_75942,bd4b0d0955e2c24b817e14d4f9bb088411710944aa76e85e1c03b4d8d8796bd7
aihub,train,1,Training/01.원천데이터/TS_아토피_측면/Z4_75944_P0_L0.png,Z4_75944_P0_L0.png,Z4_75944,a0ac200659e17bca69ef989ac192936ea6c629269ac1fd4510548a1a1d307e41
aihub,train,1,Training/01.원천데이터/TS_아토피_측면/Z4_75946_P0_L0.png,Z4_75946_P0_L0.png,Z4_75946,47d4d16a6a7b95bd25bd3dac8f97110037646034c5cb0926bbbfa5ad51f29c25
aihub,train,1,Training/01.원천데이터/TS_아토피_측면/Z4_75947_P0_L0.png,Z4_75947_P0_L0.png,Z4_75947,1f094bd5f2b9713c890ab64348d5d3fa201abfb20e8b225fd0c486a681b21cfe
aihub,train,1,Training/01.원천데이터/TS_아토피_측면/Z4_75948_P0_L0.png,Z4_75948_P0_L0.png,Z4_75948,f35eee10e851f847f5d92cb419ece31dc6fc7d9706c0af6eacd6b2c921612c42
aihub,train,1,Training/01.원천데이터/TS_아토피_측면/Z4_75949_P0_L0.png,Z4_75949_P0_L0.png,Z4_75949,cebeb64a1459bfa1bc59c93d6b6f1edc85dba5e4d648f2b7ae9b816034dbae8e
aihub,train,1,Training/01.원천데이터/TS_아토피_측면/Z4_75954_P0_L0.png,Z4_75954_P0_L0.png,Z4_75954,8b8af511ea28c88c7ddf00006f3a77e701318ee4f27c3611bc7dbca85f68b52b
aihub,train,1,Training/01.원천데이터/TS_아토피_측면/Z4_75955_P0_L0.png,Z4_75955_P0_L0.png,Z4_75955,22e6ff438720b4bcd2643d4c9e37c48b16246a98f190e60e9bb0bccb81b19bbc
aihub,train,1,Training/01.원천데이터/TS_아토피_측면/Z4_75956_P0_L0.png,Z4_75956_P0_L0.png,Z4_75956,e44492d40aa38f7a5a0326d89589750644323f0a5839599b936c856c3d6f163d
aihub,train,1,Training/01.원천데이터/TS_아토피_측면/Z4_75957_P0_L0.png,Z4_75957_P0_L0.png,Z4_75957,b802cd47c2a5e6b46c5499c6f280a6e45c217c3fa696962e01d16590c18f9d35
aihub,train,1,Training/01.원천데이터/TS_아토피_측면/Z4_75958_P0_L0.png,Z4_75958_P0_L0.png,Z4_75958,540ddda919211336a7e2136562a4ad9d2980e76491d0b869844c2d52e6506631
aihub,train,1,Training/01.원천데이터/TS_아토피_측면/Z4_75960_P0_L0.png,Z4_75960_P0_L0.png,Z4_75960,26d29992fc5e0ed7766d4fc2c0a9b3d23e4264b004dcd591e7e61f799028e944
aihub,train,1,Training/01.원천데이터/TS_아토피_측면/Z4_75962_P0_L0.png,Z4_75962_P0_L0.png,Z4_75962,b36677795a5deaede163a8537a3df6087fc2ab965d9a5ff5e8f25fe02434919d
aihub,train,1,Training/01.원천데이터/TS_아토피_측면/Z4_75963_P0_L0.png,Z4_75963_P0_L0.png,Z4_75963,4be1ade4958d77328e479805583d5f30b3a12de40dc6c60ec33abecadc091d9f
aihub,train,1,Training/01.원천데이터/TS_아토피_측면/Z4_75965_P0_L0.png,Z4_75965_P0_L0.png,Z4_75965,1c51ccb1db6ada689bb1c93bb8b7c91a4e9b39ccdba96bf87417021e4ccf95bc
aihub,train,1,Training/01.원천데이터/TS_아토피_측면/Z4_75967_P0_L0.png,Z4_75967_P0_L0.png,Z4_75967,2dac692ee936df664a4dce7353ccbe92416b4e36f4ccd5df776bb8bae692d3b3
aihub,train,1,Training/01.원천데이터/TS_아토피_측면/Z4_75968_P0_L0.png,Z4_75968_P0_L0.png,Z4_75968,6ad5e0e5e31811c312bb7819eadb1ab13e3756486bcd94b36732e8540a873be9
aihub,train,1,Training/01.원천데이터/TS_아토피_측면/Z4_75970_P0_L0.png,Z4_75970_P0_L0.png,Z4_75970,0f99e1deab22715f7ded6a29f3503ece00c469619e063d54fa7c71e0110f17dd
aihub,train,1,Training/01.원천데이터/TS_아토피_측면/Z4_75971_P0_L0.png,Z4_75971_P0_L0.png,Z4_75971,2941a85f7a537bd0315b8eb3a63caf3a2096b399fc0c2b2e9e70055c2e73b627
aihub,train,1,Training/01.원천데이터/TS_아토피_측면/Z4_75973_P0_L0.png,Z4_75973_P0_L0.png,Z4_75973,f803b1c54d56eafded80637b6149c5a6a287e439d0dcbf10f1a438165af18b01
aihub,train,1,Training/01.원천데이터/TS_아토피_측면/Z4_75975_P0_L0.png,Z4_75975_P0_L0.png,Z4_75975,9075736695909c401c2a6b26f1ff4d4f07324b6352c38588395f87508ee248ac
aihub,train,1,Training/01.원천데이터/TS_아토피_측면/Z4_75976_P0_L0.png,Z4_75976_P0_L0.png,Z4_75976,811d45d63579ca40cccf322c190efe053ac556be285f1c26e46d8dee3d4e2eeb
aihub,train,1,Training/01.원천데이터/TS_아토피_측면/Z4_75980_P0_L0.png,Z4_75980_P0_L0.png,Z4_75980,f5d4a7949382408ecd01325283f324b8e3ca3c95de16e4f49d78f6fd6e54e1b3
aihub,train,1,Training/01.원천데이터/TS_아토피_측면/Z4_75986_P0_L0.png,Z4_75986_P0_L0.png,Z4_75986,bb6b75e82d7e972582bdfda80e3ab96e4b27989d618b1b7ec3b5a2a957628d2d
aihub,train,1,Training/01.원천데이터/TS_아토피_측면/Z4_75987_P0_L0.png,Z4_75987_P0_L0.png,Z4_75987,e6a7eae4447de56486c128ea1ea0768fb15e46b5ca32d5660f527e884dfe70b4
aihub,train,1,Training/01.원천데이터/TS_아토피_측면/Z4_75990_P0_L0.png,Z4_75990_P0_L0.png,Z4_75990,e3a8db643df54178c759a2f75de179674ccc50b1accb3ff598b649db8de811b5
aihub,train,1,Training/01.원천데이터/TS_아토피_측면/Z4_76005_P0_L0.png,Z4_76005_P0_L0.png,Z4_76005,022a6230b55f49e9f81804248f9abc54828a25796223881f2f0ac8c1950b0322
aihub,train,1,Training/01.원천데이터/TS_아토피_측면/Z4_76011_P0_L0.png,Z4_76011_P0_L0.png,Z4_76011,f1ac416ccb730817be245bd8089ea4cabd1b4d234014c7041426ee27eb6f9a3f
aihub,train,1,Training/01.원천데이터/TS_아토피_측면/Z4_76013_P0_L0.png,Z4_76013_P0_L0.png,Z4_76013,d00719fdbc5fec948816a560cb53dae7921da75577b6c5918dcf1a841e8e347a
aihub,train,1,Training/01.원천데이터/TS_아토피_측면/Z4_76017_P0_L0.png,Z4_76017_P0_L0.png,Z4_76017,31d1df26e31195bf453f05446ab37244e52845ff89c8cb089bec45d16e242b64
aihub,train,1,Training/01.원천데이터/TS_아토피_측면/Z4_76018_P0_L0.png,Z4_76018_P0_L0.png,Z4_76018,573ed6adc5fd2b2f9e560a21ac379b95f047d6745b2e0299beeea77ee652fe4b
aihub,train,1,Training/01.원천데이터/TS_아토피_측면/Z4_76019_P0_L0.png,Z4_76019_P0_L0.png,Z4_76019,0fa9037e9934d4cfabbca40a0fc98f3adbc04c18fb5a10437d88291bd1e78839
aihub,train,1,Training/01.원천데이터/TS_아토피_측면/Z4_76020_P0_L0.png,Z4_76020_P0_L0.png,Z4_76020,b6892626aa0f26e565cfc7902502bed8c01024cc813f8934e6e7e59e0afa159f
aihub,train,1,Training/01.원천데이터/TS_아토피_측면/Z4_76024_P0_L0.png,Z4_76024_P0_L0.png,Z4_76024,d344b88b0bbb46e5aebbc30c0fa05d468bafcee6058deb1d055062d824b47f28
aihub,train,1,Training/01.원천데이터/TS_아토피_측면/Z4_76025_P0_L0.png,Z4_76025_P0_L0.png,Z4_76025,7d5c86f40c809fa6746b6106745defca5aa89f0184d85b1c1c4383408fc05aa4
aihub,train,1,Training/01.원천데이터/TS_아토피_측면/Z4_76026_P0_L0.png,Z4_76026_P0_L0.png,Z4_76026,4760daf61f4a896c456c4ae4c3444904b36f9690a671e9dea8b95c9e66c5b872
aihub,train,1,Training/01.원천데이터/TS_아토피_측면/Z4_76027_P0_L0.png,Z4_76027_P0_L0.png,Z4_76027,ec993d991213e5958bdf19df3f013db9d6a7cee1454a6a0c6c285f1694adf84a
aihub,train,1,Training/01.원천데이터/TS_아토피_측면/Z4_76030_P0_L0.png,Z4_76030_P0_L0.png,Z4_76030,2840042ced42aadd9924e080e59dbca541cb764226886395f28b2ef08becde25
aihub,train,1,Training/01.원천데이터/TS_아토피_측면/Z4_76031_P0_L0.png,Z4_76031_P0_L0.png,Z4_76031,90be6528ecd810b1852237543c1177d5cb27756c7ad4b6e0ed092008fe6481ed
aihub,train,1,Training/01.원천데이터/TS_아토피_측면/Z4_76032_P0_L0.png,Z4_76032_P0_L0.png,Z4_76032,0e1bc6f642c08fb65b21b6e64a91c3b353749b751f0f3c4968ea16046965ffc7
aihub,train,1,Training/01.원천데이터/TS_아토피_측면/Z4_76039_P0_L0.png,Z4_76039_P0_L0.png,Z4_76039,146c732379700d9b88becc274e0161fe4785bbe150c7f6c8eb091f505cadf3c1
aihub,train,1,Training/01.원천데이터/TS_아토피_측면/Z4_76040_P0_L0.png,Z4_76040_P0_L0.png,Z4_76040,52de62da25e3b0eac37e7b008c68afe11b1eaddf3cbdb27c3f10667abfc2db53
aihub,train,1,Training/01.원천데이터/TS_아토피_측면/Z4_76043_P0_L0.png,Z4_76043_P0_L0.png,Z4_76043,333d45165eee246bd4ca033c04982a892eca0ead42744cdd40bed66aef19947c
aihub,train,1,Training/01.원천데이터/TS_아토피_측면/Z4_76045_P0_L0.png,Z4_76045_P0_L0.png,Z4_76045,0aced5f7242751aec973cb4a5537504fe4397b37b4d02fc27ea4c357aee7a0bf
aihub,train,1,Training/01.원천데이터/TS_아토피_측면/Z4_76046_P0_L0.png,Z4_76046_P0_L0.png,Z4_76046,cdb146af21587b5eb6e303e811423a4e649b3912493c0e3de4192ae50fcdae24
aihub,train,1,Training/01.원천데이터/TS_아토피_측면/Z4_76049_P0_L0.png,Z4_76049_P0_L0.png,Z4_76049,44ccb949c9ebc1b1d6974e17ea1feed1f8a4797fc98e1147c9236726a29e59b1
aihub,train,1,Training/01.원천데이터/TS_아토피_측면/Z4_76050_P0_L0.png,Z4_76050_P0_L0.png,Z4_76050,7684cbddcb28548ba88fd2192ce53b039331f96460193bf38ab192c1049a918a
aihub,train,1,Training/01.원천데이터/TS_아토피_측면/Z4_76059_P0_L0.png,Z4_76059_P0_L0.png,Z4_76059,d409e79c0733316462651b5723ec8517a736246d40e8d96ef70766ba6fea4aad
aihub,train,1,Training/01.원천데이터/TS_아토피_측면/Z4_76061_P0_L0.png,Z4_76061_P0_L0.png,Z4_76061,dc31c0f7e82aa53990a9658bdbb6a5f7a0c698e194e8debd1f9f945ffa8a4969
aihub,train,1,Training/01.원천데이터/TS_아토피_측면/Z4_76062_P0_L0.png,Z4_76062_P0_L0.png,Z4_76062,342ef255e3473d5c2c3dab89ee850838f38f913f20905752992d0b56f0bbbf24
aihub,train,1,Training/01.원천데이터/TS_아토피_측면/Z4_76063_P0_L0.png,Z4_76063_P0_L0.png,Z4_76063,b12cf923e71cda9a5bf7e6105661fa70d03e73998eca4289dda90866a47a7663
aihub,train,1,Training/01.원천데이터/TS_아토피_측면/Z4_76064_P0_L0.png,Z4_76064_P0_L0.png,Z4_76064,4e8debeba56bb9723b3b0f4b4eecff7c664d703126b953a0fc8d8760fa4dba3a
aihub,train,1,Training/01.원천데이터/TS_아토피_측면/Z4_76067_P0_L0.png,Z4_76067_P0_L0.png,Z4_76067,7472186eb7b48739953026da9233d909a16cc38a58a523159be83de12e676387
aihub,train,1,Training/01.원천데이터/TS_아토피_측면/Z4_76071_P0_L0.png,Z4_76071_P0_L0.png,Z4_76071,e44ad3d5c9c154a5c87f6a7e8610e724e6db5102d00d3ca217d9ac37349e94f9
aihub,train,1,Training/01.원천데이터/TS_아토피_측면/Z4_76076_P0_L0.png,Z4_76076_P0_L0.png,Z4_76076,0257d541468429a7ad31ffd639a1716d97dc9b224ed45cee53903ada62df3833
aihub,train,1,Training/01.원천데이터/TS_아토피_측면/Z4_76078_P0_L0.png,Z4_76078_P0_L0.png,Z4_76078,85658bb87f778da118942e574b3300c86d2bd239838fe90a8215c9076406e1ee
aihub,train,1,Training/01.원천데이터/TS_아토피_측면/Z4_76080_P0_L0.png,Z4_76080_P0_L0.png,Z4_76080,a8c67457f8930aaf2b49d13095ba9c512801172f231c5911ea55731b0b4be70d
aihub,train,1,Training/01.원천데이터/TS_아토피_측면/Z4_76082_P0_L0.png,Z4_76082_P0_L0.png,Z4_76082,c4f06308f2a05f3e80925afd108f88d6776f5f5f43f81e640bad25e7f98c4605
aihub,train,1,Training/01.원천데이터/TS_아토피_측면/Z4_76084_P0_L0.png,Z4_76084_P0_L0.png,Z4_76084,88d692efcacf9770e60558def12b00a4bb4c1e97f22d8d0ea6502c2639cdf94a
aihub,train,1,Training/01.원천데이터/TS_아토피_측면/Z4_76087_P0_L0.png,Z4_76087_P0_L0.png,Z4_76087,629a2502d171ba6d12064f5f3f44478b267e9531ad61429918dc20ce7a78c3e7
aihub,train,1,Training/01.원천데이터/TS_아토피_측면/Z4_76089_P0_L0.png,Z4_76089_P0_L0.png,Z4_76089,f367e29e7151f755399ee4061182d80585d29bfef731a3060adf61c926951f37
aihub,train,1,Training/01.원천데이터/TS_아토피_측면/Z4_76091_P0_L0.png,Z4_76091_P0_L0.png,Z4_76091,0e5db2a5a1c6024c4b92fe32b154c124c190df95d98df0f5612a0b23da5f528a
aihub,train,1,Training/01.원천데이터/TS_아토피_측면/Z4_76095_P0_L0.png,Z4_76095_P0_L0.png,Z4_76095,9d4513a1b3ffa6daf470a69c1066368d1c108f3663c4edbd96278bf459958c08
aihub,train,1,Training/01.원천데이터/TS_아토피_측면/Z4_76096_P0_L0.png,Z4_76096_P0_L0.png,Z4_76096,aaf48294e5bcf7e16dc020b825e227bffa980065ace882a2de86d8adb942054a
aihub,train,1,Training/01.원천데이터/TS_아토피_측면/Z4_76099_P0_L0.png,Z4_76099_P0_L0.png,Z4_76099,7d02423c8b4d3bac70d02430fcb0490a5f4793e872491f47bbe64c9546107795
aihub,train,1,Training/01.원천데이터/TS_아토피_측면/Z4_76100_P0_L0.png,Z4_76100_P0_L0.png,Z4_76100,c1908ccbec2d674f2028f6b36217e72c012d6d325c577e72dd9660ac12b4c1e5
aihub,train,1,Training/01.원천데이터/TS_아토피_측면/Z4_76102_P0_L0.png,Z4_76102_P0_L0.png,Z4_76102,6586583a47af092b5db858f444ba935c923d85afc62f4a7a84cbe91eae639a6c
aihub,train,1,Training/01.원천데이터/TS_아토피_측면/Z4_76108_P0_L0.png,Z4_76108_P0_L0.png,Z4_76108,dd2e930da473e872e301c59a1bb8deb048d29769fe60f7f1675d804f8da18d67
aihub,train,1,Training/01.원천데이터/TS_아토피_측면/Z4_76110_P0_L0.png,Z4_76110_P0_L0.png,Z4_76110,ecd0aad9049ea0fcfc802b4da60dcbb75d3646bb2564cb6fb9ad2895db8bfd30
aihub,train,1,Training/01.원천데이터/TS_아토피_측면/Z4_76120_P0_L0.png,Z4_76120_P0_L0.png,Z4_76120,a183433d84f6f37e84e5b0f22ce8f1d9eb7037aff17a45e4869649258e47de34
aihub,train,1,Training/01.원천데이터/TS_아토피_측면/Z4_76136_P0_L0.png,Z4_76136_P0_L0.png,Z4_76136,9c1a700345bbfa789fcfb3f15a89ecd4df8e5cc04fb2de44977ad1b93137571b
aihub,train,1,Training/01.원천데이터/TS_아토피_측면/Z4_76138_P0_L0.png,Z4_76138_P0_L0.png,Z4_76138,1cc9a2ad38499127503b34e5a2bdb2fd372982d59f43e8709aeba21731ffa629
aihub,train,1,Training/01.원천데이터/TS_아토피_측면/Z4_76148_P0_L0.png,Z4_76148_P0_L0.png,Z4_76148,05721647ec13b9cbe3b7a0faf42172df137cb48956ec655e28377addec375c18
aihub,train,1,Training/01.원천데이터/TS_아토피_측면/Z4_76151_P0_L0.png,Z4_76151_P0_L0.png,Z4_76151,53b58de2036312ac1d22b020706154eb778d0bf62e0e5fa34dc95fb02fa7b17d
aihub,train,1,Training/01.원천데이터/TS_아토피_측면/Z4_76153_P0_L0.png,Z4_76153_P0_L0.png,Z4_76153,f5e299515370941e68517a28b5d1031ffd8ae4cb23e87d1d52094d2ddc703769
aihub,train,1,Training/01.원천데이터/TS_아토피_측면/Z4_76156_P0_L0.png,Z4_76156_P0_L0.png,Z4_76156,89a301307a97643d5e7863bb6f210988aea6fd79cb2a0bb4ebdbb3f7195c304b
aihub,train,1,Training/01.원천데이터/TS_아토피_측면/Z4_76159_P0_L0.png,Z4_76159_P0_L0.png,Z4_76159,7684984b4676f117d7ae5f03ecea03ae6f4f33f190421d6e3c37770870571bab
aihub,train,1,Training/01.원천데이터/TS_아토피_측면/Z4_76162_P0_L0.png,Z4_76162_P0_L0.png,Z4_76162,8be4d69101eecb971b1d970150f0d3ade9b8711879998c496369c3f043b30f4b
aihub,train,1,Training/01.원천데이터/TS_아토피_측면/Z4_76163_P0_L0.png,Z4_76163_P0_L0.png,Z4_76163,9ed4fce98a506e0206fe07dc314f3da337771221722060f7750f0ac1d5fe8586
aihub,train,1,Training/01.원천데이터/TS_아토피_측면/Z4_76167_P0_L0.png,Z4_76167_P0_L0.png,Z4_76167,f27ab5da1f21d8f8f44f4bf9537ae9962de933c4b186774da41709d40eb366ac
aihub,train,1,Training/01.원천데이터/TS_아토피_측면/Z4_76168_P0_L0.png,Z4_76168_P0_L0.png,Z4_76168,3a4f53e9b2dcd2f4a34f935a1b75b463cbc37edb621a2a7ef316561c4f0bf8bf
aihub,train,1,Training/01.원천데이터/TS_아토피_측면/Z4_76169_P0_L0.png,Z4_76169_P0_L0.png,Z4_76169,ff0336527f8d5f50ce370965f619b5a1102f6e409627a49593dabd8d76b55790
aihub,train,1,Training/01.원천데이터/TS_아토피_측면/Z4_76175_P0_L0.png,Z4_76175_P0_L0.png,Z4_76175,ed99388100bfedd70881e6b81e0f50bb7cdbe538272a1707fb3e09f2a36005b6
aihub,train,1,Training/01.원천데이터/TS_아토피_측면/Z4_76178_P0_L0.png,Z4_76178_P0_L0.png,Z4_76178,5db16b0289153172542888816bf2bbd108683acb394c5a6f6227c90baf3684b4
aihub,train,1,Training/01.원천데이터/TS_아토피_측면/Z4_76182_P0_L0.png,Z4_76182_P0_L0.png,Z4_76182,70c6fcf58ede28a22b34bd064039449ce343f3c50f5eb7a592440f8a8fad8077
aihub,train,1,Training/01.원천데이터/TS_아토피_측면/Z4_76183_P0_L0.png,Z4_76183_P0_L0.png,Z4_76183,340b2d92fd50083bf563c99b7fd53fd1c5213ebf41ee5e99175168dfb3d6cfb2
aihub,train,1,Training/01.원천데이터/TS_아토피_측면/Z4_76184_P0_L0.png,Z4_76184_P0_L0.png,Z4_76184,0ea7f311fc0ea48c4ff29d8d91ca8cadb8b4da17d5d1b3c8a7459090eaad8a5c
aihub,train,1,Training/01.원천데이터/TS_아토피_측면/Z4_76186_P0_L0.png,Z4_76186_P0_L0.png,Z4_76186,959d974ce394ec315ec21c168e6d2e2678ba1bc1d2b1891b877699d9a0a83d1d
aihub,train,1,Training/01.원천데이터/TS_아토피_측면/Z4_76187_P0_L0.png,Z4_76187_P0_L0.png,Z4_76187,d6910a9c8bc418bc74a31aa30978db980d793497ab8236a59b41da26f579354a
aihub,train,1,Training/01.원천데이터/TS_아토피_측면/Z4_76188_P0_L0.png,Z4_76188_P0_L0.png,Z4_76188,99dec41fbac1e7db60c212e8e456e0d51108a392ae4f1814b21e79a6d614e790
aihub,train,1,Training/01.원천데이터/TS_아토피_측면/Z4_76197_P0_L0.png,Z4_76197_P0_L0.png,Z4_76197,11abd28bdc8db2af24d1071c3ab92c7eb8f74746f4daa6627b1fd82e014349c2
aihub,train,1,Training/01.원천데이터/TS_아토피_측면/Z4_76198_P0_L0.png,Z4_76198_P0_L0.png,Z4_76198,d18732c46d917016f1a237934a3c6a27395b4618df4044764d83d3128c55e1a5
aihub,train,1,Training/01.원천데이터/TS_아토피_측면/Z4_76199_P0_L0.png,Z4_76199_P0_L0.png,Z4_76199,328f7836d9733113b207a896ecd4aa3c06177bad7a598377b63ea1d3cec37843
aihub,train,1,Training/01.원천데이터/TS_아토피_측면/Z4_76202_P0_L0.png,Z4_76202_P0_L0.png,Z4_76202,dce1093902f18e6179cab85ae65ee49805433dd99c832005c188753b5d5f31d7
aihub,train,1,Training/01.원천데이터/TS_아토피_측면/Z4_76204_P0_L0.png,Z4_76204_P0_L0.png,Z4_76204,ac068ce14818f370e8a084ee9be3870400fe7f1a408dacdbc5577f0c06391e9a
aihub,train,1,Training/01.원천데이터/TS_아토피_측면/Z4_76209_P0_L0.png,Z4_76209_P0_L0.png,Z4_76209,baa82b083641ffbd73ec6c675ae67d1e7624347fd61af531ad4a288e8c309880
aihub,train,1,Training/01.원천데이터/TS_아토피_측면/Z4_76213_P0_L0.png,Z4_76213_P0_L0.png,Z4_76213,9e92c5a029be1725e61ec0a046bb9a6bfff7b6dd5f0a9ce26225a88b1971dcaa
aihub,train,1,Training/01.원천데이터/TS_아토피_측면/Z4_76239_P0_L0.png,Z4_76239_P0_L0.png,Z4_76239,19006a4fc6912fba8b586fae494f2a2adf44f966791a4fc9bc8a3e0cbb778068
aihub,train,1,Training/01.원천데이터/TS_아토피_측면/Z4_76249_P0_L0.png,Z4_76249_P0_L0.png,Z4_76249,5a03c9e53cf736eb4666b633938b1dfb084a78e05048783006aec9602324f7c2
aihub,train,1,Training/01.원천데이터/TS_아토피_측면/Z4_76250_P0_L0.png,Z4_76250_P0_L0.png,Z4_76250,a259c36fae8a3492c39b9b20d188521544478c011733bb9984d549ae53078993
aihub,train,1,Training/01.원천데이터/TS_아토피_측면/Z4_76251_P0_L0.png,Z4_76251_P0_L0.png,Z4_76251,f6c28e5ef97c167400d3bbefe757013bbe7845b3ac27517e501b16af7783f8d2
aihub,train,1,Training/01.원천데이터/TS_아토피_측면/Z4_76254_P0_L0.png,Z4_76254_P0_L0.png,Z4_76254,c98bef029762d259529ba098033245aef2272436fbbd4e44301f2509ca67b79c
aihub,train,1,Training/01.원천데이터/TS_아토피_측면/Z4_76260_P0_L0.png,Z4_76260_P0_L0.png,Z4_76260,e93eaea4ef736aa8bb0649f8275ab3ae7421d910b7401c34da2d90af65487651
aihub,train,1,Training/01.원천데이터/TS_아토피_측면/Z4_76261_P0_L0.png,Z4_76261_P0_L0.png,Z4_76261,1a8abbd5b8bbcdfd004d2e869262c723bfa6c14d7099a5e47081bd143f23c60b
aihub,train,1,Training/01.원천데이터/TS_아토피_측면/Z4_76265_P0_L0.png,Z4_76265_P0_L0.png,Z4_76265,7eadaac999aacb07558169e0a16c9b8369831324839da6f4b6532a9dc6d81571
aihub,train,1,Training/01.원천데이터/TS_아토피_측면/Z4_76270_P0_L0.png,Z4_76270_P0_L0.png,Z4_76270,98d71709739a9f9f446d436ab7e9da29e680b058b5f3d3b5528b9259edbe8877
aihub,train,1,Training/01.원천데이터/TS_아토피_측면/Z4_76271_P0_L0.png,Z4_76271_P0_L0.png,Z4_76271,9f98a6339f2ef1e6e063c0222971ab71c99b56015927121576136409fd35b7a6
aihub,train,1,Training/01.원천데이터/TS_아토피_측면/Z4_76275_P0_L0.png,Z4_76275_P0_L0.png,Z4_76275,192e08f355e2f10448b2ced516fde14fff915a44d3ea035a2188999de94fcc9e
aihub,train,1,Training/01.원천데이터/TS_아토피_측면/Z4_76278_P0_L0.png,Z4_76278_P0_L0.png,Z4_76278,319300770e4d641a78a83b24b5e127c209fe9a856fa40108ac7df96be05ac440
aihub,train,1,Training/01.원천데이터/TS_아토피_측면/Z4_76281_P0_L0.png,Z4_76281_P0_L0.png,Z4_76281,11c80296e4148767b48aab90ba25172ddb74531d1e115e0c21a964250469e1d7
aihub,train,1,Training/01.원천데이터/TS_아토피_측면/Z4_76284_P0_L0.png,Z4_76284_P0_L0.png,Z4_76284,0c465359557cc328882298f76b11e27b38987a26396334eaf738010f55bbf592
aihub,train,1,Training/01.원천데이터/TS_아토피_측면/Z4_76285_P0_L0.png,Z4_76285_P0_L0.png,Z4_76285,53677a8dbd09890dad067c8123f4f34f7a363b4de84e191bb412b0fae78b68f2
aihub,train,1,Training/01.원천데이터/TS_아토피_측면/Z4_76287_P0_L0.png,Z4_76287_P0_L0.png,Z4_76287,31ca45313ec6ed991dab6a5768949d055653d147cb58c07d629bd9375090491f
aihub,train,1,Training/01.원천데이터/TS_아토피_측면/Z4_76291_P0_L0.png,Z4_76291_P0_L0.png,Z4_76291,ba75c21170cdf1d1f10b79233f6010687f17cf8b02ca26f0684acbae016ea537
aihub,train,1,Training/01.원천데이터/TS_아토피_측면/Z4_76292_P0_L0.png,Z4_76292_P0_L0.png,Z4_76292,0bb71c8ca569b4b1b261418cffc4346995b90397fe2bbf349f8fd43ec7b3e63a
aihub,train,1,Training/01.원천데이터/TS_아토피_측면/Z4_76299_P0_L0.png,Z4_76299_P0_L0.png,Z4_76299,3f5e4ec1ca6790351401858b31deae21af315571af76403c687c3510c88593dc
aihub,train,1,Training/01.원천데이터/TS_아토피_측면/Z4_76302_P0_L0.png,Z4_76302_P0_L0.png,Z4_76302,e98e90bbc36dcb8839c1c6fa8565f4f01d77907e521f2f587602db9b85384e49
aihub,train,1,Training/01.원천데이터/TS_아토피_측면/Z4_76303_P0_L0.png,Z4_76303_P0_L0.png,Z4_76303,53fa813d932cd802464b05c6d3ebb3f0f57f1d54f0a20be54e9529fe979ac2f5
aihub,train,1,Training/01.원천데이터/TS_아토피_측면/Z4_76304_P0_L0.png,Z4_76304_P0_L0.png,Z4_76304,f240d8825dc7adc8e19a78eeff1cd516bdcf0d282c1d904476163dc9eebc512e
aihub,train,1,Training/01.원천데이터/TS_아토피_측면/Z4_76305_P0_L0.png,Z4_76305_P0_L0.png,Z4_76305,202d97b1acdaa34ef197076f2142d9a879db9dfd77aca56d3d02d6818bc8d542
aihub,train,1,Training/01.원천데이터/TS_아토피_측면/Z4_76314_P0_L0.png,Z4_76314_P0_L0.png,Z4_76314,47a94b1bbd1ffda6482e0a346610f3d2e07885ee4278334436a5718e36bd98f4
aihub,train,1,Training/01.원천데이터/TS_아토피_측면/Z4_76316_P0_L0.png,Z4_76316_P0_L0.png,Z4_76316,cdf545711bffee0d74db974ba019c87195bd1afe51920ddcea21d75edb71b25e
aihub,train,1,Training/01.원천데이터/TS_아토피_측면/Z4_76317_P0_L0.png,Z4_76317_P0_L0.png,Z4_76317,b6d419721c4ee67ed6c8205b54d81fe7433fe0f8d8c60c502df422a6230b0c4c
aihub,train,1,Training/01.원천데이터/TS_아토피_측면/Z4_76334_P0_L0.png,Z4_76334_P0_L0.png,Z4_76334,e77cc98fe818f764ddbfc864fda4097d6c0a0d03c3252f9d97ce6cf858f1c313
aihub,train,1,Training/01.원천데이터/TS_아토피_측면/Z4_76335_P0_L0.png,Z4_76335_P0_L0.png,Z4_76335,bd3c5587563dde130b9c73be44f38b2d83733f0c0a865f37842c7fe2f88578d1
aihub,train,1,Training/01.원천데이터/TS_아토피_측면/Z4_76339_P0_L0.png,Z4_76339_P0_L0.png,Z4_76339,e60c46934c0bcee68b08ba47d8ac0499aa62966121619625dc0890688cfb836a
aihub,train,1,Training/01.원천데이터/TS_아토피_측면/Z4_76347_P0_L0.png,Z4_76347_P0_L0.png,Z4_76347,c577e4c40fc23dd37856503b4e2359e0f20da2743b0cfd93eb3c5b3258d0b8a6
aihub,train,1,Training/01.원천데이터/TS_아토피_측면/Z4_76348_P0_L0.png,Z4_76348_P0_L0.png,Z4_76348,15c632270c55ea3ad96c6ee3021a4195459cae825b28f49debeeb6acdee4adff
aihub,train,1,Training/01.원천데이터/TS_아토피_측면/Z4_76350_P0_L0.png,Z4_76350_P0_L0.png,Z4_76350,cf01dbe4a5084f30b11b2704d3a2b3bdb17a85bdbee35e9a98599691f8c6d9fe
aihub,train,1,Training/01.원천데이터/TS_아토피_측면/Z4_76354_P0_L0.png,Z4_76354_P0_L0.png,Z4_76354,1383fd62d9f07fd9f6aaaf604eaa2c0b740db9ab25f3573a559cbacf3d83bd8d
aihub,train,1,Training/01.원천데이터/TS_아토피_측면/Z4_76358_P0_L0.png,Z4_76358_P0_L0.png,Z4_76358,c18595a3de9bd52055652eed3686de444c670dece4121a9aa8b2c9c42bad7232
aihub,train,1,Training/01.원천데이터/TS_아토피_측면/Z4_76360_P0_L0.png,Z4_76360_P0_L0.png,Z4_76360,926eac2f9ac353b8fbc8f98e55990ee828ed646da4705e5b4dafaa3f17196fa6
aihub,train,1,Training/01.원천데이터/TS_아토피_측면/Z4_76362_P0_L0.png,Z4_76362_P0_L0.png,Z4_76362,7656fc0c98874ae2ba111757786b1ca3e2e16bd0c368a4cec16870f9605cdccd
aihub,train,1,Training/01.원천데이터/TS_아토피_측면/Z4_76369_P0_L0.png,Z4_76369_P0_L0.png,Z4_76369,96edbb3e8b614804c66c2009729d2b8a52318fbd4a388e72f61225cb348bcf5e
aihub,train,1,Training/01.원천데이터/TS_아토피_측면/Z4_76372_P0_L0.png,Z4_76372_P0_L0.png,Z4_76372,33fc6adaa534ec7371b394e8503d595bb877a026330a1da863a5f690a988b905
aihub,train,1,Training/01.원천데이터/TS_아토피_측면/Z4_76377_P0_L0.png,Z4_76377_P0_L0.png,Z4_76377,4c83bead5d0c0e702b3379bb29b9fa0eae14cf770d1237e325b2f8dd20eb07af
aihub,train,1,Training/01.원천데이터/TS_아토피_측면/Z4_76380_P0_L0.png,Z4_76380_P0_L0.png,Z4_76380,81a349325b1f26bd3f10fb64d864b9261c19c7397cf732eff23a81f17da9936f
aihub,train,1,Training/01.원천데이터/TS_아토피_측면/Z4_76386_P0_L0.png,Z4_76386_P0_L0.png,Z4_76386,f4a5783e9d7d5494364095a2fa471da4fff1abe345a370e21f04af11947c9946
aihub,train,1,Training/01.원천데이터/TS_아토피_측면/Z4_76387_P0_L0.png,Z4_76387_P0_L0.png,Z4_76387,61239f7963339ff863aa58703624bbc1ab943c938894cd5be451257d01f86a6c
aihub,train,1,Training/01.원천데이터/TS_아토피_측면/Z4_76398_P0_L0.png,Z4_76398_P0_L0.png,Z4_76398,0a3582687102e02f8680a652db49e8b7193595878032687be9893a6c8c388729
aihub,train,1,Training/01.원천데이터/TS_아토피_측면/Z4_76399_P0_L0.png,Z4_76399_P0_L0.png,Z4_76399,0066dc16f559aca246648b49a9954c3ff7d093346d57bb4b21f345265b3930e9
aihub,train,1,Training/01.원천데이터/TS_아토피_측면/Z4_76401_P0_L0.png,Z4_76401_P0_L0.png,Z4_76401,6560376945fdd89e3d1c5c87690df856ca709298a08fd38f3eab1abbad8d6be8
aihub,train,1,Training/01.원천데이터/TS_아토피_측면/Z4_76410_P0_L0.png,Z4_76410_P0_L0.png,Z4_76410,99dc67e84de5946fd912a62d6890acde336c4e62f9f0b81f1fe922140276f765
aihub,train,1,Training/01.원천데이터/TS_아토피_측면/Z4_76417_P0_L0.png,Z4_76417_P0_L0.png,Z4_76417,fe898754a0fdff7ab8efb3833542031b5869997b8503b3c68b7b214a6999f2e7
aihub,train,1,Training/01.원천데이터/TS_아토피_측면/Z4_76426_P0_L0.png,Z4_76426_P0_L0.png,Z4_76426,8156494c2647feb752b8a052bf19df0aa0ec7dd531d152ccb07e03a0e831a9e6
aihub,train,1,Training/01.원천데이터/TS_아토피_측면/Z4_76427_P0_L0.png,Z4_76427_P0_L0.png,Z4_76427,242ec8d4025385c22de7f720c70e3843b624d664f3c89f6f3414ce9bfd5bf896
aihub,train,1,Training/01.원천데이터/TS_아토피_측면/Z4_76430_P0_L0.png,Z4_76430_P0_L0.png,Z4_76430,4252e3e439c119bdebd9c8d6514b03efcdf49d3b5ffa153f349c11a2d146fba2
aihub,train,1,Training/01.원천데이터/TS_아토피_측면/Z4_76440_P0_L0.png,Z4_76440_P0_L0.png,Z4_76440,4ce2dac993e18c8ffd939fbdc1792d7910a47f65ea64dd0ebbec54aed4e39f09
aihub,train,1,Training/01.원천데이터/TS_아토피_측면/Z4_76445_P0_L0.png,Z4_76445_P0_L0.png,Z4_76445,94d8af2586f39f14ed278757434b26dca300c18b55b78207569bb39e7361553e
aihub,train,1,Training/01.원천데이터/TS_아토피_측면/Z4_76452_P0_L0.png,Z4_76452_P0_L0.png,Z4_76452,1ea7c9873635084c68325f7a4282afb803d15bd83f9fc5aeb7416274278ee365
aihub,train,1,Training/01.원천데이터/TS_아토피_측면/Z4_76455_P0_L0.png,Z4_76455_P0_L0.png,Z4_76455,a866affec2afb14ba5ca5238eb39cdd5fe8f1e205fc54901017685e695456f5c
aihub,train,1,Training/01.원천데이터/TS_아토피_측면/Z4_76463_P0_L0.png,Z4_76463_P0_L0.png,Z4_76463,7abbe7c1f443af6d5988925cfd34649560a2d8c783b328a35cb083c037e07a2f
aihub,train,1,Training/01.원천데이터/TS_아토피_측면/Z4_76465_P0_L0.png,Z4_76465_P0_L0.png,Z4_76465,62cb6cb21bb019d9908992ae48cadc2b08b11344cee801dc2556e8c56c8d2580
aihub,train,1,Training/01.원천데이터/TS_아토피_측면/Z4_76478_P0_L0.png,Z4_76478_P0_L0.png,Z4_76478,cc1f4150bc5f4be364946d0156f14725d34f965389f5652f2514a373b6056231
aihub,train,1,Training/01.원천데이터/TS_아토피_측면/Z4_76479_P0_L0.png,Z4_76479_P0_L0.png,Z4_76479,fe523592684ce0106e83802bff1d9a39f52c6ab9360e84edba5334a142e0355f
aihub,train,1,Training/01.원천데이터/TS_아토피_측면/Z4_76484_P0_L0.png,Z4_76484_P0_L0.png,Z4_76484,bec052935cb380ca82b8b79a16e755476338a7a81833210f4e0ad252b22dc8f5
aihub,train,1,Training/01.원천데이터/TS_아토피_측면/Z4_76487_P0_L0.png,Z4_76487_P0_L0.png,Z4_76487,2efd65a51b93ecad6b2803984169aa2610c59c0aa97068766f03b93d4ff4abf1
aihub,train,1,Training/01.원천데이터/TS_아토피_측면/Z4_76519_P0_L0.png,Z4_76519_P0_L0.png,Z4_76519,41e28c0b2097747bcf7141a51dde9720ce01cd56f3a79ed9a39b3fdda2eda9ef
aihub,train,1,Training/01.원천데이터/TS_아토피_측면/Z4_76525_P0_L0.png,Z4_76525_P0_L0.png,Z4_76525,415b37c2b9d793c5b97fb49f3dd25b1d97288cc106bd07a9ab0fdb03c2d2c013
aihub,train,1,Training/01.원천데이터/TS_아토피_측면/Z4_76529_P0_L0.png,Z4_76529_P0_L0.png,Z4_76529,a0dadff3066ec4b2a8c7cec6815bde8e1954f4d9f37e5a1ecfe07a356d428f65
aihub,train,1,Training/01.원천데이터/TS_아토피_측면/Z4_76548_P0_L0.png,Z4_76548_P0_L0.png,Z4_76548,40dff5f887cbec9aa7196dde448cf742938b87edd5aa198f19b7edd0bf41662b
aihub,train,1,Training/01.원천데이터/TS_아토피_측면/Z4_76573_P0_L0.png,Z4_76573_P0_L0.png,Z4_76573,a5a6aeac4eb1fe7d42b770c87905a47acf73ee4795d31f9b278747c51503cbc9
aihub,train,1,Training/01.원천데이터/TS_아토피_측면/Z4_76579_P0_L0.png,Z4_76579_P0_L0.png,Z4_76579,8914c8f068d58ac1a77ad1d79da8226e9d9805acd03fe9ec7cff1b17d360fec5
aihub,train,1,Training/01.원천데이터/TS_아토피_측면/Z4_76586_P0_L0.png,Z4_76586_P0_L0.png,Z4_76586,56cab92ea7fd850ed77fd432caa3a08c35340ad8ca067760be82874ec20bd10f
aihub,train,1,Training/01.원천데이터/TS_아토피_측면/Z4_76596_P0_L0.png,Z4_76596_P0_L0.png,Z4_76596,4c6bc2d695062c060a7a6decacdb5eacba4d667785ec85d785951b67d1f99828
aihub,train,1,Training/01.원천데이터/TS_아토피_측면/Z4_76607_P0_L0.png,Z4_76607_P0_L0.png,Z4_76607,4ad51886d3f39f17c213c3dba1d5964c0c521536fd7ab819c81a3d165a68833a
aihub,train,1,Training/01.원천데이터/TS_아토피_측면/Z4_76610_P0_L0.png,Z4_76610_P0_L0.png,Z4_76610,3c4cdfe7b0c41fab496140f75a2bfd13e3042664e9dbaffc501340f0f4fbabd4
aihub,train,1,Training/01.원천데이터/TS_아토피_측면/Z4_76612_P0_L0.png,Z4_76612_P0_L0.png,Z4_76612,534fda480c4d47c40310eb94c805399027948f62e64fb5405cd9763d5aacc4c3
aihub,train,1,Training/01.원천데이터/TS_아토피_측면/Z4_76621_P0_L0.png,Z4_76621_P0_L0.png,Z4_76621,641507bba97732052039625b22dad3c31e2581f754d90e6d36d373821275297c
aihub,train,1,Training/01.원천데이터/TS_아토피_측면/Z4_76626_P0_L0.png,Z4_76626_P0_L0.png,Z4_76626,85abdb34c3f2dcf272c8b6e7bc0345dcce358d5ee7be3a02159868f436554333
aihub,train,1,Training/01.원천데이터/TS_아토피_측면/Z4_76629_P0_L0.png,Z4_76629_P0_L0.png,Z4_76629,eed18fe6d880d98f83b69c95c78338bee99326acc4c1d14f6d2504b1a0cd73ed
aihub,train,1,Training/01.원천데이터/TS_아토피_측면/Z4_76630_P0_L0.png,Z4_76630_P0_L0.png,Z4_76630,5b9c2af40ef0286fefd118d9bf5a638741e4c99974f1ab6148a6129308ee111c
aihub,train,1,Training/01.원천데이터/TS_아토피_측면/Z4_76633_P0_L0.png,Z4_76633_P0_L0.png,Z4_76633,659ffa901f1484e09a92358c50c15e747507b06b253a2c530ec4d07407ba183c
aihub,train,1,Training/01.원천데이터/TS_아토피_측면/Z4_76638_P0_L0.png,Z4_76638_P0_L0.png,Z4_76638,b51133148be213288ea0d14521b764eeb6abf3c6b86b4b5595b4f12ffede53df
aihub,train,1,Training/01.원천데이터/TS_아토피_측면/Z4_76644_P0_L0.png,Z4_76644_P0_L0.png,Z4_76644,f1fe29cf36bf1e38732f8b323b1d28e1bb517ac8638dc902f9a1750f8cfc5cd4
aihub,train,1,Training/01.원천데이터/TS_아토피_측면/Z4_76645_P0_L0.png,Z4_76645_P0_L0.png,Z4_76645,33c65d4476031430a5fd8536cec1d8882020efff018979e3ba94fff2d7ae6bab
aihub,train,1,Training/01.원천데이터/TS_아토피_측면/Z4_76650_P0_L0.png,Z4_76650_P0_L0.png,Z4_76650,7f122ef5760523bd9c50c59adc11fa8df2df3a8b4215f7d123d4b41d3a1909c1
aihub,train,1,Training/01.원천데이터/TS_아토피_측면/Z4_76651_P0_L0.png,Z4_76651_P0_L0.png,Z4_76651,5118d6a45c6613be8e025bc13f9682cf0b069c9efc2b6074f62de3638295722d
aihub,train,1,Training/01.원천데이터/TS_아토피_측면/Z4_76656_P0_L0.png,Z4_76656_P0_L0.png,Z4_76656,8af74b92228484fd7e784fcd820b3a5e31ab90a989ec226e2b1ced1b4cc297fb
aihub,train,1,Training/01.원천데이터/TS_아토피_측면/Z4_76657_P0_L0.png,Z4_76657_P0_L0.png,Z4_76657,121cd4510ce3a025b37d5f979fd9c0da62eeb123ba4d4a0246fd432a4ad4bed1
aihub,train,1,Training/01.원천데이터/TS_아토피_측면/Z4_76669_P0_L0.png,Z4_76669_P0_L0.png,Z4_76669,64e10f6796dd6ee9d012ba0b3db827955aaf1662cea3498c422f1128768d851a
aihub,train,1,Training/01.원천데이터/TS_아토피_측면/Z4_76682_P0_L0.png,Z4_76682_P0_L0.png,Z4_76682,50ebda0179dd30fcc12ae2af7a765d1801e555047dcf20fa94eea2426e94ef3e
aihub,train,1,Training/01.원천데이터/TS_아토피_측면/Z4_76696_P0_L0.png,Z4_76696_P0_L0.png,Z4_76696,5b7b9e0a14886b0fed1534549411492f58da07e4db1f8e8005bdf692e18af019
aihub,train,1,Training/01.원천데이터/TS_아토피_측면/Z4_76703_P0_L0.png,Z4_76703_P0_L0.png,Z4_76703,3ae22c5c786de8186dad41e9617bad03445728d510aa34f3ae0bc3c671fb83e6
aihub,train,1,Training/01.원천데이터/TS_아토피_측면/Z4_76712_P0_L0.png,Z4_76712_P0_L0.png,Z4_76712,8bc8b029bdd71683e712ae6c2fc92a44a7d983be14240ee92342ab8a8d2be3db
aihub,train,1,Training/01.원천데이터/TS_아토피_측면/Z4_76716_P0_L0.png,Z4_76716_P0_L0.png,Z4_76716,2a465c142250ab7d5d459f3ce7cbf4fb4e3193e70a854a005ceb373970e6c6dd
aihub,train,1,Training/01.원천데이터/TS_아토피_측면/Z4_76718_P0_L0.png,Z4_76718_P0_L0.png,Z4_76718,44c15666fe7b35342fdcbe175b243e2c406a7d48590d6854fde3ccb23f11172a
aihub,train,1,Training/01.원천데이터/TS_아토피_측면/Z4_76720_P0_L0.png,Z4_76720_P0_L0.png,Z4_76720,aec62d3cd29e654e7881a75b4f7ab0b88565be1b3ba8163576b299a134abeab5
aihub,train,1,Training/01.원천데이터/TS_아토피_측면/Z4_76721_P0_L0.png,Z4_76721_P0_L0.png,Z4_76721,269bdb329066514b3aa82a8c43a6323b62622ae7b5fe34a5708937b2198ac390
aihub,train,1,Training/01.원천데이터/TS_아토피_측면/Z4_76724_P0_L0.png,Z4_76724_P0_L0.png,Z4_76724,1a1308ff4c208d5ca1d2f4f0676d6eb37aecdb945c3ee6f09a89f4b96f830887
aihub,train,1,Training/01.원천데이터/TS_아토피_측면/Z4_76732_P0_L0.png,Z4_76732_P0_L0.png,Z4_76732,de5963992ba575498a1ea9c4ac4afecea9d91f9b1f258b21e0acf60b359bc6ae
aihub,train,1,Training/01.원천데이터/TS_아토피_측면/Z4_76740_P0_L0.png,Z4_76740_P0_L0.png,Z4_76740,9a18ca129abffe80bb522dcf706acb2c6b8862ec3d936d5f7fa4885e849ec65b
aihub,train,1,Training/01.원천데이터/TS_아토피_측면/Z4_76745_P0_L0.png,Z4_76745_P0_L0.png,Z4_76745,a449c16ee74407def570c042791f4f3e49d8d362663b3fc76f7f2d34471bd6f7
aihub,train,1,Training/01.원천데이터/TS_아토피_측면/Z4_76747_P0_L0.png,Z4_76747_P0_L0.png,Z4_76747,3879b61e31b105194e2e224e7aebd885b85751945f658a3ab5e92154d6665ddd
aihub,train,1,Training/01.원천데이터/TS_아토피_측면/Z4_76758_P0_L0.png,Z4_76758_P0_L0.png,Z4_76758,553388b0a8f65a4474dc59b419703c0cecd0ca8a9fbcb77d47668bf7fbb8818c
aihub,train,1,Training/01.원천데이터/TS_아토피_측면/Z4_76759_P0_L0.png,Z4_76759_P0_L0.png,Z4_76759,796d34858018ac36b7386e9505c5e4a02ed01779a7679c4d3838ea694efa4118
aihub,train,1,Training/01.원천데이터/TS_아토피_측면/Z4_76773_P0_L0.png,Z4_76773_P0_L0.png,Z4_76773,24171d7b411a6058e7af4c7e114e721457aebcfb8fda37ef7fc71f85fa627681
aihub,train,1,Training/01.원천데이터/TS_아토피_측면/Z4_76797_P0_L0.png,Z4_76797_P0_L0.png,Z4_76797,a2067710d562703beafe3e998b498964e10d8905f7e11372d7b16a878218c9f2
aihub,train,1,Training/01.원천데이터/TS_아토피_측면/Z4_76801_P0_L0.png,Z4_76801_P0_L0.png,Z4_76801,c520cbc4d28a7663136715964b232602f2e94ce9bde2673ed4dc99dc92d25aa2
aihub,train,1,Training/01.원천데이터/TS_아토피_측면/Z4_76819_P0_L0.png,Z4_76819_P0_L0.png,Z4_76819,50913f771ec65e26ccadeceb4ea9dd366ea4b9b486e34757baf5fbc7cf25ffb5
aihub,train,1,Training/01.원천데이터/TS_아토피_측면/Z4_76820_P0_L0.png,Z4_76820_P0_L0.png,Z4_76820,604a360f48406e49f2ed87b5aa053a58a1bb64b5c4e72612563f3cfe9bed7530
aihub,train,1,Training/01.원천데이터/TS_아토피_측면/Z4_76821_P0_L0.png,Z4_76821_P0_L0.png,Z4_76821,bdeec051658801116dfafc8978a66560f2e8f1334caed79c40f177875da5a097
aihub,train,1,Training/01.원천데이터/TS_아토피_측면/Z4_76825_P0_L0.png,Z4_76825_P0_L0.png,Z4_76825,58cf12813eec8ed78d862c72805d0f8936af95a9995c1c089fe704403b8762c3
aihub,train,1,Training/01.원천데이터/TS_아토피_측면/Z4_76828_P0_L0.png,Z4_76828_P0_L0.png,Z4_76828,735e76e93b9526713f5025b3471235a4db29acb7f747b029755882d0651cb693
aihub,train,1,Training/01.원천데이터/TS_아토피_측면/Z4_76831_P0_L0.png,Z4_76831_P0_L0.png,Z4_76831,49989f7d2f432953a1b0e825e81b681c0db477e1fe1c302ea9f42a8ce77d4e7c
aihub,train,1,Training/01.원천데이터/TS_아토피_측면/Z4_76852_P0_L0.png,Z4_76852_P0_L0.png,Z4_76852,a454df7773d2bf9bff16cb6d1f79c55ecf6ed3cd745207872966f15d3a02ae62
aihub,train,1,Training/01.원천데이터/TS_아토피_측면/Z4_76855_P0_L0.png,Z4_76855_P0_L0.png,Z4_76855,ef66d376634c0793a74a6ea868c31e987222518e83d7aefd25a03fa7555eaab5
aihub,train,1,Training/01.원천데이터/TS_아토피_측면/Z4_76879_P0_L0.png,Z4_76879_P0_L0.png,Z4_76879,0f25685bbdc73e4b28b0b50b82fd218f803c6035e0486c1b6d6a5991338cbd72
aihub,train,1,Training/01.원천데이터/TS_아토피_측면/Z4_76895_P0_L0.png,Z4_76895_P0_L0.png,Z4_76895,5233b0640b87ea16de92268f75898996a1fc0bbe9ace8799879e3fe9f1c519c1
aihub,train,1,Training/01.원천데이터/TS_아토피_측면/Z4_76900_P0_L0.png,Z4_76900_P0_L0.png,Z4_76900,f89807ae5211e3b8fb0be27c6e4b5f8d1b8f0b99c76dab35d7a593f189e3869e
aihub,train,1,Training/01.원천데이터/TS_아토피_측면/Z4_76904_P0_L0.png,Z4_76904_P0_L0.png,Z4_76904,b0ae109ad6b4494aea9c5eac0821193c35f45cb50f1c83aac7bc71da0c905f3b
aihub,train,1,Training/01.원천데이터/TS_아토피_측면/Z4_76907_P0_L0.png,Z4_76907_P0_L0.png,Z4_76907,47d4d16a6a7b95bd25bd3dac8f97110037646034c5cb0926bbbfa5ad51f29c25
aihub,train,1,Training/01.원천데이터/TS_아토피_측면/Z4_76917_P0_L0.png,Z4_76917_P0_L0.png,Z4_76917,9583dfb2d31003a53bd9cc2e344c475e36687e32a195a253539c0e79cd3fffd1
aihub,train,1,Training/01.원천데이터/TS_아토피_측면/Z4_76919_P0_L0.png,Z4_76919_P0_L0.png,Z4_76919,abe1808bf4160962762d08e73d74c1dddc73c8a36f27ef7e44d7bed10fa36de6
aihub,train,1,Training/01.원천데이터/TS_아토피_측면/Z4_76931_P0_L0.png,Z4_76931_P0_L0.png,Z4_76931,3cb99ee15892e1c25daf1c3961746c2c52d99757c152078b6c19d65b1da6dbef
aihub,train,1,Training/01.원천데이터/TS_아토피_측면/Z4_76932_P0_L0.png,Z4_76932_P0_L0.png,Z4_76932,56ef9f9704bb77105c97a3c269ff1e48b1d17f5c9198ab3d5500641a612e3386
aihub,train,1,Training/01.원천데이터/TS_아토피_측면/Z4_76935_P0_L0.png,Z4_76935_P0_L0.png,Z4_76935,75adfe01d72c2baec58b1dff658741365052b8aaaf7bef300a265a6cf7d0e4d0
aihub,train,1,Training/01.원천데이터/TS_아토피_측면/Z4_76943_P0_L0.png,Z4_76943_P0_L0.png,Z4_76943,04c526f653eef4fb29d11d81f557d0e87c7eec34508d34d2a53dc5893b549155
aihub,train,1,Training/01.원천데이터/TS_아토피_측면/Z4_76975_P0_L0.png,Z4_76975_P0_L0.png,Z4_76975,d9ab0ca60b3bb2e6b545a472a61ea7e0c6b500ff999c31917f1bda412df9c05a
aihub,train,1,Training/01.원천데이터/TS_아토피_측면/Z4_76989_P0_L0.png,Z4_76989_P0_L0.png,Z4_76989,b3327f65ee47800ad896f51ec91f12e087cda873fd3bc3a2ef1ef0b2b3475775
aihub,train,1,Training/01.원천데이터/TS_아토피_측면/Z4_77044_P0_L0.png,Z4_77044_P0_L0.png,Z4_77044,a5495c32627bca4794148bd8e645133fe822f047c3f9e040a402f402fb5f14c6
aihub,train,1,Training/01.원천데이터/TS_아토피_측면/Z4_77071_P0_L0.png,Z4_77071_P0_L0.png,Z4_77071,920208f7b4a21cc13e41e3ae73ddc1c18f4ec2c96ba4c6ba9b574ce85a16ffaa
aihub,train,1,Training/01.원천데이터/TS_아토피_측면/Z4_77072_P0_L0.png,Z4_77072_P0_L0.png,Z4_77072,6000183477d9bdf032f8d3163524c2934941fefc38c282b77853eea616926494
aihub,train,1,Training/01.원천데이터/TS_아토피_측면/Z4_77085_P0_L0.png,Z4_77085_P0_L0.png,Z4_77085,c1fb040f5c9c551bbbf3599a0332c1aff3fa60231b54585dba9139d73240f3d1
aihub,train,1,Training/01.원천데이터/TS_아토피_측면/Z4_77088_P0_L0.png,Z4_77088_P0_L0.png,Z4_77088,4d4d8ffb28ecd6d449557a9a69b444911f7b8711485d65d117d8cdef3864dcbb
aihub,train,1,Training/01.원천데이터/TS_아토피_측면/Z4_77089_P0_L0.png,Z4_77089_P0_L0.png,Z4_77089,a8140e82028898311283bf26f6b20898b312177b72ba8657b8e3134c3ebfd7e5
aihub,train,1,Training/01.원천데이터/TS_아토피_측면/Z4_77106_P0_L0.png,Z4_77106_P0_L0.png,Z4_77106,7aba4f3dfa19c27b34cfb8bbe7aa09aa635d53de5091f8e9734c212d2474f1ba
aihub,train,1,Training/01.원천데이터/TS_아토피_측면/Z4_77117_P0_L0.png,Z4_77117_P0_L0.png,Z4_77117,107009e696dd9b703fb5cabc26401d53cb01e9d696071f539a949dfb5d0f4335
aihub,train,1,Training/01.원천데이터/TS_아토피_측면/Z4_77147_P0_L0.png,Z4_77147_P0_L0.png,Z4_77147,8426dc8f3f192dd5fa39971c3658beea199aa9597e7fdc9e6ee0a3997514e143
aihub,train,1,Training/01.원천데이터/TS_아토피_측면/Z4_77155_P0_L0.png,Z4_77155_P0_L0.png,Z4_77155,8f218184e80aac7c8cb0ecd61dbe37ccb6ef4b3fdcc78c10b890c0d0004a42fe
aihub,train,1,Training/01.원천데이터/TS_아토피_측면/Z4_77162_P0_L0.png,Z4_77162_P0_L0.png,Z4_77162,9d29301f7d0c0ad97dae9d64a2e0cbe842e9fbb898236d413cfbad7239b91564
aihub,train,1,Training/01.원천데이터/TS_아토피_측면/Z4_77173_P0_L0.png,Z4_77173_P0_L0.png,Z4_77173,5cca1e9a455a10e5a83bf30d09d320c5d9eb8193e58289e75953098b36efe198
aihub,train,1,Training/01.원천데이터/TS_아토피_측면/Z4_77185_P0_L0.png,Z4_77185_P0_L0.png,Z4_77185,12f739a345ade80a0d550e87f6407bdb412332545ca57a9c0c639e0d7962fd09
aihub,train,1,Training/01.원천데이터/TS_아토피_측면/Z4_77212_P0_L0.png,Z4_77212_P0_L0.png,Z4_77212,4fcb2a62ee6be32f128eace34fe2e2ad68549eb0d6adf71d017182e6bb101272
aihub,train,1,Training/01.원천데이터/TS_아토피_측면/Z4_77217_P0_L0.png,Z4_77217_P0_L0.png,Z4_77217,a2652fb173e1dbc71822263eefc81cbfac1b5998468931b4e80db7041c43c90d
aihub,train,1,Training/01.원천데이터/TS_아토피_측면/Z4_77220_P0_L0.png,Z4_77220_P0_L0.png,Z4_77220,0413d44a9749290d5cb1bf197f37898ab1ac6a976f190263215b4c75a84e9bbf
aihub,train,1,Training/01.원천데이터/TS_아토피_측면/Z4_77252_P0_L0.png,Z4_77252_P0_L0.png,Z4_77252,f1a53e17427d3309c37e2d398b04dfd8f98f70fd8fc00dc80cdd6b8057cfe55e
aihub,train,1,Training/01.원천데이터/TS_아토피_측면/Z4_77257_P0_L0.png,Z4_77257_P0_L0.png,Z4_77257,a26a86c34938ccf4be97f8c6269594af3d7273d3572aacad69fddc0faf02317a
aihub,train,1,Training/01.원천데이터/TS_아토피_측면/Z4_77260_P0_L0.png,Z4_77260_P0_L0.png,Z4_77260,be8fc50bda87f0e729c76cc111290b23c7855ce53062aa3952170d09dec28ca6
aihub,train,1,Training/01.원천데이터/TS_아토피_측면/Z4_77264_P0_L0.png,Z4_77264_P0_L0.png,Z4_77264,0501fcd4f8f3ede9fe99509ddcad941b3ea3449d0434fb2de098ad831e335245
aihub,train,1,Training/01.원천데이터/TS_아토피_측면/Z4_77277_P0_L0.png,Z4_77277_P0_L0.png,Z4_77277,f25fbcfb00f6a791aec51a764561aa9bd36498de980fb691987440bcf2955953
aihub,train,1,Training/01.원천데이터/TS_아토피_측면/Z4_77281_P0_L0.png,Z4_77281_P0_L0.png,Z4_77281,f6873c9f4e75864c7f0dd6cdeaa69e999260d4da1d9399e2ca966c55839576fd
aihub,train,1,Training/01.원천데이터/TS_아토피_측면/Z4_77282_P0_L0.png,Z4_77282_P0_L0.png,Z4_77282,487f7a2b1e47ad486a2e1de5b200819fb117fada8e27764ef232b48982e91224
aihub,train,1,Training/01.원천데이터/TS_아토피_측면/Z4_77292_P0_L0.png,Z4_77292_P0_L0.png,Z4_77292,d26d7a23d25acb00ac77932a143d6095156104e063e58c3e4aa19ce54d469545
aihub,train,1,Training/01.원천데이터/TS_아토피_측면/Z4_77300_P0_L0.png,Z4_77300_P0_L0.png,Z4_77300,aca0ed3fe670eb737fb64e4f3e710f1df70c01ef5957931b24c001b0b86c35f6
aihub,train,1,Training/01.원천데이터/TS_아토피_측면/Z4_77339_P0_L0.png,Z4_77339_P0_L0.png,Z4_77339,eef2728d9aaf35d9f5eb871f22e733f033a2a073a7c4fbbd94205c1cd974c64f
aihub,train,1,Training/01.원천데이터/TS_아토피_측면/Z4_77347_P0_L0.png,Z4_77347_P0_L0.png,Z4_77347,74a5e39c2b6be4fc594c5577dbf1b1af0ce68c1c38f0013da5569599aa454c56
aihub,train,1,Training/01.원천데이터/TS_아토피_측면/Z4_77359_P0_L0.png,Z4_77359_P0_L0.png,Z4_77359,dd0d9d5730c3a1bf9825335dd136b5b2fa130753b5a2ae90d5638401e20452df
aihub,train,1,Training/01.원천데이터/TS_아토피_측면/Z4_77366_P0_L0.png,Z4_77366_P0_L0.png,Z4_77366,4fd43b3571945dfb999216fb9ee31466c3e2d3cf768e44f981b5b683ca32b0c7
aihub,train,1,Training/01.원천데이터/TS_아토피_측면/Z4_77367_P0_L0.png,Z4_77367_P0_L0.png,Z4_77367,c63bcf2ea4396538031bd0f38b399e2462a4a63dea5e3e0eb9145afd13e9c484
aihub,train,1,Training/01.원천데이터/TS_아토피_측면/Z4_77368_P0_L0.png,Z4_77368_P0_L0.png,Z4_77368,0f450d6facdaba820d073907907b6764697c2524fe94f82f5afa3f46c29bfda8
aihub,train,1,Training/01.원천데이터/TS_아토피_측면/Z4_77371_P0_L0.png,Z4_77371_P0_L0.png,Z4_77371,1af6e581de1cb299ada1a115b1f7a54971c77483183c9c2f8e680bc1f07f960a
aihub,train,1,Training/01.원천데이터/TS_아토피_측면/Z4_77383_P0_L0.png,Z4_77383_P0_L0.png,Z4_77383,5635595e7a0cf38acb9f9abb05a41b6c0c2041a7893c0d623c6a21d46cab1733
aihub,train,1,Training/01.원천데이터/TS_아토피_측면/Z4_77391_P0_L0.png,Z4_77391_P0_L0.png,Z4_77391,356239af37dfc42c24eb75f18f984471bad787782d1b7d5664b1cf2a5ffb6046
aihub,train,1,Training/01.원천데이터/TS_아토피_측면/Z4_77401_P0_L0.png,Z4_77401_P0_L0.png,Z4_77401,5dabf84f732c4c92aed892e2b231bcb944b075a71574d9ef12add151d1bde303
aihub,train,1,Training/01.원천데이터/TS_아토피_측면/Z4_77409_P0_L0.png,Z4_77409_P0_L0.png,Z4_77409,2b70bfa025a668988fa88f5018a67ddd6c8f6a989c8908b758b492341a078fee
aihub,train,1,Training/01.원천데이터/TS_아토피_측면/Z4_77410_P0_L0.png,Z4_77410_P0_L0.png,Z4_77410,0137a420c3a113409b3cc946ecb45449f105f9ef4755b89fdbe291fc26137ddf
aihub,train,1,Training/01.원천데이터/TS_아토피_측면/Z4_77413_P0_L0.png,Z4_77413_P0_L0.png,Z4_77413,9dfd24e77454d4beacf7c83a8deea7288b68291b88eab0992248727c9c4e877a
aihub,train,1,Training/01.원천데이터/TS_아토피_측면/Z4_77417_P0_L0.png,Z4_77417_P0_L0.png,Z4_77417,60dc322f4db048e67bf51773dd733134043c965997a49d77e1085fecfa2e6f16
aihub,train,1,Training/01.원천데이터/TS_아토피_측면/Z4_77423_P0_L0.png,Z4_77423_P0_L0.png,Z4_77423,8d7dee8f8144c0a708e16aff4370ae8c6d1ca9a077247341917d7243fa135d5e
aihub,train,1,Training/01.원천데이터/TS_아토피_측면/Z4_77430_P0_L0.png,Z4_77430_P0_L0.png,Z4_77430,a937668e9702c3ff68f8f9c1f353a5823c02f0588ffe557d639f88a5e0983727
aihub,train,1,Training/01.원천데이터/TS_아토피_측면/Z4_77432_P0_L0.png,Z4_77432_P0_L0.png,Z4_77432,9fdeff67b06a4efe6f06e0ff06f381ab1c39fea5a88c5706b768962a3c418cda
aihub,train,1,Training/01.원천데이터/TS_아토피_측면/Z4_77438_P0_L0.png,Z4_77438_P0_L0.png,Z4_77438,fc25b6acc7be7580ffb35a2afda46b9dea082266577115c4937b2e9d3711b2c1
aihub,train,1,Training/01.원천데이터/TS_아토피_측면/Z4_77447_P0_L0.png,Z4_77447_P0_L0.png,Z4_77447,0eb43d2d02970f3ed80d1df2dd88755feee678ef1d0b2dc7bfb4abe8eb145044
aihub,train,1,Training/01.원천데이터/TS_아토피_측면/Z4_77472_P0_L0.png,Z4_77472_P0_L0.png,Z4_77472,6efdeab3610fdb9bdfe19bf9927c26a26221002ba52ff773b1589afe678e491e
aihub,train,1,Training/01.원천데이터/TS_아토피_측면/Z4_77473_P0_L0.png,Z4_77473_P0_L0.png,Z4_77473,fc32524e5176a5488b09df7b8fbf72a07e34a9c56af1cc68c69682d443cf1986
aihub,train,1,Training/01.원천데이터/TS_아토피_측면/Z4_77476_P0_L0.png,Z4_77476_P0_L0.png,Z4_77476,413e64dd0bdd9a8633fad1437a3761e0a6efc386c5cd02a17c8d6e96872d6fd1
aihub,train,1,Training/01.원천데이터/TS_아토피_측면/Z4_77477_P0_L0.png,Z4_77477_P0_L0.png,Z4_77477,bc35ec11d6fa654f85162d4c72d08efabcf17c0d618ee7704b2986d90309668a
aihub,train,1,Training/01.원천데이터/TS_아토피_측면/Z4_77482_P0_L0.png,Z4_77482_P0_L0.png,Z4_77482,cc6c768e1220cc54f1cbea4f1596413acc269f240c45f2a05e2dc02225204280
aihub,train,1,Training/01.원천데이터/TS_아토피_측면/Z4_77500_P0_L0.png,Z4_77500_P0_L0.png,Z4_77500,a414dff2f2cb7a412ed82b39bae2028df2f2c34be77800763f6c6a957abf4d3c
aihub,train,1,Training/01.원천데이터/TS_아토피_측면/Z4_77511_P0_L0.png,Z4_77511_P0_L0.png,Z4_77511,3ff01b32a2adeb251d7709fee11e4b890424b2ea842966102493cd7788810237
aihub,train,1,Training/01.원천데이터/TS_아토피_측면/Z4_77515_P0_L0.png,Z4_77515_P0_L0.png,Z4_77515,75f5a7938c124027942c4f6bd5a82026a0d4700bdb600a8fec4f3afece9b0f94
aihub,train,1,Training/01.원천데이터/TS_아토피_측면/Z4_77527_P0_L0.png,Z4_77527_P0_L0.png,Z4_77527,05d225f5ba9fcc7359a7a7b4696b01482e2fec263350a3923778be8c1ab405db
aihub,train,1,Training/01.원천데이터/TS_아토피_측면/Z4_77530_P0_L0.png,Z4_77530_P0_L0.png,Z4_77530,c98bef029762d259529ba098033245aef2272436fbbd4e44301f2509ca67b79c
aihub,train,1,Training/01.원천데이터/TS_아토피_측면/Z4_77533_P0_L0.png,Z4_77533_P0_L0.png,Z4_77533,215d397502b4333f13589fc80f7906cc758c810d7ac1410089b8e160f0a969a6
aihub,train,1,Training/01.원천데이터/TS_아토피_측면/Z4_77536_P0_L0.png,Z4_77536_P0_L0.png,Z4_77536,a1fa4fde652c96f16f620745edc2ff1b8365817b7915d246ea93cd5196770fd4
aihub,train,1,Training/01.원천데이터/TS_아토피_측면/Z4_77538_P0_L0.png,Z4_77538_P0_L0.png,Z4_77538,aafee5c98db67582f5e00ce01344a5ff70da0378edf4085c3b004cd0388e1866
aihub,train,1,Training/01.원천데이터/TS_아토피_측면/Z4_77556_P0_L0.png,Z4_77556_P0_L0.png,Z4_77556,4db50abe0ac85c7b8a8e4feb41df5f40a7c7ebdaef7cda6676d456ee7998a9dd
aihub,train,1,Training/01.원천데이터/TS_아토피_측면/Z4_77566_P0_L0.png,Z4_77566_P0_L0.png,Z4_77566,03c43eebcff07f080088e9b59ca2d53c14221ae0c9a198d0ceb9c0cc266a27cb
aihub,train,1,Training/01.원천데이터/TS_아토피_측면/Z4_77577_P0_L0.png,Z4_77577_P0_L0.png,Z4_77577,f08647c8d35ba48dc1e6e5f4f67f47d5b33cfb837e4aa92d7ea30fc4e8e823b5
aihub,train,1,Training/01.원천데이터/TS_아토피_측면/Z4_77596_P0_L0.png,Z4_77596_P0_L0.png,Z4_77596,fa1a36b6057baa141622017c1e2e6502139c3de1c99c977f7edd8a6111a5c0e9
aihub,train,1,Training/01.원천데이터/TS_아토피_측면/Z4_77633_P0_L0.png,Z4_77633_P0_L0.png,Z4_77633,4622b74b0dac8bd06c4b964b45bcd1d22470866293901424e3d1116522577069
aihub,train,1,Training/01.원천데이터/TS_아토피_측면/Z4_77638_P0_L0.png,Z4_77638_P0_L0.png,Z4_77638,c2c37b31742b05c17d737fc784ea3b89dca9db481edbf52d2c54541bd0528c78
aihub,train,1,Training/01.원천데이터/TS_아토피_측면/Z4_77645_P0_L0.png,Z4_77645_P0_L0.png,Z4_77645,b89451ddc15db76a289aab9138bea6941fdf557f69b990eb155dc3fd13991f11
aihub,train,1,Training/01.원천데이터/TS_아토피_측면/Z4_77651_P0_L0.png,Z4_77651_P0_L0.png,Z4_77651,68b9797ab3af515d46eebfd4bb33105926db7dc109b3309f8352f755fb5d8ac4
aihub,train,1,Training/01.원천데이터/TS_아토피_측면/Z4_77655_P0_L0.png,Z4_77655_P0_L0.png,Z4_77655,ee666d378250da63e75e5ff2300324098dc979608d5bbf2fa1ebf3dbf309b4e0
aihub,train,1,Training/01.원천데이터/TS_아토피_측면/Z4_77666_P0_L0.png,Z4_77666_P0_L0.png,Z4_77666,2574b8e50c29220cdf50b19ace12f6a853854aa2d2e0cab5ccbdec4a339e7872
aihub,train,1,Training/01.원천데이터/TS_아토피_측면/Z4_77670_P0_L0.png,Z4_77670_P0_L0.png,Z4_77670,1db2e2f747a63b0a50784fc06b4f3c7bed5be6652ff2c1fff0b115c6d109366e
aihub,train,1,Training/01.원천데이터/TS_아토피_측면/Z4_77684_P0_L0.png,Z4_77684_P0_L0.png,Z4_77684,91e502d7472d1cabffcb91875b5c19a62faca880b7630336c4ce7f829838d2a5
aihub,train,1,Training/01.원천데이터/TS_아토피_측면/Z4_77696_P0_L0.png,Z4_77696_P0_L0.png,Z4_77696,9c096c69041506788df2fe6cc6503806c984153fc17fbc1bc692b3dde4232b71
aihub,train,1,Training/01.원천데이터/TS_아토피_측면/Z4_77702_P0_L0.png,Z4_77702_P0_L0.png,Z4_77702,c3606c35105333a52e0c174a1cd57fce058e155013e4160e951e199015b0be81
aihub,train,1,Training/01.원천데이터/TS_아토피_측면/Z4_77710_P0_L0.png,Z4_77710_P0_L0.png,Z4_77710,c42ce4df608223d7fa7d645f2e1bd5b88a1b4ac30c19340203aa3b2fba20a33b
aihub,train,1,Training/01.원천데이터/TS_아토피_측면/Z4_77721_P0_L0.png,Z4_77721_P0_L0.png,Z4_77721,0284027bcda631e5981d7d38e4228d634804618726923f970eebc6478d5857d7
aihub,train,1,Training/01.원천데이터/TS_아토피_측면/Z4_77750_P0_L0.png,Z4_77750_P0_L0.png,Z4_77750,3f027068746af8b7cdc57534b83db90320f87c65e4bf87c9249d5da52ad68f98
aihub,train,1,Training/01.원천데이터/TS_아토피_측면/Z4_77755_P0_L0.png,Z4_77755_P0_L0.png,Z4_77755,c1965b8741daba334d5e5b176bf352e2122ff6b24b35e211ff08f082ee6dcf89
aihub,train,1,Training/01.원천데이터/TS_아토피_측면/Z4_77767_P0_L0.png,Z4_77767_P0_L0.png,Z4_77767,8d59b873b9c3df7d8a9d94ceb1e34cbc22b0aaf3a45fd3c158ea79837ce6b8eb
aihub,train,1,Training/01.원천데이터/TS_아토피_측면/Z4_77868_P0_L0.png,Z4_77868_P0_L0.png,Z4_77868,4cd50740c33397e63633ce31868bd19449bb3a4f7e687cf3c71571d9dc3a6741
aihub,train,1,Training/01.원천데이터/TS_아토피_측면/Z4_77882_P0_L0.png,Z4_77882_P0_L0.png,Z4_77882,a22cdbf3513c713e286cc9b4eb153d15ce181c574beb1140a4bdb3d427100d8b
aihub,train,1,Training/01.원천데이터/TS_아토피_측면/Z4_77937_P0_L0.png,Z4_77937_P0_L0.png,Z4_77937,c8202d3452b80edaebd4ecd665ef68c0f5e3fdf642184554016e500676a4e115
aihub,train,1,Training/01.원천데이터/TS_아토피_측면/Z4_77938_P0_L0.png,Z4_77938_P0_L0.png,Z4_77938,a4f4474ceb45722d9879a09df6ae362e3906334f5237d4fad40afa4d173e7a40
aihub,train,1,Training/01.원천데이터/TS_아토피_측면/Z4_77949_P0_L0.png,Z4_77949_P0_L0.png,Z4_77949,89e57760b57097b821b396112056f1b1bdb88102325f64e2e18ce00d04dcaf2c
aihub,train,1,Training/01.원천데이터/TS_아토피_측면/Z4_77955_P0_L0.png,Z4_77955_P0_L0.png,Z4_77955,e4cb65b5e34891b821586733b78b76371b6d5689c9e01fb688e179e4f20df444
aihub,train,1,Training/01.원천데이터/TS_아토피_측면/Z4_77968_P0_L0.png,Z4_77968_P0_L0.png,Z4_77968,cc600515ddc47edbe30ff7029e708cff1acfb24b86f5c61e3c376ca285238c99
aihub,train,1,Training/01.원천데이터/TS_아토피_측면/Z4_77985_P0_L0.png,Z4_77985_P0_L0.png,Z4_77985,ac2eb4144557afac35657c2f4cced8fcf8d8467d3f79188957a5cb884c709e31
aihub,train,1,Training/01.원천데이터/TS_아토피_측면/Z4_77989_P0_L0.png,Z4_77989_P0_L0.png,Z4_77989,8159e78d0c8ee28f3e3bbc074201469d09a2862fca3af68cab7891e7707720ec
aihub,train,1,Training/01.원천데이터/TS_아토피_측면/Z4_77993_P0_L0.png,Z4_77993_P0_L0.png,Z4_77993,229161475f04d8b6f25b1916ac2d3b2a6edb87bb0ce5d53e2af09ccdc18c1afa
aihub,train,1,Training/01.원천데이터/TS_아토피_측면/Z4_77995_P0_L0.png,Z4_77995_P0_L0.png,Z4_77995,1b2c8f766a02ca7de5b243ca7f8f1ddba4d0dc25683cc8facebaae493ea45279
aihub,train,1,Training/01.원천데이터/TS_아토피_측면/Z4_78035_P0_L0.png,Z4_78035_P0_L0.png,Z4_78035,db84fa789be6b5680bb87f39029be18ad012022523f8346dfbee2775aa777380
aihub,train,1,Training/01.원천데이터/TS_아토피_측면/Z4_78057_P0_L0.png,Z4_78057_P0_L0.png,Z4_78057,73968f9846376bbaeef6f3dfb09d8525361db3269adcfe502935dea3297e6713
aihub,train,1,Training/01.원천데이터/TS_아토피_측면/Z4_78087_P0_L0.png,Z4_78087_P0_L0.png,Z4_78087,69d57175a37944af8c9539ab852b302a329ed413e68adcaf03b5d85244efdc7f
aihub,train,1,Training/01.원천데이터/TS_아토피_측면/Z4_78115_P0_L0.png,Z4_78115_P0_L0.png,Z4_78115,959e8bda2be878d47f339b58db1793d287695410318c14e5e47af52f43c614cb
aihub,train,1,Training/01.원천데이터/TS_아토피_측면/Z4_78126_P0_L0.png,Z4_78126_P0_L0.png,Z4_78126,af09166fb5160409d41ab258670e2165c79f8e5f1c22dc8a1848437cd463dc4d
aihub,train,1,Training/01.원천데이터/TS_아토피_측면/Z4_78127_P0_L0.png,Z4_78127_P0_L0.png,Z4_78127,8111a5b03ceb0c05d5d2ecebcabe2460dd5b2859bdbbfa1dc4398b13482c0803
aihub,train,1,Training/01.원천데이터/TS_아토피_측면/Z4_78138_P0_L0.png,Z4_78138_P0_L0.png,Z4_78138,7057fb8f88a2499c6837870170970b66a297f7ea919f2105978d246cda781e14
aihub,train,1,Training/01.원천데이터/TS_아토피_측면/Z4_78139_P0_L0.png,Z4_78139_P0_L0.png,Z4_78139,60269b150cc1e4541d812f163c2569fdb17c4250c259dbef416fe47d11d2d9fc
aihub,train,1,Training/01.원천데이터/TS_아토피_측면/Z4_78150_P0_L0.png,Z4_78150_P0_L0.png,Z4_78150,52f63e553c58dc75a8bf9b64f9f4174a54678fdbbdc97b2ef2057c2f6c7757d4
aihub,train,1,Training/01.원천데이터/TS_아토피_측면/Z4_78154_P0_L0.png,Z4_78154_P0_L0.png,Z4_78154,2fd734b7700bcbaec992151f070a9181734f0cc8803583429d958ac8dfd580af
aihub,train,1,Training/01.원천데이터/TS_아토피_측면/Z4_78157_P0_L0.png,Z4_78157_P0_L0.png,Z4_78157,52a07a30c60355ba2eb12a613074874a7dbe7753b86c76889393432b4b5cc43b
aihub,train,1,Training/01.원천데이터/TS_아토피_측면/Z4_78168_P0_L0.png,Z4_78168_P0_L0.png,Z4_78168,6f6ef92140f4339480659c061c3f5daca88cf9a7c7306dbeb994be68fdd1d540
aihub,train,1,Training/01.원천데이터/TS_아토피_측면/Z4_78171_P0_L0.png,Z4_78171_P0_L0.png,Z4_78171,9e301cc195281778785133a2925e2df9f7bef712d4e9b6203c7ea6c56253d156
aihub,train,1,Training/01.원천데이터/TS_아토피_측면/Z4_78172_P0_L0.png,Z4_78172_P0_L0.png,Z4_78172,fbcf7fa02a0dfcc8dff5f0dfbe0936aee2a0450ec4f147ad50ccb99c73f8a59b
aihub,train,1,Validation/01.원천데이터/VS_아토피_정면/H5_1004_P12_L0.png,H5_1004_P12_L0.png,H5_1004,5dacb5e07461ed829898f90b62fdbb0dc7c90889c45f5a1a302c7610720d75f4
aihub,train,1,Validation/01.원천데이터/VS_아토피_정면/H5_1005_P20_L0.png,H5_1005_P20_L0.png,H5_1005,6f622817bad9e76da2431a784d92c3d68a301717723db4c00f9b4d9a85f5f33a
aihub,train,1,Validation/01.원천데이터/VS_아토피_정면/H5_1009_P1_L0.png,H5_1009_P1_L0.png,H5_1009,99d5e293cd3dbd9869f444858e6f914423deee189e286eae9070b39ba1f33198
aihub,train,1,Validation/01.원천데이터/VS_아토피_정면/H5_1012_P17_L0.png,H5_1012_P17_L0.png,H5_1012,3b2fffaf6ccf516029a228c50d9c9bec2ebeb39d70dab462a91d96c1f633f847
aihub,train,1,Validation/01.원천데이터/VS_아토피_정면/H5_1014_P11_L0.png,H5_1014_P11_L0.png,H5_1014,f386dcb28838ad63bbd9f01f4973bd15811b68df3c86d502a81c1fe4946437f8
aihub,train,1,Validation/01.원천데이터/VS_아토피_정면/H5_1016_P16_L0.png,H5_1016_P16_L0.png,H5_1016,cf7a943fe108c2012930ef4ac48fe1722f7bac064640f30b3f62f259eb79d0ea
aihub,train,1,Validation/01.원천데이터/VS_아토피_정면/H5_1023_P1_L0.png,H5_1023_P1_L0.png,H5_1023,2a5117e95065de4c620d6bf9cb99c1ffe9f01181dbdf3f9b6f2023d84cbf393e
aihub,train,1,Validation/01.원천데이터/VS_아토피_정면/H5_1030_P16_L0.png,H5_1030_P16_L0.png,H5_1030,08e70b66a05db3fa9fdfe30b6b7f9108b83f8a35fad3e1bfb7821a4f9109c406
aihub,train,1,Validation/01.원천데이터/VS_아토피_정면/H5_1317_P1_L0.png,H5_1317_P1_L0.png,H5_1317,565590cbf55f2529275c17e9bee3d22aa88de954b6e8f02ac0d2d880b3d41bc4
aihub,train,1,Validation/01.원천데이터/VS_아토피_정면/H5_1407_P7_L1.png,H5_1407_P7_L1.png,H5_1407,77f8b43d0fff5c74a10c29f95e0c5b5da9ae5ed72c7931e1499ae56809bf0693
aihub,train,1,Validation/01.원천데이터/VS_아토피_정면/H5_1462_P4_L0.png,H5_1462_P4_L0.png,H5_1462,6d35217e88b336dc46ba1611818da780b552bbd82152c5ff953f4cbcf7b400e4
aihub,train,1,Validation/01.원천데이터/VS_아토피_정면/H5_1498_P1_L0.png,H5_1498_P1_L0.png,H5_1498,908fee104cb756a033c4ae091adfa3bb2c5f0ef578d536e9da345d7a43c91ad4
aihub,train,1,Validation/01.원천데이터/VS_아토피_정면/H5_1501_P8_L3.png,H5_1501_P8_L3.png,H5_1501,f558bf28991d472c4896978ec2a979ab301fa754afbb27d62d80eb8729561694
aihub,train,1,Validation/01.원천데이터/VS_아토피_정면/H5_1506_P10_L2.png,H5_1506_P10_L2.png,H5_1506,98d6238d85be49836c9157d898e79ef76a147ed3a086dee4dc90f1669f556004
aihub,train,1,Validation/01.원천데이터/VS_아토피_정면/H5_1516_P6_L4.png,H5_1516_P6_L4.png,H5_1516,e5aa9e3a4fbe399a6ad14d806dbbce39c1d565ededa4feb9b70c2427f4dfc482
aihub,train,1,Validation/01.원천데이터/VS_아토피_정면/H5_924_P20_L3.png,H5_924_P20_L3.png,H5_924,ead891af6bca7477b0270f58751f555117415e9e738de52698d0100f7eaa9d0f
aihub,train,1,Validation/01.원천데이터/VS_아토피_정면/H5_924_P7_L5.png,H5_924_P7_L5.png,H5_924,09d5f5f0d58551c91bfa58718f00b23174434c7556c2c25f28adbb6bbe0edadd
aihub,train,1,Validation/01.원천데이터/VS_아토피_정면/H5_941_P1_L0.png,H5_941_P1_L0.png,H5_941,22f19fb459c2d96504a119d2064d3de156e66b173ae0d016a54164851dbe469c
aihub,train,1,Validation/01.원천데이터/VS_아토피_정면/H5_942_P22_L1.png,H5_942_P22_L1.png,H5_942,94bdf458e5e09895d756cc0fe4dd98784edc0a1c8ab87a8d939912195e9eaaa3
aihub,train,1,Validation/01.원천데이터/VS_아토피_정면/H5_942_P22_L2.png,H5_942_P22_L2.png,H5_942,16b15802897144febc5d9be254bfede3b5bab766eaeb6718fb1d9bf382da146d
aihub,train,1,Validation/01.원천데이터/VS_아토피_정면/H5_942_P9_L2.png,H5_942_P9_L2.png,H5_942,6b0ee23f5d6d26f157eb6a5c35429815a6fb494ea4a7c34cf4967c2d5bde3af7
aihub,train,1,Validation/01.원천데이터/VS_아토피_정면/H7_126_P10_L1.png,H7_126_P10_L1.png,H7_126,51308e3b86c9a2385ce5cd4ad63f9348343c4ab092eccadff242a72f68cbb711
aihub,train,1,Validation/01.원천데이터/VS_아토피_정면/H7_164_P16_L4.png,H7_164_P16_L4.png,H7_164,9d8a3fb901cb14e52f9dd4233c3c115387ee082d72831ca09b4959cca27051e0
aihub,train,1,Validation/01.원천데이터/VS_아토피_정면/H7_165_P4_L0.png,H7_165_P4_L0.png,H7_165,5817abfb03f3c683ac1c840e797b36eeba14d10cada370535cd0ae06a8f7fc4e
aihub,train,1,Validation/01.원천데이터/VS_아토피_정면/H7_166_P3_L1.png,H7_166_P3_L1.png,H7_166,ca633a3e0216b52f0f5aab7052b279e81d6efa7119854fdf05ebff3c1aee25b8
aihub,train,1,Validation/01.원천데이터/VS_아토피_정면/H7_167_P2_L0.png,H7_167_P2_L0.png,H7_167,5438ff2853772271a73453b03431f16705f40766e6625010ae13a23ee88d4281
aihub,train,1,Validation/01.원천데이터/VS_아토피_정면/H7_168_P3_L1.png,H7_168_P3_L1.png,H7_168,2c98ff7ee0520694c0cbd79aec752cfe2a06932eecb668ef737f33203c992dee
aihub,train,1,Validation/01.원천데이터/VS_아토피_정면/H7_170_P2_L0.png,H7_170_P2_L0.png,H7_170,acda2ed7115800a6ca705a7ceb64d910103d05d7706c464786293c0ae8e4e341
aihub,train,1,Validation/01.원천데이터/VS_아토피_정면/H7_173_P2_L0.png,H7_173_P2_L0.png,H7_173,88609ba3868530004a6740a51f8809a2bd2269de11a9b787da150e35f2466c44
aihub,train,1,Validation/01.원천데이터/VS_아토피_정면/H7_175_P2_L1.png,H7_175_P2_L1.png,H7_175,f2e7f658d6f668f3666d152a9b8bb9d0e9614a4739754ff398a0db53a24cdd6a
aihub,train,1,Validation/01.원천데이터/VS_아토피_정면/H7_176_P2_L0.png,H7_176_P2_L0.png,H7_176,80ea7504743a24552f558bfc47e173f94d880670287c54ca911f71bd9893e467
aihub,train,1,Validation/01.원천데이터/VS_아토피_정면/H7_177_P3_L0.png,H7_177_P3_L0.png,H7_177,e962fcf375a1e12b06dcd7f6e2e8af833ff073024e2e4c503abbc6f5271015e1
aihub,train,1,Validation/01.원천데이터/VS_아토피_정면/H7_2243_P1_L0.png,H7_2243_P1_L0.png,H7_2243,1d19677889f39709ed74567c4349b07fae2680d5a1b2cc282d0f01bb8d8a2f7b
aihub,train,1,Validation/01.원천데이터/VS_아토피_정면/H7_2243_P1_L1.png,H7_2243_P1_L1.png,H7_2243,53b11b497aa101d8ec5656861f7f07120431d21a11b09ce98217491a9975a2c3
aihub,train,1,Validation/01.원천데이터/VS_아토피_정면/H7_4854_P12_L0.png,H7_4854_P12_L0.png,H7_4854,6f7b871fd22efffe45be067fa21ee37cb6e6b83d0edaa3b602eae063d2770714
aihub,train,1,Validation/01.원천데이터/VS_아토피_정면/H7_5015_P3_L1.png,H7_5015_P3_L1.png,H7_5015,a957abc01001e1c36d50f27a78eb5e2c67c3b0e55a9b22ff634d7e7abc90f57d
aihub,train,1,Validation/01.원천데이터/VS_아토피_정면/H7_5018_P2_L2.png,H7_5018_P2_L2.png,H7_5018,5b7be5c7c5dd7ccf58c401b2cae717bcb3b2cf4a0fdc98ba1abf675ca1264896
aihub,train,1,Validation/01.원천데이터/VS_아토피_정면/H7_5027_P2_L2.png,H7_5027_P2_L2.png,H7_5027,afa01ed4e827986414ae0be6adbea3c50db987318990fea582f4a8b7d25786b8
aihub,train,1,Validation/01.원천데이터/VS_아토피_정면/H7_5032_P3_L0.png,H7_5032_P3_L0.png,H7_5032,eb53cd00f039ce60a74fa8b8f2e65ef0bd2142d71e8f6a6d5ce2d0e281f0e683
aihub,train,1,Validation/01.원천데이터/VS_아토피_정면/H7_5033_P2_L3.png,H7_5033_P2_L3.png,H7_5033,c715f97f754aa9db3bcfac177026fca1c4d98db33d594c2c0ce403dc3af08a30
aihub,train,1,Validation/01.원천데이터/VS_아토피_정면/H7_5036_P114_L0.png,H7_5036_P114_L0.png,H7_5036,a5a7b7e4c78c4984bf7b02b4996c3491e96671e67becde132a6f59f3ae1a2c42
aihub,train,1,Validation/01.원천데이터/VS_아토피_정면/H7_5036_P120_L1.png,H7_5036_P120_L1.png,H7_5036,1f79b763901da4a2451f44b0ff23422b1ab97919193fe2f6fdabe5b72e30e27b
aihub,train,1,Validation/01.원천데이터/VS_아토피_정면/H7_5038_P3_L1.png,H7_5038_P3_L1.png,H7_5038,83a33c7e16de9575d65e25b7d6a7a6f026754b04e0394562fa226f11cc86d31d
aihub,train,1,Validation/01.원천데이터/VS_아토피_정면/H7_5038_P4_L0.png,H7_5038_P4_L0.png,H7_5038,cff65dcb9e8260ff55ed3c18ffa1b280aa3322c41e452deb0baa8649600d89cc
aihub,train,1,Validation/01.원천데이터/VS_아토피_정면/H7_5039_P1_L2.png,H7_5039_P1_L2.png,H7_5039,818ed18d069d2cafb7d762c12fdab332959c606482f8005b0cbc86a03ba78a67
aihub,train,1,Validation/01.원천데이터/VS_아토피_정면/H7_5044_P1_L1.png,H7_5044_P1_L1.png,H7_5044,7557d4948c202855975d3cce2be0a30fd11422e29e8c47f7ae51eec4c6a96a6a
aihub,train,1,Validation/01.원천데이터/VS_아토피_정면/H7_5045_P7_L0.png,H7_5045_P7_L0.png,H7_5045,b7188d1e3c584436eda14b7f13e9200a26e32a192904a22f5ac1d9e51c679d36
aihub,train,1,Validation/01.원천데이터/VS_아토피_정면/H7_5047_P3_L0.png,H7_5047_P3_L0.png,H7_5047,0816c717e4aaab1915fc0da40a22eb58934cd789c6532260bb8295d6e13aa28c
aihub,train,1,Validation/01.원천데이터/VS_아토피_정면/H7_5048_P6_L2.png,H7_5048_P6_L2.png,H7_5048,bf2c89391e0f757923730d0ca93114390db2ce792f4ebf72d2baeb0ca376cdcb
aihub,train,1,Validation/01.원천데이터/VS_아토피_정면/H7_5051_P5_L2.png,H7_5051_P5_L2.png,H7_5051,88c4105edc0be3d88e3843872c64cffb734bce164d8923d94ab347d879635a2f
aihub,train,1,Validation/01.원천데이터/VS_아토피_정면/H7_5053_P2_L1.png,H7_5053_P2_L1.png,H7_5053,3550625f64b44400ed424a47b409be1a3864c5189ce7cda966e5da45fb905520
aihub,train,1,Validation/01.원천데이터/VS_아토피_정면/H7_5055_P29_L1.png,H7_5055_P29_L1.png,H7_5055,d477c1da6d148a34674d4d1ae0eed4286c4f8e1907f3cf172f649ea7d3f939e3
aihub,train,1,Validation/01.원천데이터/VS_아토피_정면/H7_5056_P2_L1.png,H7_5056_P2_L1.png,H7_5056,330de91c8da61ac336218ac3bdf3f9b14e9356ffdab694125aec7f2cdb2ee8df
aihub,train,1,Validation/01.원천데이터/VS_아토피_정면/H7_5058_P3_L0.png,H7_5058_P3_L0.png,H7_5058,7e42e2d39cb0339a48ca82ae3452f2ce1d4f133b33daa0832926084930cad737
aihub,train,1,Validation/01.원천데이터/VS_아토피_정면/H7_5059_P2_L0.png,H7_5059_P2_L0.png,H7_5059,e9df611125dcf2dbad178deb43a387bf92b0b95ba3b82b71e1860cb0b2ff7af1
aihub,train,1,Validation/01.원천데이터/VS_아토피_정면/H7_5061_P3_L1.png,H7_5061_P3_L1.png,H7_5061,7d0be458fc17c4323de7b893d1a10ba0657fe981f09ba525f65821c6c6c3f0ec
aihub,train,1,Validation/01.원천데이터/VS_아토피_정면/H7_5069_P1_L2.png,H7_5069_P1_L2.png,H7_5069,04b071517b6c95d250ff2c2325a4be1d168fbfeb67b15c379680726127d0b2ff
aihub,train,1,Validation/01.원천데이터/VS_아토피_정면/H7_5072_P5_L1.png,H7_5072_P5_L1.png,H7_5072,97b595ef97f642d07ff60ac1ca213ed6cb11e690f19d7afbe6106966d2115c5a
aihub,train,1,Validation/01.원천데이터/VS_아토피_정면/H7_5074_P5_L2.png,H7_5074_P5_L2.png,H7_5074,2c171b68c905b7606cf68c4b7ff974505b440f610a8dda71f7fbbad4f36cf733
aihub,train,1,Validation/01.원천데이터/VS_아토피_정면/H7_5075_P5_L0.png,H7_5075_P5_L0.png,H7_5075,73e3a9918d554e5d5494864f307fce7d1d4c3e7299c4ba8a4c62299923245a51
aihub,train,1,Validation/01.원천데이터/VS_아토피_정면/H7_5079_P31_L0.png,H7_5079_P31_L0.png,H7_5079,84a89c1d8639110628f7e8336c64aa0c25fbaf5a18b48ad88954f31676dd317c
aihub,train,1,Validation/01.원천데이터/VS_아토피_정면/H7_5235_P1_L0.png,H7_5235_P1_L0.png,H7_5235,541f031c67a4c116752bc408823ddab8ee2b2d38b08317784de62c9c208099b3
aihub,train,1,Validation/01.원천데이터/VS_아토피_정면/H7_5327_P12_L0.png,H7_5327_P12_L0.png,H7_5327,ef5e76d63634ca91705db9bd0633c31fea80eb3b656f7d3baa1db3ca09ad1af4
aihub,train,1,Validation/01.원천데이터/VS_아토피_정면/H7_598_P4_L4.png,H7_598_P4_L4.png,H7_598,7945aed7e62a5582c285e0ff99a3889951e60fdf3fc632439e39c8ad4353612c
aihub,train,1,Validation/01.원천데이터/VS_아토피_정면/H7_599_P8_L5.png,H7_599_P8_L5.png,H7_599,b0a65dee59ca2f4ed7b82eb2ba33ff4e47f4d8be10ba9ad8b56ddcba89f4d356
aihub,train,1,Validation/01.원천데이터/VS_아토피_정면/H7_605_P4_L6.png,H7_605_P4_L6.png,H7_605,30fda1e75bc41067f9c01b1bb579babc8e756f128b287d4addf72505b4e6e8da
aihub,train,1,Validation/01.원천데이터/VS_아토피_정면/H7_606_P4_L2.png,H7_606_P4_L2.png,H7_606,acb01acfe120b7bde4590133bf796a582952b58fdc487f8c3f31da7917f0c59d
aihub,train,1,Validation/01.원천데이터/VS_아토피_정면/H7_606_P6_L4.png,H7_606_P6_L4.png,H7_606,8d53a4931eb64cc1e81f0933f8e83e3f4de43a2a504f303a6092d79166f89fe7
aihub,train,1,Validation/01.원천데이터/VS_아토피_정면/H7_97_P2_L0.png,H7_97_P2_L0.png,H7_97,951061e7f5e12f394a92f17a56e9052ee863bae5be1da4d125dec5e1b7ad985a
aihub,train,1,Validation/01.원천데이터/VS_아토피_측면/Z4_78176_P0_L0.png,Z4_78176_P0_L0.png,Z4_78176,c992f2f238775820806d22429277503a476220f426ed8a99da0d9f239e0f223b
aihub,train,1,Validation/01.원천데이터/VS_아토피_측면/Z4_78187_P0_L0.png,Z4_78187_P0_L0.png,Z4_78187,d8ff63b483b2439600c61cf665477fb8a4de710178a4037a2c880890792c058e
aihub,train,1,Validation/01.원천데이터/VS_아토피_측면/Z4_78191_P0_L0.png,Z4_78191_P0_L0.png,Z4_78191,00b8c316741c680493302e9db8ed8e26558f36fc64e9b23d42093daa649a0911
aihub,train,1,Validation/01.원천데이터/VS_아토피_측면/Z4_78194_P0_L0.png,Z4_78194_P0_L0.png,Z4_78194,895f9fcfa6e03eabb3321cb265a43107d4612815629f79ddadbc61b920aaec43
aihub,train,1,Validation/01.원천데이터/VS_아토피_측면/Z4_78195_P0_L0.png,Z4_78195_P0_L0.png,Z4_78195,2c712ac6f95c8e543140a02c95c4265d6e50ad6205262ca56660a718348e8168
aihub,train,1,Validation/01.원천데이터/VS_아토피_측면/Z4_78209_P0_L0.png,Z4_78209_P0_L0.png,Z4_78209,8b4033b0686d8596344ba8c871a16245b655df29f52b0a966d276c0265493d50
aihub,train,1,Validation/01.원천데이터/VS_아토피_측면/Z4_78212_P0_L0.png,Z4_78212_P0_L0.png,Z4_78212,862b25a1bc25bedf3cb7407681aa27ef93623bdc985c3b7468b7b3dc6b9165d3
aihub,train,1,Validation/01.원천데이터/VS_아토피_측면/Z4_78220_P0_L0.png,Z4_78220_P0_L0.png,Z4_78220,dbff2eb02e77f4bfb0a6a6433332212a0d8f42daee6ab4e0783709f10e2e15c0
aihub,train,1,Validation/01.원천데이터/VS_아토피_측면/Z4_78235_P0_L0.png,Z4_78235_P0_L0.png,Z4_78235,be52ff6a6be064bf7a60a10d6ad1418e46a0b54bc1c3e5ac08aa85ff050d4172
aihub,train,1,Validation/01.원천데이터/VS_아토피_측면/Z4_78238_P0_L0.png,Z4_78238_P0_L0.png,Z4_78238,5526aaecb0bb4d51d3e5259145fd49538fe2e634a11f63006e82297890951a10
aihub,train,1,Validation/01.원천데이터/VS_아토피_측면/Z4_78239_P0_L0.png,Z4_78239_P0_L0.png,Z4_78239,ae3c0993b57acd5ae7aaec5655fc38ce4146677bbc927a30f708fb98d5a90ec5
aihub,train,1,Validation/01.원천데이터/VS_아토피_측면/Z4_78253_P0_L0.png,Z4_78253_P0_L0.png,Z4_78253,dd392cb202a0d9976d060d9b0d60e02d7a32c49b4ee683fb14cbd7ba0a97c0da
aihub,train,1,Validation/01.원천데이터/VS_아토피_측면/Z4_78280_P0_L0.png,Z4_78280_P0_L0.png,Z4_78280,b41e0d89fd6df45bc6beaa20c10062f86eb2fd1505c0577d7bba4f5815701bee
aihub,train,1,Validation/01.원천데이터/VS_아토피_측면/Z4_78296_P0_L0.png,Z4_78296_P0_L0.png,Z4_78296,86bc59ffc3a854f63fe6a1cca410020712d862912cfa0c9fd20a9560c8d44823
aihub,train,1,Validation/01.원천데이터/VS_아토피_측면/Z4_78298_P0_L0.png,Z4_78298_P0_L0.png,Z4_78298,dcea47bfdd7feae698a5e148cfdaba314c5d762a5aedd54951d62fb56070bfe7
aihub,train,1,Validation/01.원천데이터/VS_아토피_측면/Z4_78310_P0_L0.png,Z4_78310_P0_L0.png,Z4_78310,57c0e40b0997c556f7bd24e427134b06dc3c37a29aab78e8afd2cbf5e4b7807c
aihub,train,1,Validation/01.원천데이터/VS_아토피_측면/Z4_78313_P0_L0.png,Z4_78313_P0_L0.png,Z4_78313,f4aa236ce66eaac0f7904b4087b871753e353330d6c482e507ea6f1a15271c44
aihub,train,1,Validation/01.원천데이터/VS_아토피_측면/Z4_78316_P0_L0.png,Z4_78316_P0_L0.png,Z4_78316,2869527e72f43d1322362f6a0dc738b22e85bfe2149508fc23f0cc66df1b60dd
aihub,train,1,Validation/01.원천데이터/VS_아토피_측면/Z4_78320_P0_L0.png,Z4_78320_P0_L0.png,Z4_78320,ee52a924055a5a04085134efd68c66db0c2ce55dd92dae8463a1c2ee454336bf
aihub,train,1,Validation/01.원천데이터/VS_아토피_측면/Z4_78327_P0_L0.png,Z4_78327_P0_L0.png,Z4_78327,f2d8db6544f5d6b628e9fdbdf3cc7019d7b68ef7805931e90609d29b7de49905
aihub,train,1,Validation/01.원천데이터/VS_아토피_측면/Z4_78338_P0_L0.png,Z4_78338_P0_L0.png,Z4_78338,81187f5f12bf67c23650ce02d5a070384bd8d6c669545f56e7bf0c2f55ed9b59
aihub,train,1,Validation/01.원천데이터/VS_아토피_측면/Z4_78342_P0_L0.png,Z4_78342_P0_L0.png,Z4_78342,6fee91e20afc2cc8022eea808409a19cb21685dec7798b9bfc8e6a48e519dd93
aihub,train,1,Validation/01.원천데이터/VS_아토피_측면/Z4_78349_P0_L0.png,Z4_78349_P0_L0.png,Z4_78349,4ff537caa54a7c96772bba362ce6b18230948f65b59c0a6a5352746e12918cda
aihub,train,1,Validation/01.원천데이터/VS_아토피_측면/Z4_78350_P0_L0.png,Z4_78350_P0_L0.png,Z4_78350,1fa0156f5557be936b7dd188fb69f9ffc33c88828ecc6da04951c8ba723e86c0
aihub,train,1,Validation/01.원천데이터/VS_아토피_측면/Z4_78352_P0_L0.png,Z4_78352_P0_L0.png,Z4_78352,5f0633ed343cc52cc86d558e026794be4fde4eec7f51c4a19d0111002c288cfe
aihub,train,1,Validation/01.원천데이터/VS_아토피_측면/Z4_78353_P0_L0.png,Z4_78353_P0_L0.png,Z4_78353,5cc5697d795271289a56ca9accf613e0776f0fa625ca80560a85946b6f871d86
aihub,train,1,Validation/01.원천데이터/VS_아토피_측면/Z4_78355_P0_L0.png,Z4_78355_P0_L0.png,Z4_78355,6dd694e284067886a4247482fc219c8c9fb0752f4da0f76d7cc47b2892ae1817
aihub,train,1,Validation/01.원천데이터/VS_아토피_측면/Z4_78357_P0_L0.png,Z4_78357_P0_L0.png,Z4_78357,0eab837490488fd3458570ab741e35e05aab370b1a120f7425450485d6b5a2ba
aihub,train,1,Validation/01.원천데이터/VS_아토피_측면/Z4_78358_P0_L0.png,Z4_78358_P0_L0.png,Z4_78358,be42cd96b53cd04629873a2576fddd8d8e5546829ef9a6941f276fc2f16d7ba7
aihub,train,1,Validation/01.원천데이터/VS_아토피_측면/Z4_78360_P0_L0.png,Z4_78360_P0_L0.png,Z4_78360,1a4e84c5542ace8d403835f1582f5ca7e107f57477b3b1720ea94e572edf68cf
aihub,train,1,Validation/01.원천데이터/VS_아토피_측면/Z4_78363_P0_L0.png,Z4_78363_P0_L0.png,Z4_78363,09aaa3a3c0b52f5a2df43753ef83787ed52c6f0768b2c42cf0b04ee4b4358e60
aihub,train,1,Validation/01.원천데이터/VS_아토피_측면/Z4_78365_P0_L0.png,Z4_78365_P0_L0.png,Z4_78365,ebf2e8e31d9744406026d6d5bccaaf0297b25a65d278a0a0f11186a68f8f115b
aihub,train,1,Validation/01.원천데이터/VS_아토피_측면/Z4_78372_P0_L0.png,Z4_78372_P0_L0.png,Z4_78372,68146a4c8bc815a787b70f1d37e2160ac614f6f8ebe1c07355db35cdc8c710ce
aihub,train,1,Validation/01.원천데이터/VS_아토피_측면/Z4_78380_P0_L0.png,Z4_78380_P0_L0.png,Z4_78380,e14a8470c2b98819ab901899f6782d34cf8e25fb0280c33f7fa3ef66e3b617aa
aihub,train,1,Validation/01.원천데이터/VS_아토피_측면/Z4_78389_P0_L0.png,Z4_78389_P0_L0.png,Z4_78389,887b451034341994cc55122bc49d62744c6d2e57decd6b8fb514ddd59af3b9eb
aihub,train,1,Validation/01.원천데이터/VS_아토피_측면/Z4_78390_P0_L0.png,Z4_78390_P0_L0.png,Z4_78390,14c87a93f9c0810ecb9448d1b337d90a19f514e0fa77092321924b5cffe0ec4f
aihub,train,1,Validation/01.원천데이터/VS_아토피_측면/Z4_78393_P0_L0.png,Z4_78393_P0_L0.png,Z4_78393,a407a44f4e218359971a94c9dca2d2992b01c869df6beb3e3fe777688e261461
aihub,train,1,Validation/01.원천데이터/VS_아토피_측면/Z4_78397_P0_L0.png,Z4_78397_P0_L0.png,Z4_78397,6ba1d20a5bb3de716116470300c79ed59b9d8ae3746401d8a23ff092a2f9af20
aihub,train,1,Validation/01.원천데이터/VS_아토피_측면/Z4_78401_P0_L0.png,Z4_78401_P0_L0.png,Z4_78401,a62ff809c650934bca4409a7ade00d66c48507558014899aed00d5f4225153f6
aihub,train,1,Validation/01.원천데이터/VS_아토피_측면/Z4_78412_P0_L0.png,Z4_78412_P0_L0.png,Z4_78412,834ddccbf938215a13a0ad706f88be93de25be5a8cdad8ee675c561cf7df91f3
aihub,train,1,Validation/01.원천데이터/VS_아토피_측면/Z4_78414_P0_L0.png,Z4_78414_P0_L0.png,Z4_78414,6a6b09da7eacf891c7f6336fbef394bfa68ab45da2f483a3222a710f412cfbe0
aihub,train,1,Validation/01.원천데이터/VS_아토피_측면/Z4_78415_P0_L0.png,Z4_78415_P0_L0.png,Z4_78415,e8530fbb4b3fb0dbadc2d522517319a67621cea1730ca4696c04c5bc3a769138
aihub,train,1,Validation/01.원천데이터/VS_아토피_측면/Z4_78420_P0_L0.png,Z4_78420_P0_L0.png,Z4_78420,b389348a9165731f5e8adf73cf8501bcda2578a718dc119609fe393d8f25c942
aihub,train,1,Validation/01.원천데이터/VS_아토피_측면/Z4_78427_P0_L0.png,Z4_78427_P0_L0.png,Z4_78427,e5ba31ea2609fc4f32a581daec3fbff79206dc28358606599c853b43e3001c6c
aihub,train,1,Validation/01.원천데이터/VS_아토피_측면/Z4_78449_P0_L0.png,Z4_78449_P0_L0.png,Z4_78449,cfbb233612f33cb9a99bf19f1f4c8b2ba611f8dde4dd87314aac4d1e86b0a796
aihub,train,1,Validation/01.원천데이터/VS_아토피_측면/Z4_78450_P0_L0.png,Z4_78450_P0_L0.png,Z4_78450,b4b842890582b34a7ad6311ca4a88fe9919ed2e6dc57479298dbfb719e0d670a
aihub,train,1,Validation/01.원천데이터/VS_아토피_측면/Z4_78461_P0_L0.png,Z4_78461_P0_L0.png,Z4_78461,402f443a3facd0c806f65724891297fc1e332586b669d8544c7cd20b4d144491
aihub,train,1,Validation/01.원천데이터/VS_아토피_측면/Z4_78470_P0_L0.png,Z4_78470_P0_L0.png,Z4_78470,6689664ea5b4b309626b2a7462db9319d53bb75dcc9353a6855805023a924d14
aihub,train,1,Validation/01.원천데이터/VS_아토피_측면/Z4_78476_P0_L0.png,Z4_78476_P0_L0.png,Z4_78476,4a4c603d71288512e8dc9a796c4179538c85194fca7e69f8a77f2a11d7af154d
aihub,train,1,Validation/01.원천데이터/VS_아토피_측면/Z4_78480_P0_L0.png,Z4_78480_P0_L0.png,Z4_78480,0dc640190e17936a211173b1da2810173ea75f5ca90866ca475044a25e6ac842
aihub,train,1,Validation/01.원천데이터/VS_아토피_측면/Z4_78482_P0_L0.png,Z4_78482_P0_L0.png,Z4_78482,0605c75a22e06195e0809ac8be09c593555e93bf81ddf7420b4febae56fc3842
aihub,train,1,Validation/01.원천데이터/VS_아토피_측면/Z4_78484_P0_L0.png,Z4_78484_P0_L0.png,Z4_78484,a5a6aeac4eb1fe7d42b770c87905a47acf73ee4795d31f9b278747c51503cbc9
aihub,train,1,Validation/01.원천데이터/VS_아토피_측면/Z4_78485_P0_L0.png,Z4_78485_P0_L0.png,Z4_78485,4fe8c6f079d4f614ac0556797a6e5bdd2521d60ce5d153431983bc11f0f78cc5
aihub,train,1,Validation/01.원천데이터/VS_아토피_측면/Z4_78492_P0_L0.png,Z4_78492_P0_L0.png,Z4_78492,5f6eda1af9bd6ea1034ab35b6ae94ffb1c27bfc4e969202902a92ea55466a100
aihub,train,1,Validation/01.원천데이터/VS_아토피_측면/Z4_78494_P0_L0.png,Z4_78494_P0_L0.png,Z4_78494,be4f81b91c769f66e86ef533b7dee0960658525ac99f09d374126f558af4de8e
aihub,train,1,Validation/01.원천데이터/VS_아토피_측면/Z4_78498_P0_L0.png,Z4_78498_P0_L0.png,Z4_78498,d1ac24ef27dc8a7a83109004aa6e7b29534786ca33b7d55cd15f865c2d41197e
aihub,train,1,Validation/01.원천데이터/VS_아토피_측면/Z4_78501_P0_L0.png,Z4_78501_P0_L0.png,Z4_78501,20ae0953f83448bb73255d9583c1fbb92fec69fb9efc16bcf2ce4cdf89561e93
aihub,train,1,Validation/01.원천데이터/VS_아토피_측면/Z4_78503_P0_L0.png,Z4_78503_P0_L0.png,Z4_78503,d91d476fa67b0653f1e6a20119f82f5fe0af430ae9e10a84e8fcfbe647490827
aihub,train,1,Validation/01.원천데이터/VS_아토피_측면/Z4_78510_P0_L0.png,Z4_78510_P0_L0.png,Z4_78510,c219de2db1566decef02f9384e19811b1836828fa21074834f63981494bd7116
aihub,train,1,Validation/01.원천데이터/VS_아토피_측면/Z4_78511_P0_L0.png,Z4_78511_P0_L0.png,Z4_78511,6eff6e9b252afee3d12f3142c5951baec5979a59af5093851384ea1ce152b07b
aihub,train,1,Validation/01.원천데이터/VS_아토피_측면/Z4_78514_P0_L0.png,Z4_78514_P0_L0.png,Z4_78514,15c1d1b93a13919235ce66477ceeba473c80829cb49c2f00be7634a595e902d7
aihub,train,1,Validation/01.원천데이터/VS_아토피_측면/Z4_78515_P0_L0.png,Z4_78515_P0_L0.png,Z4_78515,e0e0614a41b08d5861534b860f7a2a1e958d5407743fcaeedb4edabf57f18d97
aihub,train,1,Validation/01.원천데이터/VS_아토피_측면/Z4_78517_P0_L0.png,Z4_78517_P0_L0.png,Z4_78517,8d53e5e07d64d622c665c4032e82bb608d2eba353116fb1e78da55753577d6f9
aihub,train,1,Validation/01.원천데이터/VS_아토피_측면/Z4_78522_P0_L0.png,Z4_78522_P0_L0.png,Z4_78522,f4dd8d2c3152153e46368b77773df4c267ee7974b6ffb3154d2fde6d2b62b837
aihub,train,1,Validation/01.원천데이터/VS_아토피_측면/Z4_78527_P0_L0.png,Z4_78527_P0_L0.png,Z4_78527,895d63297b389d040bc9f2e71d28cda2547f107aa6a9197db90b7181dbd0c619
aihub,train,1,Validation/01.원천데이터/VS_아토피_측면/Z4_78532_P0_L0.png,Z4_78532_P0_L0.png,Z4_78532,752d17f067fdbf327813f12972d03fbfcafa63c1d7b96d282190894a6979a3ed
aihub,train,1,Validation/01.원천데이터/VS_아토피_측면/Z4_78533_P0_L0.png,Z4_78533_P0_L0.png,Z4_78533,ef2013a4d586fa02b09bcc5d4ffe7ca5475964654c7f4b8e47ce2c2cedc5db55
aihub,train,1,Validation/01.원천데이터/VS_아토피_측면/Z4_78535_P0_L0.png,Z4_78535_P0_L0.png,Z4_78535,930770ae42c867a16f7f68870e4a88e0748bdcdffd55cfb6b72790e7c8890898
aihub,train,1,Validation/01.원천데이터/VS_아토피_측면/Z4_78540_P0_L0.png,Z4_78540_P0_L0.png,Z4_78540,6a203ed8045bc5b97caddf812b5112252a8d3d82b5b6ba98b6e5c1601462d596
aihub,train,0,Training/01.원천데이터/TS_정상_측면/Z4_81558_P0_L0.png,Z4_81558_P0_L0.png,Z4_81558,9d7549ca152c605c05e0e079459ac0a2ef156ad63451aa9fb938be37634f613e
aihub,train,0,Training/01.원천데이터/TS_정상_정면/H0_206158_P6_L0.png,H0_206158_P6_L0.png,H0_206158,7060e56d9be9d8291568c62f62cc9b5da56cc81c7eeba8075b3ec1d414ecba98
aihub,train,0,Training/01.원천데이터/TS_정상_정면/H0_205956_P6_L0.png,H0_205956_P6_L0.png,H0_205956,f66b8588a9c0774b161b5250235c58d6c483f4ba83bd28a32f6771dc20ea180e
aihub,train,0,Training/01.원천데이터/TS_정상_측면/Z4_83355_P0_L0.png,Z4_83355_P0_L0.png,Z4_83355,491cd93e025750f1f8c3794f8c658124f736f357587c84871b5a09f2dc771d6d
aihub,train,0,Training/01.원천데이터/TS_정상_정면/H1_397477_P1_L1.png,H1_397477_P1_L1.png,H1_397477,e2b3a814a05ea8ea62c598c7afb51811a3c9c5cd3e2021d8bd18533dda3a772e
aihub,train,0,Training/01.원천데이터/TS_정상_정면/H0_206228_P9_L0.png,H0_206228_P9_L0.png,H0_206228,0b2fadd24c7e3d768a9cd62a0a10d62f19456ed945d32be32576f7d90403228d
aihub,train,0,Training/01.원천데이터/TS_정상_측면/Z4_83287_P0_L0.png,Z4_83287_P0_L0.png,Z4_83287,93347e1d75b31cb9a02afa6fb80cdce5cbd75c5c2f0c8b4f411ef14b6819bc12
aihub,train,0,Training/01.원천데이터/TS_정상_정면/H0_206146_P1_L0.png,H0_206146_P1_L0.png,H0_206146,94ce346a07092b5b06549f502ba6514861a8b1d8337503c8019f81213e644fce
aihub,train,0,Training/01.원천데이터/TS_정상_정면/H0_206116_P14_L0.png,H0_206116_P14_L0.png,H0_206116,1f93878c2bb90fb5b125e0f798f61a86823083e2fbdab06ecb4675a61b87e510
aihub,train,0,Training/01.원천데이터/TS_정상_측면/Z4_79030_P0_L0.png,Z4_79030_P0_L0.png,Z4_79030,d7c6f2522c81bf867ede67cb38533a63306f91d81f4bdebd53661016a0c5826a
aihub,train,0,Training/01.원천데이터/TS_정상_정면/H0_205983_P6_L0.png,H0_205983_P6_L0.png,H0_205983,7aabcffe0b7efa0c155ccd02c124437d435741e517587872262df53f830c3896
aihub,train,0,Training/01.원천데이터/TS_정상_정면/H1_397434_P1_L1.png,H1_397434_P1_L1.png,H1_397434,115a44e37bbdf0a337c6c90a60453447acb1a46c60e4c888735fb0088d05c304
aihub,train,0,Training/01.원천데이터/TS_정상_측면/Z4_79827_P0_L0.png,Z4_79827_P0_L0.png,Z4_79827,fa0a5580069a55f777f056df6ba6d43432a716f9dfab93ef7d9b7dea11d811a3
aihub,train,0,Training/01.원천데이터/TS_정상_측면/Z4_80875_P0_L0.png,Z4_80875_P0_L0.png,Z4_80875,bd0a1a9a867acdfca86a0c3e575f7c4e1e138500580efd7e1dea73797ad235ca
aihub,train,0,Training/01.원천데이터/TS_정상_정면/H0_205960_P6_L0.png,H0_205960_P6_L0.png,H0_205960,ef6184a85c19c1955ebec722616e150177a47b36ef984dc841caef524227308c
aihub,train,0,Training/01.원천데이터/TS_정상_측면/Z4_80453_P0_L0.png,Z4_80453_P0_L0.png,Z4_80453,6e6322cc1cbf4e12aaff9fd397346e80f3dc34f8858b89cc1969ad2fbe1df30f
aihub,train,0,Training/01.원천데이터/TS_정상_정면/H0_227324_P6_L0.png,H0_227324_P6_L0.png,H0_227324,e95902b6cffdc7906fa11f7eaabf946e0ffb229955867cde78b4a8e378ba8f9e
aihub,train,0,Training/01.원천데이터/TS_정상_측면/Z4_83153_P0_L0.png,Z4_83153_P0_L0.png,Z4_83153,448b446089fb0054047950356a104236ff0f2c15cde76cd30ffeb5e85841e624
aihub,train,0,Training/01.원천데이터/TS_정상_측면/Z4_81907_P0_L0.png,Z4_81907_P0_L0.png,Z4_81907,31fe9fbf4d95a71b618e5158107f7d9eb058f379e4f0e5838a0f9d366ae3f21c
aihub,train,0,Training/01.원천데이터/TS_정상_정면/H1_397453_P1_L0.png,H1_397453_P1_L0.png,H1_397453,92150aa8d0cd54b87a6f07ed1ea2e588c8a89d49f9a7ce2881477fb526d1fad3
aihub,train,0,Training/01.원천데이터/TS_정상_측면/Z4_80744_P0_L0.png,Z4_80744_P0_L0.png,Z4_80744,33331103b4a67d43bfe5ff07c912185c4ef67f458635978ddf995e87934a2248
aihub,train,0,Training/01.원천데이터/TS_정상_정면/H4_3461_P62_L0.png,H4_3461_P62_L0.png,H4_3461,00ad295b89cedd4636c9e6e2b369b373c5d2940109cb633027aead72a0f687f9
aihub,train,0,Validation/01.원천데이터/VS_정상_정면/H11_59_P11_L0.png,H11_59_P11_L0.png,H11_59,8195b2a505336e8a26996a3f77f8b6cae4d7afbcf6bf4ac6a8d41e1455f22c30
aihub,train,0,Training/01.원천데이터/TS_정상_측면/Z4_83570_P0_L0.png,Z4_83570_P0_L0.png,Z4_83570,d51a1303a2a3cf0584086d60fc714316afb698bafdd9e9610df4a99a61e0013c
aihub,train,0,Validation/01.원천데이터/VS_정상_정면/H11_52_P14_L0.png,H11_52_P14_L0.png,H11_52,e038b4285ed14a05ef90b11e732da7a442ef6f7dab524eaa0136afdf5e3519db
aihub,train,0,Training/01.원천데이터/TS_정상_측면/Z4_82945_P0_L0.png,Z4_82945_P0_L0.png,Z4_82945,90130db45b02ddf18cecefee956a95f5e0d4025efb6a4e649df126eb33d6412a
aihub,train,0,Training/01.원천데이터/TS_정상_측면/Z4_79032_P0_L0.png,Z4_79032_P0_L0.png,Z4_79032,955f1e6fd4d74e444f7d50587b9027d1c0f3a921fe9bee7c421b5a1f88c7bbdd
aihub,train,0,Validation/01.원천데이터/VS_정상_측면/Z4_117091_P0_L0.png,Z4_117091_P0_L0.png,Z4_117091,cdfc85330d2fecc36563d27752b30a4443c44bca20a16c906a8d338118083941
aihub,train,0,Training/01.원천데이터/TS_정상_정면/H0_206343_P9_L0.png,H0_206343_P9_L0.png,H0_206343,6d6cd3d579dfcd119b7b56621f10e0c25ea481f2bb70de6b3e41bc17742fa373
aihub,train,0,Training/01.원천데이터/TS_정상_정면/H1_370136_P11_L0.png,H1_370136_P11_L0.png,H1_370136,c172947287b97b6f29369bffc382c2f1d01e7922bb809c5bbff5df82f41b352b
aihub,train,0,Training/01.원천데이터/TS_정상_측면/Z4_83633_P0_L0.png,Z4_83633_P0_L0.png,Z4_83633,4ac75420b369360dab788a506dfa8f6cf9671e9d01ac1be96ae7079a7cc692c9
aihub,train,0,Training/01.원천데이터/TS_정상_정면/H8_1360_P5_L0.png,H8_1360_P5_L0.png,H8_1360,7e05430d7383235cce705eeec889ef321a1a053ee568be4818a55dd4e5eed840
aihub,train,0,Training/01.원천데이터/TS_정상_정면/H0_206125_P1_L0.png,H0_206125_P1_L0.png,H0_206125,182078b009754bdb584d269cc4cf57d451972978d4330fca24f78febd939eb99
aihub,train,0,Training/01.원천데이터/TS_정상_정면/H0_206131_P1_L0.png,H0_206131_P1_L0.png,H0_206131,e95efdcca7cf0e895f5dae311250c3d12e56f178daf42323a112fea93a230d4b
aihub,train,0,Training/01.원천데이터/TS_정상_정면/H8_369_P4_L2.png,H8_369_P4_L2.png,H8_369,b2c38dd6de3a6d1976fffa6e6458e0d9c0c10ef5f875c07468a09c34674adb3c
aihub,train,0,Validation/01.원천데이터/VS_정상_측면/Z4_116796_P0_L0.png,Z4_116796_P0_L0.png,Z4_116796,c9d91a9fbdd6c2838591c022b996393335a8c0ab3e77ecc20475cde97463bed5
aihub,train,0,Training/01.원천데이터/TS_정상_정면/H3_4030_P18_L0.png,H3_4030_P18_L0.png,H3_4030,9b2758939f7073dafd674dd73ba7bfb4b836c0912291e2e0798fbeecab9c88ba
aihub,train,0,Validation/01.원천데이터/VS_정상_정면/H11_54_P14_L2.png,H11_54_P14_L2.png,H11_54,59df0704e4a12e8db067f3180a8dd1d2df05b07b8b9f755ace0cae786dc8062c
aihub,train,0,Training/01.원천데이터/TS_정상_정면/H0_206016_P1_L0.png,H0_206016_P1_L0.png,H0_206016,65b5ed1fddaaf353eca3e515b63f20fade00feb8ede0ae849d924b393000dda4
aihub,train,0,Training/01.원천데이터/TS_정상_측면/Z4_83250_P0_L0.png,Z4_83250_P0_L0.png,Z4_83250,0c088550072a02aac59da12e9f7f9004f543dfdde1a8ceaf68da86fbf3713883
aihub,train,0,Training/01.원천데이터/TS_정상_측면/Z4_80161_P0_L0.png,Z4_80161_P0_L0.png,Z4_80161,93e508c3caf9c78f44a63451df30725a905d47d561195d54f3d32ecbda35dcda
aihub,train,0,Training/01.원천데이터/TS_정상_정면/H5_1355_P2_L0.png,H5_1355_P2_L0.png,H5_1355,4ba205220f616f70cf63cdd17ce1ec05c0af75cb090f8c839268e9ec3ad6842f
aihub,train,0,Validation/01.원천데이터/VS_정상_정면/H9_7365_P4_L0.png,H9_7365_P4_L0.png,H9_7365,b38bb1ddf3634cd4fdc1f2f533a56efba520636eefb37aa09df1d683d38c6549
aihub,train,0,Training/01.원천데이터/TS_정상_정면/H8_372_P3_L2.png,H8_372_P3_L2.png,H8_372,4bd519af519d58590e81e75fd0cab537af30e1f2668ef5d8164082b64fc9265e
aihub,train,0,Training/01.원천데이터/TS_정상_측면/Z4_83036_P0_L0.png,Z4_83036_P0_L0.png,Z4_83036,97e2277695700a88273bc79b61ac457e0784c6bcf1a4ca8533ce995c2a8fbd4b
aihub,train,0,Training/01.원천데이터/TS_정상_정면/H0_206079_P9_L0.png,H0_206079_P9_L0.png,H0_206079,6bdc106dcc2fe56f5af2edb01c506fd6624908a9e7c7081ba0917e9c565585bb
aihub,train,0,Training/01.원천데이터/TS_정상_정면/H0_206021_P9_L0.png,H0_206021_P9_L0.png,H0_206021,c19a4a73205422b874d7471a9bb022635a4383bc403ad40584ebdb7f49579961
aihub,train,0,Training/01.원천데이터/TS_정상_측면/Z4_82506_P0_L0.png,Z4_82506_P0_L0.png,Z4_82506,33a12a7331d31001237d24a7f80260893874db020020236b0414f9dd15d66cdd
aihub,train,0,Training/01.원천데이터/TS_정상_정면/H1_88695_P7_L1.png,H1_88695_P7_L1.png,H1_88695,78147daffea07b6417bdb2025ecb9fa21b5f85193a7c32ef6fef1ffc13326023
aihub,train,0,Training/01.원천데이터/TS_정상_측면/Z4_83833_P0_L0.png,Z4_83833_P0_L0.png,Z4_83833,0df1fa84dc3538659c6307cebb0b5e6f170ab3f5fbb8fead7d453001fe8b8d0a
aihub,train,0,Training/01.원천데이터/TS_정상_정면/H4_7079_P3_L0.png,H4_7079_P3_L0.png,H4_7079,59dbe3d10f46d606f4370ce3ffa399baf3263f88b55d959bfbc9be9acb1cc158
aihub,train,0,Validation/01.원천데이터/VS_정상_측면/Z4_117209_P0_L0.png,Z4_117209_P0_L0.png,Z4_117209,23b196e147074d4fcc89b5429676563cd1b4ff06872162f09569ec7ea8effb1d
aihub,train,0,Training/01.원천데이터/TS_정상_정면/H0_206143_P14_L0.png,H0_206143_P14_L0.png,H0_206143,26dcd4ee93095991102a839f62a9a53b03db9099223385e0ef0016636827c605
aihub,train,0,Validation/01.원천데이터/VS_정상_측면/Z4_116928_P0_L0.png,Z4_116928_P0_L0.png,Z4_116928,5ee82a18e8329e14ab259805a0dd15a62224786ccab3739bb7c94d614f198845
aihub,train,0,Validation/01.원천데이터/VS_정상_측면/Z4_116993_P0_L0.png,Z4_116993_P0_L0.png,Z4_116993,29cbc53bfaad97f40c3230d17fb42d06cced480340d66b5feae584f7a3679e27
aihub,train,0,Training/01.원천데이터/TS_정상_측면/Z4_79326_P0_L0.png,Z4_79326_P0_L0.png,Z4_79326,072ff4ec5bf5463ec1107ad98420008de4a1e95840732f753736204ae9a4ea97
aihub,train,0,Training/01.원천데이터/TS_정상_측면/Z4_81480_P0_L0.png,Z4_81480_P0_L0.png,Z4_81480,8173cde3a6cae741cc94dc4f5323c25e10140e79e2987bb5232c89b9cc12120f
aihub,train,0,Validation/01.원천데이터/VS_정상_측면/Z4_116468_P0_L0.png,Z4_116468_P0_L0.png,Z4_116468,eae598b81b8cb40cdfcd16b03e751c3bbe16580a179b7dab84725a82c8486b44
aihub,train,0,Training/01.원천데이터/TS_정상_정면/H0_206359_P1_L0.png,H0_206359_P1_L0.png,H0_206359,3b15d937d733210a6e48b0aef6cf4b97b47f7c202f0d555cb7da20d641ab3410
aihub,train,0,Training/01.원천데이터/TS_정상_정면/H9_3594_P17_L0.png,H9_3594_P17_L0.png,H9_3594,bc0333b38707cdd64a19038bbe1334ef9e847fada6ccda11f4d7fd5b79ebce2a
aihub,train,0,Training/01.원천데이터/TS_정상_정면/H8_365_P3_L0.png,H8_365_P3_L0.png,H8_365,3a2a12d17d9e3ab1364489c43b3ea6aabd0317fbe9dbb3d713dd8b3c2fb362c2
aihub,train,0,Training/01.원천데이터/TS_정상_정면/H1_328301_P1_L0.png,H1_328301_P1_L0.png,H1_328301,52f5ec619a4942803c11652fc927adc243df09a585ee583ebe0f6fdfc2e80f51
aihub,train,0,Training/01.원천데이터/TS_정상_측면/Z4_82645_P0_L0.png,Z4_82645_P0_L0.png,Z4_82645,2941c283735b466021df6da712478106722bd9f168a0f2acc37073e18aa1c9af
aihub,train,0,Training/01.원천데이터/TS_정상_정면/H3_4039_P26_L0.png,H3_4039_P26_L0.png,H3_4039,ff5d4e7a30ca98dedb635feb1e343d3af2758d32cb9df7b61da7b48a6b496376
aihub,train,0,Training/01.원천데이터/TS_정상_측면/Z4_80948_P0_L0.png,Z4_80948_P0_L0.png,Z4_80948,ccb07ab2f10c4a9447e6dabab08aae4179c73dbe929bad5a657b3a3587401bbb
aihub,train,0,Training/01.원천데이터/TS_정상_측면/Z4_81471_P0_L0.png,Z4_81471_P0_L0.png,Z4_81471,bc37b68c218b2441ab113cac042854fce7ff391c52e5f7dd792840258f652012
aihub,train,0,Training/01.원천데이터/TS_정상_측면/Z4_80128_P0_L0.png,Z4_80128_P0_L0.png,Z4_80128,3b2407b06619299386e17a195985e7c41f9882166dee4a55aa372bdc40cf9c34
aihub,train,0,Training/01.원천데이터/TS_정상_측면/Z4_83248_P0_L0.png,Z4_83248_P0_L0.png,Z4_83248,d60cabcacda5ba465d0679f429f3bdc66117a95ac901e15ca38d5e572d9a9f4e
aihub,train,0,Training/01.원천데이터/TS_정상_정면/H0_206360_P6_L0.png,H0_206360_P6_L0.png,H0_206360,755417cc9cd2a17cb7ced8986656b3791f31fa419d821d5e2a473bd66a846bd8
aihub,train,0,Training/01.원천데이터/TS_정상_측면/Z4_79400_P0_L0.png,Z4_79400_P0_L0.png,Z4_79400,80d2a9a204eb9c51b7fb9d530a4010aaecbd57a6a92f45f559f6abdcd8d4794a
aihub,train,0,Training/01.원천데이터/TS_정상_정면/H3_4857_P15_L0.png,H3_4857_P15_L0.png,H3_4857,96fe6933a3db5c026f64e1eac7c36e16b1e3cae4500456097c2c4f23eda8a41d
aihub,train,0,Training/01.원천데이터/TS_정상_측면/Z4_81562_P0_L0.png,Z4_81562_P0_L0.png,Z4_81562,927be715c5aa7239ffa2f5d63eb33925b556fac635db1d41eaa24d3ef573dde4
aihub,train,0,Training/01.원천데이터/TS_정상_측면/Z4_80410_P0_L0.png,Z4_80410_P0_L0.png,Z4_80410,4d27bbf62371309dc11607ffa3129f6ab59b29ad656dccbfc18807bc5f4b8289
aihub,train,0,Training/01.원천데이터/TS_정상_정면/H1_397446_P1_L0.png,H1_397446_P1_L0.png,H1_397446,538091b346fe8549f5d9dfed2f935b66831efb624db0c8d52ce0c0f4dcf307de
aihub,train,0,Training/01.원천데이터/TS_정상_측면/Z4_82804_P0_L0.png,Z4_82804_P0_L0.png,Z4_82804,c7a528b686d917f8097c16be14b0f3a5e703eb120ccdf8782f0c0c65058b2429
aihub,train,0,Training/01.원천데이터/TS_정상_정면/H7_5328_P12_L0.png,H7_5328_P12_L0.png,H7_5328,7b2a009374c23dffec7a255217d02046a85d7f231561f2328e10a3ccee7de15f
aihub,train,0,Training/01.원천데이터/TS_정상_측면/Z4_83893_P0_L0.png,Z4_83893_P0_L0.png,Z4_83893,85cdad376356f205f6c116160808d2417ad78ad736077881838f59ccac10a469
aihub,train,0,Training/01.원천데이터/TS_정상_정면/H0_206047_P6_L0.png,H0_206047_P6_L0.png,H0_206047,150d044ea1c98d4c78d2af8b62aff989f61b134b6798eeba196652a8a0c9e5c2
aihub,train,0,Training/01.원천데이터/TS_정상_정면/H1_91353_P23_L1.png,H1_91353_P23_L1.png,H1_91353,4e28bcb532bf468267cd0c9f6cbf94a5461815103d6f3e49d35afd40f209f810
aihub,train,0,Validation/01.원천데이터/VS_정상_측면/Z4_117249_P0_L0.png,Z4_117249_P0_L0.png,Z4_117249,2e2c852c2c7218392b01222fc26c86fb42d6b7ebcc06b958b96399fefc5fe851
aihub,train,0,Validation/01.원천데이터/VS_정상_정면/H11_50_P9_L0.png,H11_50_P9_L0.png,H11_50,ada73c5b64e3f8421a41b62fbbd312deee14b0e4ca616d39bbe9306eb68f29de
aihub,train,0,Training/01.원천데이터/TS_정상_정면/H7_4858_P8_L0.png,H7_4858_P8_L0.png,H7_4858,9456f77222ceb9491c9f5a10142ee4ca8cf91e4ba5dae4833ad12cb2415fc440
aihub,train,0,Training/01.원천데이터/TS_정상_정면/H3_4042_P27_L0.png,H3_4042_P27_L0.png,H3_4042,6d5de0eb8cd1cf0455f152a68731a1bd9e309990934b6e68a5522e61f929eed1
aihub,train,0,Training/01.원천데이터/TS_정상_정면/H0_206073_P6_L0.png,H0_206073_P6_L0.png,H0_206073,0e32bb93df87a97f6aa27f3e10812174e9d825e29d41a6ba3f2c59ad58328314
aihub,train,0,Training/01.원천데이터/TS_정상_측면/Z4_80507_P0_L0.png,Z4_80507_P0_L0.png,Z4_80507,5c1a36d333947f6e881fdab851e2f009a211e290d9780de9dd5aeca83bb5ebf8
aihub,train,0,Training/01.원천데이터/TS_정상_정면/H7_2373_P1_L0.png,H7_2373_P1_L0.png,H7_2373,4a08f87c311847f11ca68d0ee84af72e958dc9e451db79dfeaeac88f30318861
aihub,train,0,Training/01.원천데이터/TS_정상_정면/H1_370060_P3_L0.png,H1_370060_P3_L0.png,H1_370060,3ac4c60576dec17da54a3df3a699ee87318a84b3ab65b8ad08b9d78b5edccbc2
aihub,train,0,Training/01.원천데이터/TS_정상_측면/Z4_82084_P0_L0.png,Z4_82084_P0_L0.png,Z4_82084,0ba9b4559faff3350fe127bd540281ca4e92443cf8bddcdc629dc311e47977ab
aihub,train,0,Training/01.원천데이터/TS_정상_측면/Z4_79793_P0_L0.png,Z4_79793_P0_L0.png,Z4_79793,ff150a522a2899a5fbe4f91830bc49bba7d8c9df9dd4e49e0819970c4b53145b
aihub,train,0,Training/01.원천데이터/TS_정상_측면/Z4_115143_P0_L0.png,Z4_115143_P0_L0.png,Z4_115143,60aa98ed7bef9371fddb0dd0aaa95e14458895f4e9e5069b48617585170d157e
aihub,train,0,Training/01.원천데이터/TS_정상_측면/Z4_81619_P0_L0.png,Z4_81619_P0_L0.png,Z4_81619,e12bcfc0121f6d0c51e84e410965c0a3f46d5590f2656d5ceb46b28ea95ff686
aihub,train,0,Training/01.원천데이터/TS_정상_측면/Z4_79359_P0_L0.png,Z4_79359_P0_L0.png,Z4_79359,a2cdc6d8d364791c7d44792ba1b52b646fe7ce2837aaceda242ec37da60d8fb6
aihub,train,0,Training/01.원천데이터/TS_정상_정면/H0_206235_P1_L0.png,H0_206235_P1_L0.png,H0_206235,1de85db5d9c597a7ff913049518323d99b14d4ff4d3ef88f9e844e567984af4f
aihub,train,0,Training/01.원천데이터/TS_정상_정면/H3_4030_P5_L0.png,H3_4030_P5_L0.png,H3_4030,dfb63029195a83db96683aae251ca21f4a33046ef49387dae258d3f554de062d
aihub,train,0,Training/01.원천데이터/TS_정상_정면/H2_2792_P6_L0.png,H2_2792_P6_L0.png,H2_2792,52c0e8f0064be470bceb930db4fd495a54caa158573ca787c279050355def4ba
aihub,train,0,Training/01.원천데이터/TS_정상_측면/Z4_83385_P0_L0.png,Z4_83385_P0_L0.png,Z4_83385,24b53b5abaae217674cec73bee99838f8241320eee1b64597accca4e446ba25a
aihub,train,0,Validation/01.원천데이터/VS_정상_측면/Z4_117190_P0_L0.png,Z4_117190_P0_L0.png,Z4_117190,683c6ee6c28a221c0d0463c30718ccf5242c989789449172ca7b0725ffcfaabc
aihub,train,0,Training/01.원천데이터/TS_정상_측면/Z4_80177_P0_L0.png,Z4_80177_P0_L0.png,Z4_80177,4992bb75d72c80cd13f56def898cccc42492b26d698ab6bd6439570425ae9bbf
aihub,train,0,Training/01.원천데이터/TS_정상_정면/H3_4025_P36_L0.png,H3_4025_P36_L0.png,H3_4025,ded0e4eee8db66747150a7cb163ca7ec908c0abcb61655daa8082f5bb1b28d27
aihub,train,0,Training/01.원천데이터/TS_정상_측면/Z4_83416_P0_L0.png,Z4_83416_P0_L0.png,Z4_83416,41def7e6e2eaa15f0c6439f80c1a5d9899a87c5463d2fbc042f1ba3afed4bb45
aihub,train,0,Training/01.원천데이터/TS_정상_측면/Z4_80697_P0_L0.png,Z4_80697_P0_L0.png,Z4_80697,6f0476ba94ba577989e13e36f0b60ccbd1ef6b14570a613122b3aae06748fd56
aihub,train,0,Training/01.원천데이터/TS_정상_측면/Z4_79072_P0_L0.png,Z4_79072_P0_L0.png,Z4_79072,9383c857acc874014315ec518ceeb497e2815a1291ec7b00f3a3a60abf249e08
aihub,train,0,Training/01.원천데이터/TS_정상_정면/H8_372_P4_L2.png,H8_372_P4_L2.png,H8_372,c788ab8bbd4e81977b546544eeeca182f2e88d05c9a439a3dad406d2b3e0f620
aihub,train,0,Validation/01.원천데이터/VS_정상_정면/H9_7351_P9_L0.png,H9_7351_P9_L0.png,H9_7351,deda769308b649118c7b948fbf2f5beda718a759e185f6745dbbec2a9f4d534e
aihub,train,0,Training/01.원천데이터/TS_정상_정면/H0_206226_P1_L0.png,H0_206226_P1_L0.png,H0_206226,480b522b137f9cc346120e4da44023ebf02f6f465820e8c4129d7739d9b9c019
aihub,train,0,Training/01.원천데이터/TS_정상_측면/Z4_79864_P0_L0.png,Z4_79864_P0_L0.png,Z4_79864,0cc7cc4616600de96448da27dceabbd40a857ce7c9ae7ac9ab0a097672a07d77
aihub,train,0,Training/01.원천데이터/TS_정상_정면/H0_206122_P6_L0.png,H0_206122_P6_L0.png,H0_206122,568f9ae552132f2099203b05c96649e139963ca185ecb3d95168c11ee39ec960
aihub,train,0,Training/01.원천데이터/TS_정상_정면/H0_206024_P1_L0.png,H0_206024_P1_L0.png,H0_206024,59e6605ae541f3b69b0f100275d956ecd62ffac4c40fc097063cae6d13599d3d
aihub,train,0,Training/01.원천데이터/TS_정상_정면/H0_206320_P6_L0.png,H0_206320_P6_L0.png,H0_206320,1015cc79508dcc472d5f909fb608bd469829e37bd23cc3da14189faf5e5c02ef
aihub,train,0,Training/01.원천데이터/TS_정상_정면/H0_206355_P14_L0.png,H0_206355_P14_L0.png,H0_206355,1d9a7e2cf0475c46673aba0f0b1aee63697a9085e09823e18fe5ad2541f63348
aihub,train,0,Validation/01.원천데이터/VS_정상_정면/H11_27_P1_L0.png,H11_27_P1_L0.png,H11_27,44680d1d7845570432e326d7e156410cae027ec7a603c6bf55370e33f155efb7
aihub,train,0,Training/01.원천데이터/TS_정상_측면/Z4_82752_P0_L0.png,Z4_82752_P0_L0.png,Z4_82752,823c5ff89f6562539a4dc834abe3e994b12860bb308479048da29d8c301b717e
aihub,train,0,Validation/01.원천데이터/VS_정상_측면/Z4_117251_P0_L0.png,Z4_117251_P0_L0.png,Z4_117251,d7181c15e42384cf36d139b0415366afb27f80bb6b8ba8497a24a041cf7ae15d
aihub,train,0,Training/01.원천데이터/TS_정상_측면/Z4_80818_P0_L0.png,Z4_80818_P0_L0.png,Z4_80818,e1cd9ee8d6a282d2efe13058cec0d8d2589073dc5f0720259c392b0bfe263599
aihub,train,0,Training/01.원천데이터/TS_정상_정면/H9_3927_P1_L0.png,H9_3927_P1_L0.png,H9_3927,e388add63952848a8e284ba8d987ed5654fb7ef327f9490489950a479326efb5
aihub,train,0,Training/01.원천데이터/TS_정상_측면/Z4_80816_P0_L0.png,Z4_80816_P0_L0.png,Z4_80816,8fed4ef51fa04ca718fda82d7e0c9b62df59e9d4fd50913216889164ff753b7c
aihub,train,0,Training/01.원천데이터/TS_정상_측면/Z4_79459_P0_L0.png,Z4_79459_P0_L0.png,Z4_79459,ce0046df27826ec9777c8b18187fb2c9534aac665aa744fabe10029bac698f4a
aihub,train,0,Training/01.원천데이터/TS_정상_측면/Z4_80069_P0_L0.png,Z4_80069_P0_L0.png,Z4_80069,9c4c129755cc17dd3c2d1991473182e75a06dafcc8897d0b5df7298c3ce1d7b4
aihub,train,0,Training/01.원천데이터/TS_정상_정면/H3_3846_P5_L0.png,H3_3846_P5_L0.png,H3_3846,6f3ee00afc18dff96562485df42f46a0be3856e1858a77fd108c1f6857bd59ba
aihub,train,0,Training/01.원천데이터/TS_정상_측면/Z4_80378_P0_L0.png,Z4_80378_P0_L0.png,Z4_80378,c88e4d2681cc02b42824944730ba1ca8bad6c873afa2185ca2194d66651d5996
aihub,train,0,Training/01.원천데이터/TS_정상_정면/H0_205854_P13_L0.png,H0_205854_P13_L0.png,H0_205854,c147a56f11b3bf46c8ca4b0035f65ec41ea94f1d5e47cfd9fb53f3f5f5a8b9cd
aihub,train,0,Validation/01.원천데이터/VS_정상_정면/H11_40_P12_L1.png,H11_40_P12_L1.png,H11_40,5c640d1bbe6f5f8372b65049400228968f358fd743937c217b9cf5afd462f416
aihub,train,0,Training/01.원천데이터/TS_정상_측면/Z4_83209_P0_L0.png,Z4_83209_P0_L0.png,Z4_83209,2d87d28d3939d4b1838c4f73354ffbbf8b78e7fcba70092a94aaa5603a5457a9
aihub,train,0,Training/01.원천데이터/TS_정상_정면/H0_206167_P9_L0.png,H0_206167_P9_L0.png,H0_206167,ba896643fc6439b0732af07e0d127fe83e9edcd821d4156c0dcf492a2a9dd004
aihub,train,0,Training/01.원천데이터/TS_정상_측면/Z4_82759_P0_L0.png,Z4_82759_P0_L0.png,Z4_82759,b458596f24f6eca05932529cf102684c2eae41d7ed28ea033687c69dbc040fab
aihub,train,0,Training/01.원천데이터/TS_정상_측면/Z4_80162_P0_L0.png,Z4_80162_P0_L0.png,Z4_80162,1532a3294e0b7c14205d9cd244c7536d593d55dab3b9cc4c93e6aeae340d7a0f
aihub,train,0,Validation/01.원천데이터/VS_정상_측면/Z4_116438_P0_L0.png,Z4_116438_P0_L0.png,Z4_116438,4f425048fa4620f6a89ae78871c15c9a0da77dc3f1eefdbfcba7844b4f98b020
aihub,train,0,Training/01.원천데이터/TS_정상_측면/Z4_83734_P0_L0.png,Z4_83734_P0_L0.png,Z4_83734,cbb5aeb32e9584ad6d5888db00d3a107b844039314d504d82b8c09d552cec902
aihub,train,0,Training/01.원천데이터/TS_정상_측면/Z4_81566_P0_L0.png,Z4_81566_P0_L0.png,Z4_81566,7fc52c9eeae65db460adf060477e584663d724276b5df3046bf300409629de7e
aihub,train,0,Validation/01.원천데이터/VS_정상_측면/Z4_117009_P0_L0.png,Z4_117009_P0_L0.png,Z4_117009,938bfeac5fe0684910912627caea182b2bba59e36a7ec8382237f4b665ef2de1
aihub,train,0,Validation/01.원천데이터/VS_정상_측면/Z4_117339_P0_L0.png,Z4_117339_P0_L0.png,Z4_117339,1c5e84f576a86432e99a95299725c7aee759bf532ad86fe7810226d3d3b195ea
aihub,train,0,Training/01.원천데이터/TS_정상_정면/H5_1358_P2_L0.png,H5_1358_P2_L0.png,H5_1358,9ae5c3611f261e0a2aecef6fc227fe4093c8cb2577517e03a93412f87cabcf8e
aihub,train,0,Training/01.원천데이터/TS_정상_측면/Z4_79120_P0_L0.png,Z4_79120_P0_L0.png,Z4_79120,fdacb75fe584c7cc105266f34aca7eced7dcef22923930fb73fecc1cd8d2be2b
aihub,train,0,Training/01.원천데이터/TS_정상_정면/H0_206352_P1_L0.png,H0_206352_P1_L0.png,H0_206352,08c6853a81a40a75676d9661bac82b22b207e95e10fc0534fe5c18153218b26e
aihub,train,0,Training/01.원천데이터/TS_정상_측면/Z4_79330_P0_L0.png,Z4_79330_P0_L0.png,Z4_79330,c0cb58dd9cb5e013f69433242c2cd665fc0a31318af14dc39d592fc5c3db0e58
aihub,train,0,Training/01.원천데이터/TS_정상_정면/H0_205828_P21_L0.png,H0_205828_P21_L0.png,H0_205828,a7f4c7cc7e4aa8f67c69757f899307c12092d0172073e9024f5a3d41cf5c8db0
aihub,train,0,Training/01.원천데이터/TS_정상_측면/Z4_83211_P0_L0.png,Z4_83211_P0_L0.png,Z4_83211,995ca04312541b745380fe8dbaa6be841f1bfd3c1c70722d7c3fa3d7c47bc4c3
aihub,train,0,Training/01.원천데이터/TS_정상_측면/Z4_83184_P0_L0.png,Z4_83184_P0_L0.png,Z4_83184,e436e3ed967bdc75935a5a8548c64b9b8278e595876a367ea4effae21983e6cd
aihub,train,0,Training/01.원천데이터/TS_정상_정면/H3_4028_P9_L0.png,H3_4028_P9_L0.png,H3_4028,ce775ca673fd3ca5edfb076d436db25b7649ee6eedac4a1e2097cdf31b08368f
aihub,train,0,Training/01.원천데이터/TS_정상_측면/Z4_79805_P0_L0.png,Z4_79805_P0_L0.png,Z4_79805,c5f4296af193818c46ed3b465cb806d8137caad979e80107bbd15ca747dc9994
aihub,train,0,Training/01.원천데이터/TS_정상_측면/Z4_83605_P0_L0.png,Z4_83605_P0_L0.png,Z4_83605,20478c6053d08e4506026c0cdafa1cd7e11248cb0209a1cf6a94aae7fcfdaefa
aihub,train,0,Training/01.원천데이터/TS_정상_정면/H0_206395_P14_L0.png,H0_206395_P14_L0.png,H0_206395,0d3acef692eba62ae8cf9aeb83585a4b8df500ff09e2d0fa346053e1b4a7fe0a
aihub,train,0,Training/01.원천데이터/TS_정상_측면/Z4_79839_P0_L0.png,Z4_79839_P0_L0.png,Z4_79839,b61382a3f5d3e0fe73e576712c56589d2c3c120cf083b3be095299b4790a8213
aihub,train,0,Training/01.원천데이터/TS_정상_정면/H0_206149_P9_L0.png,H0_206149_P9_L0.png,H0_206149,91378c9c304108bc0c91faf2c6cb42bf27ab854ab1e930b9aade6c6a4140b388
aihub,train,0,Training/01.원천데이터/TS_정상_측면/Z4_81274_P0_L0.png,Z4_81274_P0_L0.png,Z4_81274,0d5c2e271e38f4c2b53a75deb7a731b9f416d9821f613563961f9e556fda80d1
aihub,train,0,Validation/01.원천데이터/VS_정상_정면/H10_2642_P11_L0.png,H10_2642_P11_L0.png,H10_2642,f10510cada7c0f74c6e4e136b6fcde224bb31d1e872da23b6327c89cb571816a
aihub,train,0,Validation/01.원천데이터/VS_정상_측면/Z4_116378_P0_L0.png,Z4_116378_P0_L0.png,Z4_116378,fd1cfc5effd8f45f6bb6200d9abe6261724ba196c37c23cba023c4cae53f8981
aihub,train,0,Validation/01.원천데이터/VS_정상_측면/Z4_117184_P0_L0.png,Z4_117184_P0_L0.png,Z4_117184,36410c613300213cecc62983bdef3f7b64f93cc97b3cad79e21e8c09f817b15c
aihub,train,0,Validation/01.원천데이터/VS_정상_정면/H11_46_P9_L2.png,H11_46_P9_L2.png,H11_46,c1f6d86826d7ea5df24134224896dfcf6c0a7e2556612691bc4388a6356d6bf1
aihub,train,0,Training/01.원천데이터/TS_정상_정면/H9_3598_P17_L0.png,H9_3598_P17_L0.png,H9_3598,df13fd1c7ecb8f19c7a810414fac927d5275770d176504b43b6fc322273dd9de
aihub,train,0,Training/01.원천데이터/TS_정상_측면/Z4_83609_P0_L0.png,Z4_83609_P0_L0.png,Z4_83609,0830f993083fa63de8b50636298d4cfb91a4f606c10c92b234ab45113d48a0e0
aihub,train,0,Training/01.원천데이터/TS_정상_정면/H0_206356_P1_L0.png,H0_206356_P1_L0.png,H0_206356,c93855dc51bbfedaccd265e9e5b89b0e5dace89813602143724c836c96db8c39
aihub,train,0,Training/01.원천데이터/TS_정상_측면/Z4_80850_P0_L0.png,Z4_80850_P0_L0.png,Z4_80850,72dd1b8075a5e7cf2607eba5f4dc8c4212f6a849da746eab6a5c9a81fbe5ff87
aihub,train,0,Training/01.원천데이터/TS_정상_정면/H7_5316_P12_L0.png,H7_5316_P12_L0.png,H7_5316,4719cfa3b3f1c4b2665fca619e2941202c8b5d27d336aec0a173ec1349a25774
aihub,train,0,Training/01.원천데이터/TS_정상_측면/Z4_79698_P0_L0.png,Z4_79698_P0_L0.png,Z4_79698,7656234f01d88641c91f74a3aeaa633d650ad49c84fce81ceb026c396da5bacc
aihub,train,0,Training/01.원천데이터/TS_정상_정면/H0_205941_P15_L0.png,H0_205941_P15_L0.png,H0_205941,aa236f156eec607e780f4b9f41022d2848e8759cf8d2e845e16806b706d9b271
aihub,train,0,Training/01.원천데이터/TS_정상_정면/H0_206160_P9_L0.png,H0_206160_P9_L0.png,H0_206160,b70006aed18567cc4bf01bc0f6e7c050cc3999fdef0521f4e4739ad36981ad5b
aihub,train,0,Training/01.원천데이터/TS_정상_정면/H8_372_P6_L0.png,H8_372_P6_L0.png,H8_372,7692af87cb1849768ebbbdf0afcb95ac970129b738b4fe7c2608f41664fc7025
aihub,train,0,Training/01.원천데이터/TS_정상_정면/H7_2314_P3_L0.png,H7_2314_P3_L0.png,H7_2314,e452e6b6b75702c5f91ea4b58f9e48806740ea4d50b3e5de2b86b037184b528e
aihub,train,0,Training/01.원천데이터/TS_정상_정면/H2_2732_P6_L0.png,H2_2732_P6_L0.png,H2_2732,267d2361c61112a261bb8ab22c97b7be2e2e019384bea6103c91c2d4eef18614
aihub,train,0,Training/01.원천데이터/TS_정상_정면/H0_206056_P6_L0.png,H0_206056_P6_L0.png,H0_206056,2653f52e4049c7721eb589d9ea8127061b501b205474e7dbe4ca33a2633876f2
aihub,train,0,Validation/01.원천데이터/VS_정상_정면/H11_9_P13_L3.png,H11_9_P13_L3.png,H11_9,516d43ad12027857bca763d71a256a51fde03fbdf5e4671e5ebd847d3cc6a9b7
aihub,train,0,Validation/01.원천데이터/VS_정상_측면/Z4_116897_P0_L0.png,Z4_116897_P0_L0.png,Z4_116897,f1042cdff81561b64cc3ea4b49d4e482cc17318870c31048ee72d3c8a5ff4ea9
aihub,train,0,Training/01.원천데이터/TS_정상_정면/H0_206111_P6_L0.png,H0_206111_P6_L0.png,H0_206111,a26679d7d2165ea3439adb8f588acefaee47ee4a208b5686ae687b0ca58ed3f1
aihub,train,0,Training/01.원천데이터/TS_정상_측면/Z4_83258_P0_L0.png,Z4_83258_P0_L0.png,Z4_83258,89e241f619c3e7a73bde6fd39ccb3be40f178edfaaa3d2dea2354a464e5daccc
aihub,train,0,Training/01.원천데이터/TS_정상_측면/Z4_79680_P0_L0.png,Z4_79680_P0_L0.png,Z4_79680,6ccd054e956c8633ee59f45c4c85ae7dda5589c8c35e55a1ab1f0fee1b0f47ff
aihub,train,0,Training/01.원천데이터/TS_정상_정면/H0_206079_P1_L0.png,H0_206079_P1_L0.png,H0_206079,69bd44b2a21c4ddd076537e2eb3b384e9a7fb991a12ab1ad61af7f94f811dc93
aihub,train,0,Training/01.원천데이터/TS_정상_측면/Z4_83590_P0_L0.png,Z4_83590_P0_L0.png,Z4_83590,2283f889759fb4d1ec8ff4d3ca706092b8db3cda2ac80c317dd875bb46711904
aihub,train,0,Training/01.원천데이터/TS_정상_측면/Z4_83665_P0_L0.png,Z4_83665_P0_L0.png,Z4_83665,a9b05e03abe6bac93cf64a836f8d77dbf5ecc48a86e2e85e6294724cdb6a9f09
aihub,train,0,Training/01.원천데이터/TS_정상_정면/H0_206198_P6_L0.png,H0_206198_P6_L0.png,H0_206198,98aea09f1b00f35b060cd78a3020e09351ba967fc9ececebc1ed4fe77a1560cc
aihub,train,0,Training/01.원천데이터/TS_정상_측면/Z4_82445_P0_L0.png,Z4_82445_P0_L0.png,Z4_82445,7282651cc6f586ab681a80d20dc78050fd95aea25e40efb053cdd38456a86588
aihub,train,0,Training/01.원천데이터/TS_정상_측면/Z4_79535_P0_L0.png,Z4_79535_P0_L0.png,Z4_79535,27a5af4bfa7705e0b5889136763d8546557275554c2bde71f8dd44230b8603c8
aihub,train,0,Training/01.원천데이터/TS_정상_측면/Z4_80335_P0_L0.png,Z4_80335_P0_L0.png,Z4_80335,7f6765f71a0d9768d40887c049a5b78db45c77853a1b8e4a30b554ab99c91755
aihub,train,0,Training/01.원천데이터/TS_정상_정면/H0_206366_P6_L0.png,H0_206366_P6_L0.png,H0_206366,6017472d8076d578db9856d6e7a530193ce8ae8aedd9a9c0cb443e3c9af4704c
aihub,train,0,Validation/01.원천데이터/VS_정상_정면/H11_64_P1_L0.png,H11_64_P1_L0.png,H11_64,24a79aaf7946d474d4f2e64eb36c0e5e9c3f46400ac7236e83a1ff78bd231acf
aihub,train,0,Training/01.원천데이터/TS_정상_측면/Z4_80061_P0_L0.png,Z4_80061_P0_L0.png,Z4_80061,36ab750c6576d7274a6dfad5d263a7c3795bd429aaf63f808a835d6ed222606f
aihub,train,0,Training/01.원천데이터/TS_정상_측면/Z4_80931_P0_L0.png,Z4_80931_P0_L0.png,Z4_80931,05095167524919ad69f74d487fc08c0dc0be6a1bdf62e53781d73fcaac599532
aihub,train,0,Training/01.원천데이터/TS_정상_측면/Z4_79036_P0_L0.png,Z4_79036_P0_L0.png,Z4_79036,af536e720a737f74d0216093622493c33ae7f421607ab26ac354c5ddb1e81d5f
aihub,train,0,Training/01.원천데이터/TS_정상_측면/Z4_83918_P0_L0.png,Z4_83918_P0_L0.png,Z4_83918,bbfb210e9009e3800c23c4ae3ea2acdf05cfd2354215c37c03bfcb81823632f9
aihub,train,0,Training/01.원천데이터/TS_정상_측면/Z4_83508_P0_L0.png,Z4_83508_P0_L0.png,Z4_83508,89e0e328f80c4507561745dbc9ec4eb6126a5ac1ed73d14fa185bb80d6b44044
aihub,train,0,Validation/01.원천데이터/VS_정상_측면/Z4_116840_P0_L0.png,Z4_116840_P0_L0.png,Z4_116840,41f97f3eebcfd0bb030e6c6317fee758a9a993ef0eb845956fec5de3b773322f
aihub,train,0,Training/01.원천데이터/TS_정상_측면/Z4_82855_P0_L0.png,Z4_82855_P0_L0.png,Z4_82855,ea3afe77426d771b60187c4a346ebe9ad5e8006704704b834294dbf57b406bf9
aihub,train,0,Training/01.원천데이터/TS_정상_정면/H1_323349_P23_L0.png,H1_323349_P23_L0.png,H1_323349,070a2433b48a572d376e1389bbbf687d29023f62cdec163c3fe6fdf62cd9f363
aihub,train,0,Training/01.원천데이터/TS_정상_정면/H7_2326_P3_L0.png,H7_2326_P3_L0.png,H7_2326,2ad014dfc5bea8533b8b254c3c9d97e86e55de565bc90af6161dab43c16e7716
aihub,train,0,Validation/01.원천데이터/VS_정상_측면/Z4_116847_P0_L0.png,Z4_116847_P0_L0.png,Z4_116847,e923dee65a20ec4fbf77ab03947c1c3b98dda2423ca65b369767f95c56cc1b1e
aihub,train,0,Training/01.원천데이터/TS_정상_측면/Z4_82651_P0_L0.png,Z4_82651_P0_L0.png,Z4_82651,6a2b4bd6198213ef400949c7d2301ceb2a98919878119c1320540943b1b9d1b8
aihub,train,0,Validation/01.원천데이터/VS_정상_측면/Z4_117154_P0_L0.png,Z4_117154_P0_L0.png,Z4_117154,a982e406155426e457e9ea3dfaaf88f56478374767fd4b38b48507da4764be35
aihub,train,0,Training/01.원천데이터/TS_정상_정면/H9_3597_P17_L0.png,H9_3597_P17_L0.png,H9_3597,0a6ee764925defb47a3d3a8f02ff9ea9eb351b10993e89fb229d7307df17e44c
aihub,train,0,Training/01.원천데이터/TS_정상_측면/Z4_79158_P0_L0.png,Z4_79158_P0_L0.png,Z4_79158,0c5ee031bdd2866495b7b24c91079a59ea370225d1a97d9d22ead3bb4fb37b09
aihub,train,0,Training/01.원천데이터/TS_정상_측면/Z4_79948_P0_L0.png,Z4_79948_P0_L0.png,Z4_79948,8682d77fa40454bb8ecdcd3ded37b7c0f35347553b1be4892e5e51181383c5ea
aihub,train,0,Training/01.원천데이터/TS_정상_측면/Z4_79294_P0_L0.png,Z4_79294_P0_L0.png,Z4_79294,894436e6d6881b54078dec446a9a7c6192b0a66662ebb701f57cb7000df741f7
aihub,train,0,Training/01.원천데이터/TS_정상_정면/H0_206180_P1_L0.png,H0_206180_P1_L0.png,H0_206180,5166e7ad79a1c64c1f6bf2688f3f73bc2f05d2d2ff87c6bdfd2faed705cc7d9d
aihub,train,0,Training/01.원천데이터/TS_정상_정면/H1_405362_P1_L1.png,H1_405362_P1_L1.png,H1_405362,9c8686237ee0a73420a4f77c95f004a2ee49562fcfa7134ead9063715207d541
aihub,train,0,Training/01.원천데이터/TS_정상_정면/H8_1361_P4_L0.png,H8_1361_P4_L0.png,H8_1361,79b27e22e4b246844eaa3c04a3aecb2e62a92bec64fe4cad12e836d62914a841
aihub,train,0,Training/01.원천데이터/TS_정상_측면/Z4_80734_P0_L0.png,Z4_80734_P0_L0.png,Z4_80734,eca52c613f9d857a589de44dae44f7292aeccc165380cc5bee947d72cf787464
aihub,train,0,Training/01.원천데이터/TS_정상_측면/Z4_80383_P0_L0.png,Z4_80383_P0_L0.png,Z4_80383,b806a7d7a41b31f9bf8b205e60b6df1d6b300d2641e03113ba9e634dc45dcaf8
aihub,train,0,Training/01.원천데이터/TS_정상_정면/H0_206086_P14_L0.png,H0_206086_P14_L0.png,H0_206086,bd3f33df553d6f6d63aa7b8866dfc06bedf4bb04ba61d636c42ecb470eca6976
aihub,train,0,Training/01.원천데이터/TS_정상_측면/Z4_83057_P0_L0.png,Z4_83057_P0_L0.png,Z4_83057,5d6c5daf4eb05ee3d34943a2ebdcb34350fc63245517efe797f93e24ca4067fe
aihub,train,0,Training/01.원천데이터/TS_정상_정면/H0_206058_P6_L0.png,H0_206058_P6_L0.png,H0_206058,63d09e044944453e4ddbd405c39bc3fd8ba209e8d220fbf2fb11b727f16ea4df
aihub,train,0,Training/01.원천데이터/TS_정상_정면/H0_206075_P14_L0.png,H0_206075_P14_L0.png,H0_206075,6ee91a6f94f164cb5446a332864a7c43909457f888222969b8993f097711d761
aihub,train,0,Training/01.원천데이터/TS_정상_정면/H8_1355_P6_L0.png,H8_1355_P6_L0.png,H8_1355,fcbf982925084f450b8d992f1465d3a8cb8c7f4bd3bbf2fbea5f354e4dde8d88
aihub,train,0,Training/01.원천데이터/TS_정상_측면/Z4_83439_P0_L0.png,Z4_83439_P0_L0.png,Z4_83439,e6238dc059663107f1ea2b3add9727b1379ee72bcdef20ba11421579ac318a63
aihub,train,0,Training/01.원천데이터/TS_정상_측면/Z4_82633_P0_L0.png,Z4_82633_P0_L0.png,Z4_82633,0bc3e7fb24a2205ae2d929e28537c49cb7a888cd5b3567579bbb432bf4803e78
aihub,train,0,Training/01.원천데이터/TS_정상_측면/Z4_83601_P0_L0.png,Z4_83601_P0_L0.png,Z4_83601,a41033fb1aa9ac8f0e3f7ca00684e34b645090aca7edabf5fb569638da22bd79
aihub,train,0,Training/01.원천데이터/TS_정상_측면/Z4_80597_P0_L0.png,Z4_80597_P0_L0.png,Z4_80597,9e41b93209a399312671d91d6aac315c2cce770731e67dc7cb0dd6f712bc6aa8
aihub,train,0,Training/01.원천데이터/TS_정상_정면/H2_2751_P1_L0.png,H2_2751_P1_L0.png,H2_2751,f426221737b12e2015c126a821536279a0d6b95695d6b7a17593c294cb396850
aihub,train,0,Training/01.원천데이터/TS_정상_측면/Z4_115723_P0_L0.png,Z4_115723_P0_L0.png,Z4_115723,a483b8133f1d7df1763f39f8bf09d837fdccce7d8b18850f577a473e62ed8677
aihub,train,0,Training/01.원천데이터/TS_정상_측면/Z4_79091_P0_L0.png,Z4_79091_P0_L0.png,Z4_79091,97a288891bfbb09651df3acdb387978b98b111b440293aa0df1a9c2b4d3fe639
aihub,train,0,Training/01.원천데이터/TS_정상_정면/H8_363_P5_L3.png,H8_363_P5_L3.png,H8_363,64593553481e67dc1812e92a2d12f200adf4109e6896e585f94e7aec27a248a3
aihub,train,0,Training/01.원천데이터/TS_정상_측면/Z4_79042_P0_L0.png,Z4_79042_P0_L0.png,Z4_79042,bbccc4ff179e822a04b076caf9af66cc5c8690a1fac51f18a53411796da2a989
aihub,train,0,Training/01.원천데이터/TS_정상_측면/Z4_115995_P0_L0.png,Z4_115995_P0_L0.png,Z4_115995,1418420ba70d55226daab10adcd8668f1571902d5f4d27d140691eaeb59ddaf4
aihub,train,0,Training/01.원천데이터/TS_정상_측면/Z4_79445_P0_L0.png,Z4_79445_P0_L0.png,Z4_79445,b000f1396b96ac665ee3563e19c59ca6def78581724f15742d13ab4137f6a9fc
aihub,train,0,Validation/01.원천데이터/VS_정상_정면/H9_7363_P1_L0.png,H9_7363_P1_L0.png,H9_7363,2fe398a829468a8a22a858620362c68f9b131597a5243b8a7f4df6964b3bde0a
aihub,train,0,Training/01.원천데이터/TS_정상_정면/H0_206042_P9_L0.png,H0_206042_P9_L0.png,H0_206042,ada23d65836d07094d98cf746ca7cac967565cc7a7b2c9484875cc361c94b50e
aihub,train,0,Training/01.원천데이터/TS_정상_측면/Z4_81979_P0_L0.png,Z4_81979_P0_L0.png,Z4_81979,0127673dc0f02bda924bb7acc12d4699d06a0716b6f82f649eb50c15f2224544
aihub,train,0,Training/01.원천데이터/TS_정상_측면/Z4_81713_P0_L0.png,Z4_81713_P0_L0.png,Z4_81713,b62ea106a57db726475eb328db1caa4905b60e85d9d365cae681ef07bd916040
aihub,train,0,Training/01.원천데이터/TS_정상_정면/H0_206135_P9_L0.png,H0_206135_P9_L0.png,H0_206135,40e3037c61b52d16e35e9923ef8e5cf930cdf2832e392f6f17732c7379756cd9
aihub,train,0,Training/01.원천데이터/TS_정상_측면/Z4_115474_P0_L0.png,Z4_115474_P0_L0.png,Z4_115474,e4040292433dd44c4eccdff9e8a699b0a28659966d3e2b552bcc13bcf51bd1a6
aihub,train,0,Training/01.원천데이터/TS_정상_정면/H0_206154_P9_L0.png,H0_206154_P9_L0.png,H0_206154,94361e58c05418caa7f4f210cac9ca2abb736f7a6b46f91554fb133141e90128
aihub,train,0,Training/01.원천데이터/TS_정상_정면/H2_2800_P6_L0.png,H2_2800_P6_L0.png,H2_2800,30a6d7d5004de034fb60ebd94a1ad3b7819b4bed96da75148f524a1e17db0cf1
aihub,train,0,Training/01.원천데이터/TS_정상_정면/H0_226978_P1_L0.png,H0_226978_P1_L0.png,H0_226978,37e6027b87b55d3efa582c3345da7afdeca1f168a86bb4cc1a5fd825fc5cc8a8
aihub,train,0,Training/01.원천데이터/TS_정상_측면/Z4_83292_P0_L0.png,Z4_83292_P0_L0.png,Z4_83292,a8f5f3ad31ce609ff0ddda4b8cb3878bc7567368acfa82d43bc495d8ba7e3ffd
aihub,train,0,Validation/01.원천데이터/VS_정상_측면/Z4_116837_P0_L0.png,Z4_116837_P0_L0.png,Z4_116837,30c8cc6ce32e411c11fb4a763fd1911ff7a81c4c944aa1d17f4c61e49e96abae
aihub,train,0,Training/01.원천데이터/TS_정상_정면/H0_206406_P6_L0.png,H0_206406_P6_L0.png,H0_206406,1c2912300459c31a4023f5f538a42a3abbf5215b8a16c823f6c5f40d7d152c83
aihub,train,0,Training/01.원천데이터/TS_정상_측면/Z4_79402_P0_L0.png,Z4_79402_P0_L0.png,Z4_79402,3f41ca1b7ad105db64b333cf822fcf05021e374389bc78cef1f45823460918c9
aihub,train,0,Training/01.원천데이터/TS_정상_정면/H2_2807_P1_L0.png,H2_2807_P1_L0.png,H2_2807,662df25747ccc2867a7868e7e4bf88431536147d3966d78fca6e7af9dc86af46
aihub,train,0,Training/01.원천데이터/TS_정상_정면/H0_206092_P6_L0.png,H0_206092_P6_L0.png,H0_206092,019049d281b90feca6fba726167a995a5a5c275dbbcecb6bd59e7500ef721fd1
aihub,train,0,Training/01.원천데이터/TS_정상_측면/Z4_80358_P0_L0.png,Z4_80358_P0_L0.png,Z4_80358,874564874371b2c7f864da410b86382e8eb96ae55f6d8ae1a26a78b20e930c38
aihub,train,0,Training/01.원천데이터/TS_정상_정면/H0_206135_P1_L0.png,H0_206135_P1_L0.png,H0_206135,6c21845fa23dbffc385ce4402432ce472367f8fa2fce9ecb6e95ee4bb1cbe685
aihub,train,0,Training/01.원천데이터/TS_정상_정면/H0_206031_P6_L0.png,H0_206031_P6_L0.png,H0_206031,0ea9e0279c822137d3b894d5552449bda07f3fedebd8a834eec3e2d5c840ad30
aihub,train,0,Training/01.원천데이터/TS_정상_측면/Z4_81951_P0_L0.png,Z4_81951_P0_L0.png,Z4_81951,a16fa22e3563f4bef34830053ca8c6a7697262261b328224ed4f54725291e0d2
aihub,train,0,Training/01.원천데이터/TS_정상_측면/Z4_80215_P0_L0.png,Z4_80215_P0_L0.png,Z4_80215,3933838ae6b2fb9f4ca3f527dd1ec8915ce644177952cdaf98e4db855cd42f1d
aihub,train,0,Training/01.원천데이터/TS_정상_정면/H2_2716_P1_L0.png,H2_2716_P1_L0.png,H2_2716,aa3c46340a6bc58f6573899c7fb81736e200297515357d19d03e976602b2d9be
aihub,train,0,Training/01.원천데이터/TS_정상_정면/H0_206369_P14_L0.png,H0_206369_P14_L0.png,H0_206369,685ac4ae24fe7c42a298489e1fd532ffca82d1ca49e8a6154c00869c2f6e73aa
aihub,train,0,Training/01.원천데이터/TS_정상_측면/Z4_83360_P0_L0.png,Z4_83360_P0_L0.png,Z4_83360,c4b08f4cecac2532e100a5691464926b208c833c77e76329cda55762bf174336
aihub,train,0,Training/01.원천데이터/TS_정상_정면/H1_370113_P9_L0.png,H1_370113_P9_L0.png,H1_370113,1778fa956fbe9f600ce0d1c8e76c36cfe98c3858fe0a89672f15435122c2f6fc
aihub,train,0,Validation/01.원천데이터/VS_정상_정면/H9_7283_P1_L0.png,H9_7283_P1_L0.png,H9_7283,aa98fc9726946c28ab23ec712552411592f8651a650393208621f027c968a6a6
aihub,train,0,Training/01.원천데이터/TS_정상_정면/H0_206366_P14_L0.png,H0_206366_P14_L0.png,H0_206366,3402b88ea7379151040f44b726d9cc756575b4a82cd30aa39d328de2cca60882
aihub,train,0,Training/01.원천데이터/TS_정상_정면/H0_205803_P19_L0.png,H0_205803_P19_L0.png,H0_205803,84fd536e8e47768c2002cc7e1a8cbc731f3c96de58e81ed7a549848c375cfd4a
aihub,train,0,Training/01.원천데이터/TS_정상_정면/H3_4031_P5_L0.png,H3_4031_P5_L0.png,H3_4031,9a5a5654c0be2de616b8270c20af710b95974abfcc33d738edeaa15105df9ce3
aihub,train,0,Training/01.원천데이터/TS_정상_정면/H4_3543_P21_L0.png,H4_3543_P21_L0.png,H4_3543,65644b8951b3eca88270e182af669bbee78b78949c9694646e0ca33949b8eedc
aihub,train,0,Training/01.원천데이터/TS_정상_측면/Z4_83936_P0_L0.png,Z4_83936_P0_L0.png,Z4_83936,b0aa59b0d1f87b25fbe7b642b623ffea6fb7d9226873b8f6d13b44cf0dadf89d
aihub,train,0,Training/01.원천데이터/TS_정상_측면/Z4_82936_P0_L0.png,Z4_82936_P0_L0.png,Z4_82936,2e0060e0bb618fbef5efa09a3596458e003f5dce09a9722ec20e141175be096a
aihub,train,0,Training/01.원천데이터/TS_정상_측면/Z4_80397_P0_L0.png,Z4_80397_P0_L0.png,Z4_80397,11161caaba819b53ee70bb133e3c27cb64b5241e45b8ae9068c787ae005eeaa0
aihub,train,0,Training/01.원천데이터/TS_정상_측면/Z4_82532_P0_L0.png,Z4_82532_P0_L0.png,Z4_82532,1c3873c121bfbd5bd1a77f5e4dd853786544610b65f305ad69a49dfc8dc934b8
aihub,train,0,Training/01.원천데이터/TS_정상_측면/Z4_79690_P0_L0.png,Z4_79690_P0_L0.png,Z4_79690,424b47688b04da4a57fba9a0aeb6b7d8e73ec0da0d6cff47dad252eab39c337c
aihub,train,0,Training/01.원천데이터/TS_정상_정면/H0_206342_P9_L0.png,H0_206342_P9_L0.png,H0_206342,a0f8c45748181dcc4999fd211a7fcd8ab10e04f0372eb5fbd21bc9cdad6c01ae
aihub,train,0,Training/01.원천데이터/TS_정상_정면/H0_206424_P7_L0.png,H0_206424_P7_L0.png,H0_206424,57853ba5b97da35593600708b9fdea968d6430b20bbfc0549fd9c93114896155
aihub,train,0,Training/01.원천데이터/TS_정상_정면/H7_2210_P4_L0.png,H7_2210_P4_L0.png,H7_2210,069543fb69eff5da9074c59bdd3b266f1e0de61bf46fa2cc7e34c511513035fb
aihub,train,0,Training/01.원천데이터/TS_정상_정면/H0_206057_P6_L0.png,H0_206057_P6_L0.png,H0_206057,4777c3a36039b87f5d492e7222bb019df019f1303abd5da1f247ad854dab95e3
aihub,train,0,Training/01.원천데이터/TS_정상_측면/Z4_80231_P0_L0.png,Z4_80231_P0_L0.png,Z4_80231,1b60f5421bd6cb29aab53847aa373d7ed974f7beab7ccb1a25018a41973f6e16
aihub,train,0,Validation/01.원천데이터/VS_정상_정면/H9_7293_P4_L0.png,H9_7293_P4_L0.png,H9_7293,83eaaa7e2cccf8752b170168218f869e0a61fc930eef43c0e75cfb96c0618709
aihub,train,0,Training/01.원천데이터/TS_정상_정면/H7_2330_P1_L0.png,H7_2330_P1_L0.png,H7_2330,c7480f3408a0f35e0515da0f68e320228034016e1054f540fbc7f34ae326b2bf
aihub,train,0,Training/01.원천데이터/TS_건선_정면/H0_182860_P1_L0.png,H0_182860_P1_L0.png,H0_182860,2204f04918fd03a1451fc4380208beac5880b102ca5d7b6eca420ed000e6b127
aihub,train,0,Training/01.원천데이터/TS_건선_측면/Z4_69624_P0_L0.png,Z4_69624_P0_L0.png,Z4_69624,8850675f9889f2b5a396e64d461c2590753fc66a73154c1374f14be53e05b857
aihub,train,0,Training/01.원천데이터/TS_건선_측면/Z4_69889_P0_L0.png,Z4_69889_P0_L0.png,Z4_69889,8107b7cb6065eedc788e70dcf956070cbe26097db501dd16c466edc813ab9698
aihub,train,0,Validation/01.원천데이터/VS_건선_측면/Z4_72250_P0_L0.png,Z4_72250_P0_L0.png,Z4_72250,94101c376ce18272df6242a54758aa67cd3407ed456f192c975f71a83b759f11
aihub,train,0,Training/01.원천데이터/TS_건선_측면/Z4_70077_P0_L0.png,Z4_70077_P0_L0.png,Z4_70077,d46aa1592da988189044e22d7d60b351d7f2b89d3c21746cfe1a356480ea33cd
aihub,train,0,Training/01.원천데이터/TS_건선_정면/H1_234928_P2_L0.png,H1_234928_P2_L0.png,H1_234928,9c7d16a2a5e4543893c4e48ce08a9eebee908bcb2e2654c7caba11622e327556
aihub,train,0,Training/01.원천데이터/TS_건선_정면/H1_201345_P12_L0.png,H1_201345_P12_L0.png,H1_201345,15ea886ddeffc9e9f47a983930183f3f1dbb3c6a93258f68f3f2a753cd31daa3
aihub,train,0,Training/01.원천데이터/TS_건선_측면/Z4_70624_P0_L0.png,Z4_70624_P0_L0.png,Z4_70624,5a419a24998733707ee193b98fb3d02dc21d77730eb17c015a7f492b07baf08a
aihub,train,0,Training/01.원천데이터/TS_건선_측면/Z4_71243_P0_L0.png,Z4_71243_P0_L0.png,Z4_71243,53d768a0ed742dc19dc3be42a592efbd693fecfa0cb3458f6ab9b34c715b52f2
aihub,train,0,Training/01.원천데이터/TS_건선_정면/H1_301023_P2_L0.png,H1_301023_P2_L0.png,H1_301023,0879bc1c5101785dc0de1c23d68a9b4cf76417f1f658cd3fd5acfcb7199e7220
aihub,train,0,Training/01.원천데이터/TS_건선_측면/Z4_69064_P0_L0.png,Z4_69064_P0_L0.png,Z4_69064,7590c6cea689c44f6f4e6b9fa5116edf3d30691c4b4bdf7be1d89d4efa7f5d6b
aihub,train,0,Training/01.원천데이터/TS_건선_정면/H1_218714_P2_L2.png,H1_218714_P2_L2.png,H1_218714,8a1a509018906b75a632cee7d30461b429dd26b11e827a7b1bc626c8855d989e
aihub,train,0,Training/01.원천데이터/TS_건선_측면/Z4_70403_P0_L0.png,Z4_70403_P0_L0.png,Z4_70403,d32647b435f27979f332f1b3affc2fa7d0ff3c44b89b3bb7df0e37eaf2980292
aihub,train,0,Training/01.원천데이터/TS_건선_정면/H1_314268_P1_L0.png,H1_314268_P1_L0.png,H1_314268,fd6e8e1d11a14bf800cbd8799aace6b5a51ebe6454520c955ae555ea955da764
aihub,train,0,Training/01.원천데이터/TS_건선_측면/Z4_70495_P0_L0.png,Z4_70495_P0_L0.png,Z4_70495,238feb897a60cb54241d4cbf6ae69539581bc3a7ec266b806a8862ca7092ef84
aihub,train,0,Training/01.원천데이터/TS_건선_정면/H0_178115_P4_L0.png,H0_178115_P4_L0.png,H0_178115,5f74f14b0d9a69f626c459f7239372827579bafc5e293b837588b3b8447a3383
aihub,train,0,Training/01.원천데이터/TS_건선_측면/Z4_70773_P0_L0.png,Z4_70773_P0_L0.png,Z4_70773,0adb91b8f98223361a07e1cd786d9d03992fac52d5677b71b810f88a03e9ef5a
aihub,train,0,Training/01.원천데이터/TS_건선_측면/Z4_70375_P0_L0.png,Z4_70375_P0_L0.png,Z4_70375,873209faa22faba15308909f737805591ef20d2cb1d1a471b08163e9d37e0bbf
aihub,train,0,Training/01.원천데이터/TS_건선_측면/Z4_70023_P0_L0.png,Z4_70023_P0_L0.png,Z4_70023,520c7b020e07e967084b68ff70b0419365718ab8694c8dd176711891669da42d
aihub,train,0,Training/01.원천데이터/TS_건선_정면/H1_275180_P36_L0.png,H1_275180_P36_L0.png,H1_275180,26e7f20e6814cfb39a9a35ba5644f3622ebddd4726b157546dff67750ef78bdb
aihub,train,0,Training/01.원천데이터/TS_건선_측면/Z4_71209_P0_L0.png,Z4_71209_P0_L0.png,Z4_71209,e6a920b507fb418d5c383a3e1512f9e5228bfeff932ef1f23ea9cba81ae4afe6
aihub,train,0,Training/01.원천데이터/TS_건선_측면/Z4_71482_P0_L0.png,Z4_71482_P0_L0.png,Z4_71482,9334e7478e9813cf3f49fe8c62edcf31b54c4942857fc4d01e4501aca1efeddb
aihub,train,0,Training/01.원천데이터/TS_건선_정면/H1_382295_P1_L0.png,H1_382295_P1_L0.png,H1_382295,50fcd81bf7b2916eef3f43e13565f6b4b4bd563fdf6e32bf42385c4a47113a8f
aihub,train,0,Training/01.원천데이터/TS_건선_측면/Z4_69032_P0_L0.png,Z4_69032_P0_L0.png,Z4_69032,227effcf1c718f2dbd4816aa48053d1615a5d36b7ee8c9f00cbb095bd4b62fb2
aihub,train,0,Training/01.원천데이터/TS_건선_정면/H1_222129_P8_L2.png,H1_222129_P8_L2.png,H1_222129,ce4a7db8630b34c4d86960cb345b758aa1dbd082ddaa722120b1181ef63af3c2
aihub,train,0,Training/01.원천데이터/TS_건선_측면/Z4_69436_P0_L0.png,Z4_69436_P0_L0.png,Z4_69436,5fc498a588d760cf29a35dd0147b58e4eb4da85ef3d71ace0b61cf972e344ca6
aihub,train,0,Training/01.원천데이터/TS_건선_측면/Z4_71795_P0_L0.png,Z4_71795_P0_L0.png,Z4_71795,8fc6544755d095c427c24774ed05dd1fff49ed9cceebb47ca7bbbfef7d64e696
aihub,train,0,Training/01.원천데이터/TS_건선_정면/H0_130947_P4_L0.png,H0_130947_P4_L0.png,H0_130947,d1970fa6b2e1152dcc4ad22cc0e1acf01211dbca4b76f2e04f624605ab4ecda1
aihub,train,0,Training/01.원천데이터/TS_건선_측면/Z4_69466_P0_L0.png,Z4_69466_P0_L0.png,Z4_69466,8f1aefc70faac56d09dfd1f132ae1ecddd57cf2df2d54b1ec83fb4ec68855cea
aihub,train,0,Training/01.원천데이터/TS_건선_측면/Z4_70782_P0_L0.png,Z4_70782_P0_L0.png,Z4_70782,8564b58c9efbe1dcbdb5c00246669223b02a7d81f7f6b5842a4456e068f3961a
aihub,train,0,Training/01.원천데이터/TS_건선_측면/Z4_70353_P0_L0.png,Z4_70353_P0_L0.png,Z4_70353,e0cb19d58a75f77a54a849e9c3fbbfa79367b7d4923f9371eaab6a5f54ac502e
aihub,train,0,Training/01.원천데이터/TS_건선_측면/Z4_70119_P0_L0.png,Z4_70119_P0_L0.png,Z4_70119,ced162d9ba531370d10c4a9d6214702b81edfc23ee3bfc18613934f6474942f4
aihub,train,0,Training/01.원천데이터/TS_건선_측면/Z4_69920_P0_L0.png,Z4_69920_P0_L0.png,Z4_69920,f6e2e4887d5d84e02f610db472fc34542859501d94aeb792e838de0f7945b52d
aihub,train,0,Validation/01.원천데이터/VS_건선_측면/Z4_72332_P0_L0.png,Z4_72332_P0_L0.png,Z4_72332,9c0232c7f7da658c434ffcc87fe2052e184aedd35cbba222c02e01f7f1bef606
aihub,train,0,Training/01.원천데이터/TS_건선_정면/H1_474141_P1_L0.png,H1_474141_P1_L0.png,H1_474141,5123e6edb81efa8e77e77a209b54640bd6bd0cd054329efaa4a3afa4b222f1bf
aihub,train,0,Validation/01.원천데이터/VS_건선_측면/Z4_72484_P0_L0.png,Z4_72484_P0_L0.png,Z4_72484,81959ee12c99d8157c4e70443c4cbaa5d47ac7fbeb7fa9cabb92da273da37c3d
aihub,train,0,Training/01.원천데이터/TS_건선_정면/H1_313503_P7_L0.png,H1_313503_P7_L0.png,H1_313503,a3a6d7d23d78a21dd217e6be561f966c838777870a92fd1a5e8212f22b0d36c6
aihub,train,0,Training/01.원천데이터/TS_건선_정면/H1_500078_P7_L0.png,H1_500078_P7_L0.png,H1_500078,53bd6300c17e6c12bc1abb19c71000ddf70d062a61c3af72c6ec07ebcc45a1bf
aihub,train,0,Training/01.원천데이터/TS_건선_정면/H1_234949_P1_L0.png,H1_234949_P1_L0.png,H1_234949,dc30466c62c58548c4ef41f4163951f06e3b1eed75527b11791b5b2017ed37c6
aihub,train,0,Training/01.원천데이터/TS_건선_측면/Z4_69317_P0_L0.png,Z4_69317_P0_L0.png,Z4_69317,c58f249be5d6540b01c9dbd393dc63f464f9856b8d7792c7f48829c8e20046b2
aihub,train,0,Validation/01.원천데이터/VS_건선_측면/Z4_72017_P0_L0.png,Z4_72017_P0_L0.png,Z4_72017,076afd406d0c7edcacb527788663b30747be35fb69120882178cec021d6ca25c
aihub,train,0,Training/01.원천데이터/TS_건선_측면/Z4_70170_P0_L0.png,Z4_70170_P0_L0.png,Z4_70170,a03b2f823fdab5c7260a0f5bb8182c724a8052d6173b5680d79a815445f3ff85
aihub,train,0,Training/01.원천데이터/TS_건선_정면/H1_375785_P13_L2.png,H1_375785_P13_L2.png,H1_375785,38cce19182d63df3e56ade76570a23705425889b238fb68576195f65e8ec99bc
aihub,train,0,Validation/01.원천데이터/VS_건선_정면/H2_2539_P1_L0.png,H2_2539_P1_L0.png,H2_2539,7290cc216ea4141cbed554b10432054ed1df07d4ac9c305b3a3ac1db92e4c5d3
aihub,train,0,Training/01.원천데이터/TS_건선_정면/H0_128302_P8_L0.png,H0_128302_P8_L0.png,H0_128302,1ac24f9e21674268305b36360a0a1ad15a2d0860fa9805cd758c7e3a6a869d21
aihub,train,0,Validation/01.원천데이터/VS_건선_정면/H2_5470_P2_L1.png,H2_5470_P2_L1.png,H2_5470,438ba2035dcbcf2ab84cd25244c2f954c584377d81ce96f69adef26a8934eff0
aihub,train,0,Training/01.원천데이터/TS_건선_정면/H1_374295_P16_L2.png,H1_374295_P16_L2.png,H1_374295,3397f487f807638114f6b64c29bebe4901b94024468d22344f186840230f0f14
aihub,train,0,Training/01.원천데이터/TS_건선_측면/Z4_71172_P0_L0.png,Z4_71172_P0_L0.png,Z4_71172,31157e663f07721850452cd4d65311ee422dec79239cbc44b4cb5648c8946659
aihub,train,0,Training/01.원천데이터/TS_건선_정면/H1_218477_P11_L0.png,H1_218477_P11_L0.png,H1_218477,c58018c78c07b144077ea8efec8ade840491d628116ee548dd84d802226defed
aihub,train,0,Training/01.원천데이터/TS_건선_정면/H1_213691_P3_L1.png,H1_213691_P3_L1.png,H1_213691,3dee48029ccdd9fab32900eceb7d00903473ba0f4c326cdd1cf8a20c82d6280f
aihub,train,0,Training/01.원천데이터/TS_건선_측면/Z4_71705_P0_L0.png,Z4_71705_P0_L0.png,Z4_71705,31601b55d6f746ac97018d815409f483306e15d07e9934e8099189cf610ea119
aihub,train,0,Training/01.원천데이터/TS_건선_측면/Z4_70303_P0_L0.png,Z4_70303_P0_L0.png,Z4_70303,e887297770b70cab33a05bf75d0008ce79f8cc93d9101c53a28c5873562b0527
aihub,train,0,Training/01.원천데이터/TS_건선_정면/H1_231416_P1_L0.png,H1_231416_P1_L0.png,H1_231416,dc3f5c9dfb522012558cf5fc8244e45150f0e544b5327886d91f78c1b910229c
aihub,train,0,Training/01.원천데이터/TS_건선_측면/Z4_71505_P0_L0.png,Z4_71505_P0_L0.png,Z4_71505,a87a1ed2734d85eb08352759bdf2709abb356f871cc216ab89b2c816d3860dd1
aihub,train,0,Training/01.원천데이터/TS_건선_정면/H1_470218_P1_L0.png,H1_470218_P1_L0.png,H1_470218,83309a6b5015e2f0ca8c8f4288137bfd21c2aa2e11bb73cec35f9db1bf3f6317
aihub,train,0,Training/01.원천데이터/TS_건선_정면/H1_274721_P31_L2.png,H1_274721_P31_L2.png,H1_274721,7af068b2d4f95765872d9cf87efd5b9f164ff4f9b6646ea6d8ef3343411643ad
aihub,train,0,Training/01.원천데이터/TS_건선_측면/Z4_70923_P0_L0.png,Z4_70923_P0_L0.png,Z4_70923,94573a66dba4ae208f87e260c642e561a6eb4b9bfe5ef5bf55fad1f5aee95505
aihub,train,0,Training/01.원천데이터/TS_건선_측면/Z4_69917_P0_L0.png,Z4_69917_P0_L0.png,Z4_69917,d1ff21ba9d308ba96967330b8f27487e330588dc6481a3a25e7e7cde1a59e6fc
aihub,train,0,Training/01.원천데이터/TS_건선_측면/Z4_69762_P0_L0.png,Z4_69762_P0_L0.png,Z4_69762,105313bf59e3644d46519e6bf8ceeb079c5512f41eaf02a7457974559230846f
aihub,train,0,Training/01.원천데이터/TS_건선_정면/H0_182863_P5_L0.png,H0_182863_P5_L0.png,H0_182863,23300ea6271c174465384b3983e3ed53a2af9e1026263e9bc10e7ca58baa9485
aihub,train,0,Training/01.원천데이터/TS_건선_측면/Z4_70936_P0_L0.png,Z4_70936_P0_L0.png,Z4_70936,c3b60a82fd0ba80da8c838b6f3e4aa7eabd590011ad79e3a314a698947d3df10
aihub,train,0,Training/01.원천데이터/TS_건선_측면/Z4_69205_P0_L0.png,Z4_69205_P0_L0.png,Z4_69205,277917a990fd6c78d826e4b9e615218597277d6ceb7df3e6dc31f353e3f4614b
aihub,train,0,Training/01.원천데이터/TS_건선_정면/H0_115010_P1_L1.png,H0_115010_P1_L1.png,H0_115010,92e3f2c5ad2a18a1a4bbaea6084c953ec5559b09dadf9ec1a8efb4f52c10365a
aihub,train,0,Training/01.원천데이터/TS_건선_정면/H1_222129_P8_L1.png,H1_222129_P8_L1.png,H1_222129,33a6c89d34dde777f3de50d7a4c17e3685071b451244a367a8acf37fa3c16afa
aihub,train,0,Training/01.원천데이터/TS_건선_측면/Z4_69351_P0_L0.png,Z4_69351_P0_L0.png,Z4_69351,a140b33f7c441889e34ec14884543aff3d159fd350f8b3dd0d8f9234f02f30f7
aihub,train,0,Training/01.원천데이터/TS_건선_측면/Z4_70286_P0_L0.png,Z4_70286_P0_L0.png,Z4_70286,8c5375a3c347b4797ea3538c08a4df34ecb7547a38e70ca68a78621f91357b41
aihub,train,0,Training/01.원천데이터/TS_건선_측면/Z4_71391_P0_L0.png,Z4_71391_P0_L0.png,Z4_71391,2c72dec7a4e32db2a4eed97aa239bea12d34ac5d44755a132f044d8c748d7267
aihub,train,0,Training/01.원천데이터/TS_건선_측면/Z4_69240_P0_L0.png,Z4_69240_P0_L0.png,Z4_69240,951738086d7f618e1d003d6f56434446a146efd42e32a5a63123cbcc19bbbbc2
aihub,train,0,Validation/01.원천데이터/VS_건선_측면/Z4_72269_P0_L0.png,Z4_72269_P0_L0.png,Z4_72269,523b6aaaebe735f6a0138b35722eddeb137f77aa63712e42d8c39742a819a71b
aihub,train,0,Training/01.원천데이터/TS_건선_측면/Z4_71313_P0_L0.png,Z4_71313_P0_L0.png,Z4_71313,7977638c36c691a5da8f093ea4fd19d9e1d10225d0b6a36b944781ae995b7e37
aihub,train,0,Training/01.원천데이터/TS_건선_정면/H1_226376_P7_L1.png,H1_226376_P7_L1.png,H1_226376,2f00aab1a7496434938b73a330012ab51e58fa337f6c40aea3e1cec0b8d1c3b7
aihub,train,0,Training/01.원천데이터/TS_건선_측면/Z4_70210_P0_L0.png,Z4_70210_P0_L0.png,Z4_70210,c64e7b510c60e98016863503e517fb723e87d4de666cb8b20d9071cb9d180e46
aihub,train,0,Training/01.원천데이터/TS_건선_정면/H0_177313_P8_L0.png,H0_177313_P8_L0.png,H0_177313,b3d28f6fe43c4182385b32fc0a30e18190b18a4fd8e1f514969846762bc32edc
aihub,train,0,Validation/01.원천데이터/VS_건선_측면/Z4_72214_P0_L0.png,Z4_72214_P0_L0.png,Z4_72214,e5deb7d8bd54a700fe36f824998e50b707a7f5dddf3187a0a016df7efbb9a738
aihub,train,0,Training/01.원천데이터/TS_건선_측면/Z4_70520_P0_L0.png,Z4_70520_P0_L0.png,Z4_70520,a7459ed3e4e5821fe143db84668bf0f0029b63e7e5602366e54ae22e999c6177
aihub,train,0,Training/01.원천데이터/TS_건선_측면/Z4_70300_P0_L0.png,Z4_70300_P0_L0.png,Z4_70300,9bfbbc2b7bf6f2506ccae75e1b937086173046e782a670298f54b90811ba3f5d
aihub,train,0,Training/01.원천데이터/TS_건선_정면/H1_225451_P3_L2.png,H1_225451_P3_L2.png,H1_225451,39bf68dcbc39fac0540056147d1a7a45230be466f8e11b82b5a7e211cb98a771
aihub,train,0,Training/01.원천데이터/TS_건선_측면/Z4_69253_P0_L0.png,Z4_69253_P0_L0.png,Z4_69253,51ac54ceb1625336c989042f7578c699b2bf1440ea4199042cac544827b11452
aihub,train,0,Training/01.원천데이터/TS_건선_정면/H1_220181_P13_L0.png,H1_220181_P13_L0.png,H1_220181,ff346879f185755057fc1d443e12d91197a481c059b56cb6aa7a201f9f6c62b3
aihub,train,0,Training/01.원천데이터/TS_건선_정면/H0_179346_P4_L0.png,H0_179346_P4_L0.png,H0_179346,d0680d3ba6115e54480f9915b3d194a39f6339cdf043bd0e66740ec34f838ad1
aihub,train,0,Training/01.원천데이터/TS_건선_정면/H1_495896_P1_L0.png,H1_495896_P1_L0.png,H1_495896,001f1d9b1ed325ee4a1596203cf99d72c3584970d6effe82b121ebd762313770
aihub,train,0,Validation/01.원천데이터/VS_건선_정면/H2_19646_P5_L0.png,H2_19646_P5_L0.png,H2_19646,3e810bb2b3b134a7d9fffe5a1dfb36d166c9cb0327ed9887a00a80d47f5e19d2
aihub,train,0,Validation/01.원천데이터/VS_건선_측면/Z4_72381_P0_L0.png,Z4_72381_P0_L0.png,Z4_72381,6b8c6037f5e87c396c2f2d3c2b5880a419d33033ed916e5c61c4a692141444ed
aihub,train,0,Training/01.원천데이터/TS_건선_정면/H1_489507_P24_L0.png,H1_489507_P24_L0.png,H1_489507,405f73486d9c957d523f7b8fcf6ab2eb6059e03ac85325ad10d115231a6872d4
aihub,train,0,Training/01.원천데이터/TS_건선_측면/Z4_71184_P0_L0.png,Z4_71184_P0_L0.png,Z4_71184,89b176ad9cc2f402382b7e5ca97e77149d9adf146d3774430fc99e91e955f616
aihub,train,0,Training/01.원천데이터/TS_건선_정면/H1_487217_P1_L0.png,H1_487217_P1_L0.png,H1_487217,c34ff5a32180fa3a5ceb17f4f807eb851572b14646d016f99e3501f6fa38a0ea
aihub,train,0,Training/01.원천데이터/TS_건선_측면/Z4_71980_P0_L0.png,Z4_71980_P0_L0.png,Z4_71980,e542e0e7445e251627031c6238e6456f5d4872a26ad48cab1ff16eead48fd118
aihub,train,0,Training/01.원천데이터/TS_건선_측면/Z4_69079_P0_L0.png,Z4_69079_P0_L0.png,Z4_69079,35677b07273da4aabcea2f71ea50d427abf3f32507b708a61be73a068725e2d6
aihub,train,0,Training/01.원천데이터/TS_건선_측면/Z4_70781_P0_L0.png,Z4_70781_P0_L0.png,Z4_70781,00ff714f8beda9c1ecc20ada36248b6f5229dd41d8e52bdbadf1309580f9e98d
aihub,train,0,Training/01.원천데이터/TS_건선_측면/Z4_71779_P0_L0.png,Z4_71779_P0_L0.png,Z4_71779,691111d8a19c75bb0ceb6e0fba358dcd65e6f604c41315c1b0f283d4d9056529
aihub,train,0,Training/01.원천데이터/TS_건선_정면/H1_229956_P1_L0.png,H1_229956_P1_L0.png,H1_229956,d3b1adf39ddec8d05389bff26084e6f3211c6298b207ff99231679488b5c4334
aihub,train,0,Training/01.원천데이터/TS_건선_정면/H1_310205_P13_L6.png,H1_310205_P13_L6.png,H1_310205,5dbdaf12de3e99951210110e4e88f263167b726bd76d5e9dd25d3bb5165ff0e1
aihub,train,0,Training/01.원천데이터/TS_건선_정면/H1_236012_P1_L1.png,H1_236012_P1_L1.png,H1_236012,9a9b861ec9057b0fe2463066d2eeac4407491208eb2e537d1ae784f85af6f15b
aihub,train,0,Validation/01.원천데이터/VS_건선_정면/H2_20738_P8_L0.png,H2_20738_P8_L0.png,H2_20738,06aceb4965f1dacc270bf2b23cd69920c0f103328ec926fe6c78dfb101267244
aihub,train,0,Training/01.원천데이터/TS_건선_측면/Z4_69122_P0_L0.png,Z4_69122_P0_L0.png,Z4_69122,b36a9d61c4670047ad64cf19339b1b383df5d6cadf67038ea65232af11e127be
aihub,train,0,Training/01.원천데이터/TS_건선_정면/H0_166411_P4_L0.png,H0_166411_P4_L0.png,H0_166411,9f601518b6deb610d813b98783655d47fc7cf508437566b5eee1aa8a2a1c7284
aihub,train,0,Training/01.원천데이터/TS_건선_정면/H1_250357_P21_L1.png,H1_250357_P21_L1.png,H1_250357,5a70d22cbea2a16fa8bfd05eef27e28cd29fb070516eeaad5c22f9cca89ddd2c
aihub,train,0,Training/01.원천데이터/TS_건선_측면/Z4_71675_P0_L0.png,Z4_71675_P0_L0.png,Z4_71675,db7286ad0513380b30966e833f9245bd51d1e9c64d001fa932995027c3a0705b
aihub,train,0,Training/01.원천데이터/TS_건선_정면/H1_400612_P1_L3.png,H1_400612_P1_L3.png,H1_400612,0f0c346e832f6c815a36427f43c16b4fd19fb4b9afdc35fe8faa5d25aef945e3
aihub,train,0,Validation/01.원천데이터/VS_건선_정면/H1_501035_P4_L0.png,H1_501035_P4_L0.png,H1_501035,74aff81d66b8ebe07fb246aa22c377f494837b44193f9f97c26ca4b98451ef2c
aihub,train,0,Training/01.원천데이터/TS_건선_측면/Z4_69120_P0_L0.png,Z4_69120_P0_L0.png,Z4_69120,93e123244df389470f9f2eb92b2b260b5ba5e4b5b226e61fba32967dc60afad7
aihub,train,0,Training/01.원천데이터/TS_건선_정면/H1_314507_P1_L0.png,H1_314507_P1_L0.png,H1_314507,950cd04862802d6e25b362a5c6ac29cbf850ec253b9701f033061d3134e43542
aihub,train,0,Training/01.원천데이터/TS_건선_정면/H1_323494_P1_L0.png,H1_323494_P1_L0.png,H1_323494,06bc88d101381619c735567d7f041112fb3669e321c0633a7a18643be9062db1
aihub,train,0,Training/01.원천데이터/TS_건선_정면/H1_235863_P8_L0.png,H1_235863_P8_L0.png,H1_235863,f7c68777ce33847ceefbeddde33844dfefc79af80c6486867e80fb2d0902ea75
aihub,train,0,Validation/01.원천데이터/VS_건선_정면/H1_502544_P1_L0.png,H1_502544_P1_L0.png,H1_502544,d964f547ec8127cb82a3b86e481d91c8f8766274516b641796fe96ed4e2fd710
aihub,train,0,Training/01.원천데이터/TS_건선_측면/Z4_71372_P0_L0.png,Z4_71372_P0_L0.png,Z4_71372,5da4fdd2cec667b634ba5f2ec38219d95e3fb2bf80b8284bbaf9a29ed6ecae3f
aihub,train,0,Training/01.원천데이터/TS_건선_정면/H1_213691_P3_L3.png,H1_213691_P3_L3.png,H1_213691,1edf7fe26fe146c8ae0dabc97d34472be61919594120fd1f263909c1ff3b03e6
aihub,train,0,Training/01.원천데이터/TS_건선_정면/H1_98609_P11_L1.png,H1_98609_P11_L1.png,H1_98609,8d06ef4239a69d5d2252ab4921e0c1e8187a305d830862296f6e7409814cde26
aihub,train,0,Training/01.원천데이터/TS_건선_정면/H0_178063_P1_L0.png,H0_178063_P1_L0.png,H0_178063,88838b55d68875bdb75488014aa4ded44d70cad72fcad09618222fc3a716cfba
aihub,train,0,Training/01.원천데이터/TS_건선_측면/Z4_69583_P0_L0.png,Z4_69583_P0_L0.png,Z4_69583,05e32f5816264da3dea55bc60c35144c9050a6c22d484e3284734bfb584966f6
aihub,train,0,Training/01.원천데이터/TS_건선_정면/H1_296917_P2_L0.png,H1_296917_P2_L0.png,H1_296917,74452e033bc522ec074a482c2a8932a53494c5bf05bb93b6cb4ad05d3d371f4c
aihub,train,0,Training/01.원천데이터/TS_건선_측면/Z4_69473_P0_L0.png,Z4_69473_P0_L0.png,Z4_69473,8446853b142186cead0c6efe69b0040c576d22418fc070827d6f0eb7fbbf289f
aihub,train,0,Training/01.원천데이터/TS_건선_정면/H1_376617_P1_L3.png,H1_376617_P1_L3.png,H1_376617,b848e003769ca385cdf3a21aed69addc0f4ba0a14e603621826e3328676f3ab8
aihub,train,0,Training/01.원천데이터/TS_건선_정면/H1_297766_P2_L0.png,H1_297766_P2_L0.png,H1_297766,d17dec353a001704b4249bd081d56d2230a2d81c6178f26696806da391ad874e
aihub,train,0,Training/01.원천데이터/TS_건선_정면/H0_164959_P2_L0.png,H0_164959_P2_L0.png,H0_164959,978dae7624f7566ddcd9204a99b1251f7affec0fa3202d232f1d5aa826c257a1
aihub,train,0,Training/01.원천데이터/TS_건선_측면/Z4_71154_P0_L0.png,Z4_71154_P0_L0.png,Z4_71154,6ca220dd94725c240171b51fb645a533169f3d2c6e3482241b9df58a711037f3
aihub,train,0,Training/01.원천데이터/TS_건선_정면/H1_269932_P18_L0.png,H1_269932_P18_L0.png,H1_269932,417510bb0a23417324608bdea98c09117d7a59297d96193bc749e47092001c43
aihub,train,0,Training/01.원천데이터/TS_건선_측면/Z4_69040_P0_L0.png,Z4_69040_P0_L0.png,Z4_69040,8a41d19db09468d8ced552569679b5138963087b5f9333fcfa7076e63c5246db
aihub,train,0,Training/01.원천데이터/TS_건선_정면/H1_398377_P1_L3.png,H1_398377_P1_L3.png,H1_398377,5d0096f42e4e2ce96fa03d7333f58b0068fda9a42b64730a0c0aec8f139c75f0
aihub,train,0,Training/01.원천데이터/TS_건선_정면/H1_370195_P1_L0.png,H1_370195_P1_L0.png,H1_370195,724af828843ec5152eaf7fa5f1526d23cb4d236e71cf74e9de0b32c841474f95
aihub,train,0,Training/01.원천데이터/TS_건선_측면/Z4_70997_P0_L0.png,Z4_70997_P0_L0.png,Z4_70997,757b28749a27e6051006256e7c23606989da791813e78635262b3799a85657ee
aihub,train,0,Training/01.원천데이터/TS_건선_측면/Z4_69952_P0_L0.png,Z4_69952_P0_L0.png,Z4_69952,ceedffac85f422c60addef69207557a49909d9e7069401cd426d9aeefaba69a4
aihub,train,0,Training/01.원천데이터/TS_건선_측면/Z4_69044_P0_L0.png,Z4_69044_P0_L0.png,Z4_69044,8ef827e768bf4b013781aba508c199e86efc06a7b290cca4fe538693ed01a9ee
aihub,train,0,Training/01.원천데이터/TS_건선_측면/Z4_71266_P0_L0.png,Z4_71266_P0_L0.png,Z4_71266,dd30ec942e91dde090fcb160831975731556b758966aee16793c3abdbd796aab
aihub,train,0,Training/01.원천데이터/TS_건선_측면/Z4_70112_P0_L0.png,Z4_70112_P0_L0.png,Z4_70112,5cbbe0771360711e046db65966634d900268c8a46ad16e1ee042ff1fbe4c6bbf
aihub,train,0,Training/01.원천데이터/TS_건선_정면/H1_400408_P1_L5.png,H1_400408_P1_L5.png,H1_400408,692171215ca4c015403aa9582f6d7d802d1807e13ef0924e2bc1115f89bb2fee
aihub,train,0,Training/01.원천데이터/TS_건선_정면/H1_249543_P15_L4.png,H1_249543_P15_L4.png,H1_249543,e97d06ceeb1fa8b1157f947d127c3917ad51c76895ad0bfa87a60583fa3bb33d
aihub,train,0,Validation/01.원천데이터/VS_건선_측면/Z4_72241_P0_L0.png,Z4_72241_P0_L0.png,Z4_72241,fe0f4ad125d1db256554b8284e5c88f1007e98ca8c37ab4684a9951da90b40be
aihub,train,0,Training/01.원천데이터/TS_건선_정면/H0_178026_P1_L0.png,H0_178026_P1_L0.png,H0_178026,25328b04324bf4d8c2eb3e39233f3b980b583bd87a291c79b63e733621bf6797
aihub,train,0,Training/01.원천데이터/TS_건선_정면/H1_471325_P3_L0.png,H1_471325_P3_L0.png,H1_471325,4ccf6dd9c33e58aa252cc1689a151013e392e48f335e721175850a1e623c6d49
aihub,train,0,Training/01.원천데이터/TS_건선_측면/Z4_71626_P0_L0.png,Z4_71626_P0_L0.png,Z4_71626,30d964ba301821e4d10a99a46a1af2c98d52063ab89c93a49f856c480c91a525
aihub,train,0,Training/01.원천데이터/TS_건선_측면/Z4_69294_P0_L0.png,Z4_69294_P0_L0.png,Z4_69294,256097994e42bd082b1b20304bb29ab8c2109dbc1018850d12ab744a5b216281
aihub,train,0,Validation/01.원천데이터/VS_건선_정면/H1_500558_P1_L0.png,H1_500558_P1_L0.png,H1_500558,6515761438921bdf8612a1232e96eca4d00afd6dcd583bd77e717b97c3c5791b
aihub,train,0,Training/01.원천데이터/TS_건선_측면/Z4_70485_P0_L0.png,Z4_70485_P0_L0.png,Z4_70485,e57760685c9a43a2b3eabfadb2305de1e125151018a77593b731e3f1f6cd2b10
aihub,train,0,Training/01.원천데이터/TS_건선_정면/H1_255098_P5_L0.png,H1_255098_P5_L0.png,H1_255098,6a803dbb6e24c138c87f3cda4e76fd98fa7eb82a72e04e27080606948acb86f0
aihub,train,0,Training/01.원천데이터/TS_건선_정면/H1_316248_P2_L0.png,H1_316248_P2_L0.png,H1_316248,83cf864ec0eed0cb4ff895a42779b1eea0ac56441d5ac0cfecc61e6aa38f5045
aihub,train,0,Validation/01.원천데이터/VS_건선_정면/H3_2635_P1_L1.png,H3_2635_P1_L1.png,H3_2635,e36b3d51faa726a1db63073f93897fff42ec9e2d582c8d9a781f7ede7bbcb4e3
aihub,train,0,Training/01.원천데이터/TS_건선_측면/Z4_71965_P0_L0.png,Z4_71965_P0_L0.png,Z4_71965,0215bb7e42ad1daa175b8a9d915bb75c54519b7b245a8749b961b5735284b8b4
aihub,train,0,Training/01.원천데이터/TS_건선_정면/H0_115008_P7_L0.png,H0_115008_P7_L0.png,H0_115008,d6ba4f0db769c091c5b95deb87d0ca9da5746ccb64a3bb933d26a376ba2d2ebb
aihub,train,0,Training/01.원천데이터/TS_건선_측면/Z4_70013_P0_L0.png,Z4_70013_P0_L0.png,Z4_70013,d36e32fb315b381d832bbb7c307436f388aea039286e7a4b5dc334eb807bf5b6
aihub,train,0,Training/01.원천데이터/TS_건선_측면/Z4_70122_P0_L0.png,Z4_70122_P0_L0.png,Z4_70122,e53b9466b73f58f4cc576aacc8d0a1d7e2a90b908a1e6dba830087e3143a3dd7
aihub,train,0,Training/01.원천데이터/TS_건선_측면/Z4_71300_P0_L0.png,Z4_71300_P0_L0.png,Z4_71300,aaedd10621dde02d6592298a29aca95b2516d082612de0edf36e83a9f69d28a1
aihub,train,0,Training/01.원천데이터/TS_건선_측면/Z4_71517_P0_L0.png,Z4_71517_P0_L0.png,Z4_71517,396b30167fc0d049dca45212d7f6a7e2c56693cf89b443557d55e2b1ac122e9f
aihub,train,0,Training/01.원천데이터/TS_건선_측면/Z4_71677_P0_L0.png,Z4_71677_P0_L0.png,Z4_71677,df266ace954000e818c71803d7a8e0bb83662a0ae01dedf80716a82a8dd41b88
aihub,train,0,Training/01.원천데이터/TS_건선_측면/Z4_71213_P0_L0.png,Z4_71213_P0_L0.png,Z4_71213,dc25cfb8707681fd95981bacc8a86a3771ef37ac9a66b17915cca400766409c5
aihub,train,0,Training/01.원천데이터/TS_건선_측면/Z4_69262_P0_L0.png,Z4_69262_P0_L0.png,Z4_69262,556509b4bda6a512b23288faedf64a7de511eeff3670d4bbacef8ec417487594
aihub,train,0,Training/01.원천데이터/TS_건선_정면/H1_200120_P5_L0.png,H1_200120_P5_L0.png,H1_200120,86a8eb59f4510812af22d1f019d0edb2faa7f1eb3c7d9e17824f2329b1c26be4
aihub,train,0,Training/01.원천데이터/TS_건선_측면/Z4_71178_P0_L0.png,Z4_71178_P0_L0.png,Z4_71178,99726bbce30348c0494d51cb7ac723532103fca61d8a68dd8622ce374a6b2493
aihub,train,0,Training/01.원천데이터/TS_건선_정면/H1_400404_P1_L1.png,H1_400404_P1_L1.png,H1_400404,9fcb14b6ec6fb733b49bfffdde9185b9c2533df738060f0e7b29a1b4dd9ac4cc
aihub,train,0,Training/01.원천데이터/TS_건선_측면/Z4_70791_P0_L0.png,Z4_70791_P0_L0.png,Z4_70791,1487553f40bc8f90c6a6b07c09b46ddfd3403b27cb1de784f1d922ae92b906e0
aihub,train,0,Training/01.원천데이터/TS_건선_측면/Z4_71966_P0_L0.png,Z4_71966_P0_L0.png,Z4_71966,5bc81cc3311c0ef95cf81fea9ca61258b32971b37ec5f0617150e1d3ac521754
aihub,train,0,Validation/01.원천데이터/VS_건선_측면/Z4_72064_P0_L0.png,Z4_72064_P0_L0.png,Z4_72064,c6fb59da4a2876974d73d743911211570631f2716276e54f6398ecad1dd7fbc7
aihub,train,0,Training/01.원천데이터/TS_건선_정면/H1_220064_P1_L0.png,H1_220064_P1_L0.png,H1_220064,ca31b289603994f0572b8def8881c6df622daad096a2704b764bd4c8c914eae5
aihub,train,0,Training/01.원천데이터/TS_건선_측면/Z4_71533_P0_L0.png,Z4_71533_P0_L0.png,Z4_71533,a1b61933b650e9fd33f38ad5529a41f2fdfc0bd52844ba624013671b0d3a67dd
aihub,train,0,Training/01.원천데이터/TS_건선_측면/Z4_69926_P0_L0.png,Z4_69926_P0_L0.png,Z4_69926,f4ff08289734cd03b1b59773c96c7c48ff9bbcf093c26d8e082cc7e292175818
aihub,train,0,Training/01.원천데이터/TS_건선_정면/H1_398059_P1_L1.png,H1_398059_P1_L1.png,H1_398059,cc4468d63b7086ddcdf3dc03a2a1b4768f6248ab3f3b4f10a41a61172ec7047b
aihub,train,0,Training/01.원천데이터/TS_건선_측면/Z4_69061_P0_L0.png,Z4_69061_P0_L0.png,Z4_69061,066122ef8e4699edc34d08b2733c58f70a1abe71e2542a304b9a6fcb322cefca
aihub,train,0,Training/01.원천데이터/TS_건선_측면/Z4_71342_P0_L0.png,Z4_71342_P0_L0.png,Z4_71342,38c169e03ad130dcadab9038c39b77b0ea3ba4c6d3258b0ac8ae7553ce1b62c2
aihub,train,0,Training/01.원천데이터/TS_건선_정면/H1_372952_P24_L0.png,H1_372952_P24_L0.png,H1_372952,1fd24f5bfa6c00bb8c62e5b4f6fe3b7036aedda7efe6fa2014ba4d5023e405ba
aihub,train,0,Training/01.원천데이터/TS_건선_정면/H1_220181_P12_L0.png,H1_220181_P12_L0.png,H1_220181,c12bde43444f94e1d02c4708c2bbd2deeb85815e83453ef745a319327a5165b2
aihub,train,0,Training/01.원천데이터/TS_건선_정면/H1_267158_P3_L0.png,H1_267158_P3_L0.png,H1_267158,cde64f96730cbbea71d1aea9ada528ce9cd1aeeb1877de8dbc948e20ef45462b
aihub,train,0,Training/01.원천데이터/TS_건선_측면/Z4_69181_P0_L0.png,Z4_69181_P0_L0.png,Z4_69181,f19603e0be6e6d6da994987eb598e62244ccc4f7ee824f47c207ffdbe877eb8b
aihub,train,0,Training/01.원천데이터/TS_건선_측면/Z4_71179_P0_L0.png,Z4_71179_P0_L0.png,Z4_71179,532c62b3fe167ca5cf935dffd789dad218da69dded43b6128839385c98530a98
aihub,train,0,Training/01.원천데이터/TS_건선_정면/H1_98591_P16_L0.png,H1_98591_P16_L0.png,H1_98591,b778ce79b51e50dde6d8a03fcf572e377bd851872c543307c181caadd2634a4d
aihub,train,0,Training/01.원천데이터/TS_건선_측면/Z4_71256_P0_L0.png,Z4_71256_P0_L0.png,Z4_71256,4aecb6959a4a34f68eda059c41ba4bfeb2518fd76c7fcd1d93a9c2acdadbb4ea
aihub,train,0,Training/01.원천데이터/TS_건선_측면/Z4_71759_P0_L0.png,Z4_71759_P0_L0.png,Z4_71759,cc6ba61c6cb3ca929c21dcdb2155e0858a326798a525fefc4f5f299a16c75f6e
aihub,train,0,Training/01.원천데이터/TS_건선_정면/H1_249145_P14_L9.png,H1_249145_P14_L9.png,H1_249145,eeeb093d7e61f701f74a5cb1a375e857e804f5df3c9c536eb784cb3ab5404230
aihub,train,0,Training/01.원천데이터/TS_건선_측면/Z4_70746_P0_L0.png,Z4_70746_P0_L0.png,Z4_70746,7518eb19c9b3a9b97e8203ef52491ee779ae5042ededa5483453aee8d5dba47d
aihub,train,0,Training/01.원천데이터/TS_건선_측면/Z4_70401_P0_L0.png,Z4_70401_P0_L0.png,Z4_70401,2b10bd66934a87c041a851c81f8923e69295d66a7a4b8d1671be29157238c05a
aihub,train,0,Training/01.원천데이터/TS_건선_측면/Z4_69078_P0_L0.png,Z4_69078_P0_L0.png,Z4_69078,7db4c41ae15a5366c19b1e5f563d8668bf2faa9d00cc3cf2bb1463c6c35c32de
aihub,train,0,Training/01.원천데이터/TS_건선_측면/Z4_70262_P0_L0.png,Z4_70262_P0_L0.png,Z4_70262,379e19021895c575779bc477480091c2ce8ea41ee6b4a7905200d6bc80557d84
aihub,train,0,Training/01.원천데이터/TS_건선_정면/H0_112583_P1_L0.png,H0_112583_P1_L0.png,H0_112583,18b5ed0acaff978093197649d19743c6f0cb816c440d5fedc515c9f276db1235
aihub,train,0,Training/01.원천데이터/TS_건선_정면/H1_371790_P1_L0.png,H1_371790_P1_L0.png,H1_371790,2d87f8dee1ded5e9f26da0cf04125cab7a10906a97a6065a4774c15ccc4e77fe
aihub,train,0,Validation/01.원천데이터/VS_건선_정면/H2_2898_P1_L0.png,H2_2898_P1_L0.png,H2_2898,569fcd86be31db3bf015a74768664ded48890242762565960791b6252db27844
aihub,train,0,Training/01.원천데이터/TS_건선_측면/Z4_70708_P0_L0.png,Z4_70708_P0_L0.png,Z4_70708,725b5a991dc8963af3fba09b831aa7c3d4b9be334a3ea19397dcdb9d9f9ca165
aihub,train,0,Validation/01.원천데이터/VS_건선_정면/H2_95_P1_L3.png,H2_95_P1_L3.png,H2_95,800aae32411eb40cad391f2171be806f334f494e7ae89dc3e63324c6db5c9f88
aihub,train,0,Training/01.원천데이터/TS_건선_측면/Z4_69353_P0_L0.png,Z4_69353_P0_L0.png,Z4_69353,24e72aed9e2ebb9e3c4604b011269788523fded02dba301c8d84a0573354b1b6
aihub,train,0,Training/01.원천데이터/TS_건선_측면/Z4_71244_P0_L0.png,Z4_71244_P0_L0.png,Z4_71244,46b191fac7735e77a7915b89a7a45b3d05b8456ec66132b93ce4746bab5dbb57
aihub,train,0,Training/01.원천데이터/TS_건선_정면/H1_277231_P22_L0.png,H1_277231_P22_L0.png,H1_277231,469c6af05c158783387d7c1897d616a6a4948bff26229ac2643e7834636e3005
aihub,train,0,Training/01.원천데이터/TS_건선_측면/Z4_69956_P0_L0.png,Z4_69956_P0_L0.png,Z4_69956,fab4603401a4d4ef35e6f9caf32698154ead555880f1ec3a3512df33b7ae7939
aihub,train,0,Training/01.원천데이터/TS_건선_측면/Z4_69599_P0_L0.png,Z4_69599_P0_L0.png,Z4_69599,5cbadc9517ff92d769decfcd60ad542b2d782ff06982839ab7ee273a9e66996e
aihub,train,0,Training/01.원천데이터/TS_건선_측면/Z4_71674_P0_L0.png,Z4_71674_P0_L0.png,Z4_71674,6b90625838e68a040d92315556181f9dfb9306fd90174bdc21a39051324dced2
aihub,train,0,Training/01.원천데이터/TS_건선_정면/H1_248262_P15_L3.png,H1_248262_P15_L3.png,H1_248262,88b0c8c08bea37341f485cd9826f51cdcee9c0c4e1e2ae098a50f742424b623b
aihub,train,0,Training/01.원천데이터/TS_건선_측면/Z4_71144_P0_L0.png,Z4_71144_P0_L0.png,Z4_71144,9302b63048867df3efa45244f10c8ba2f57dbe58868a13220c39df38f9190373
aihub,train,0,Training/01.원천데이터/TS_건선_측면/Z4_69982_P0_L0.png,Z4_69982_P0_L0.png,Z4_69982,553bc1436b6836f2a24ec85c217f70609805911623b6489e99a265810b5d8710
aihub,train,0,Training/01.원천데이터/TS_건선_측면/Z4_71175_P0_L0.png,Z4_71175_P0_L0.png,Z4_71175,12fff8f9bff3625ce20d77d137d5293f66ccc995e8c8394745a25fbf8d977a3d
aihub,train,0,Training/01.원천데이터/TS_건선_측면/Z4_70902_P0_L0.png,Z4_70902_P0_L0.png,Z4_70902,672eeeb06c45d306ba589b591f0ff2856cbcdf676269127f0efc1a1716e2d49a
aihub,train,0,Validation/01.원천데이터/VS_건선_측면/Z4_72380_P0_L0.png,Z4_72380_P0_L0.png,Z4_72380,d0c2cb83926af2b096c6017b5e2f9af3fc7e230e1cd913062e19e067ae6ae001
aihub,train,0,Training/01.원천데이터/TS_건선_정면/H1_208293_P8_L0.png,H1_208293_P8_L0.png,H1_208293,7fc8f0fb05e906e1b0d074119f44e37fc56bcded5d2c602d117220e424f020d8
aihub,train,0,Validation/01.원천데이터/VS_건선_측면/Z4_72441_P0_L0.png,Z4_72441_P0_L0.png,Z4_72441,d7b69bec485c1bca4512482e45afb7a68b08f5ba1682fc4815ab38e498b3505c
aihub,train,0,Training/01.원천데이터/TS_건선_정면/H1_377335_P14_L3.png,H1_377335_P14_L3.png,H1_377335,9e1c09fb5342b4ab142fa88863408ea33f414cacfd3b46769e7fa4dca6b231a6
aihub,train,0,Training/01.원천데이터/TS_건선_정면/H1_297496_P2_L0.png,H1_297496_P2_L0.png,H1_297496,e1abafeec0bc244527d72f1d057420108461dab7155a8d37b3dcb5feb772b061
aihub,train,0,Training/01.원천데이터/TS_건선_정면/H1_225451_P3_L0.png,H1_225451_P3_L0.png,H1_225451,9085a73adc01bd81b7354725525595a03b22c4a46e82601252d969794e7c7443
aihub,train,0,Validation/01.원천데이터/VS_건선_정면/H2_21172_P5_L0.png,H2_21172_P5_L0.png,H2_21172,a07bf7b34ec68b79257d5d175964a25f755644546b12b4b51275c75a156f8007
aihub,train,0,Training/01.원천데이터/TS_건선_정면/H0_180122_P1_L0.png,H0_180122_P1_L0.png,H0_180122,0976838fea447c16384bfbb41d8c75af98468656e8a89d0a11838cd4e6c66d33
aihub,train,0,Training/01.원천데이터/TS_건선_정면/H1_313503_P7_L1.png,H1_313503_P7_L1.png,H1_313503,ebf26cb81a760c811a180950f9e6ff454ff2c92e8e0587ea033ba672f3f383fc
aihub,train,0,Training/01.원천데이터/TS_건선_측면/Z4_69609_P0_L0.png,Z4_69609_P0_L0.png,Z4_69609,0e136a291d3ccf20f149b57eed4c88a4d5815a2d0790618cc3bea28ca9b81354
aihub,train,0,Training/01.원천데이터/TS_건선_측면/Z4_69421_P0_L0.png,Z4_69421_P0_L0.png,Z4_69421,b6852a091d6132f1f87bcc7a57ac6bbc40495eb762f011f27fb6f6cf50057f8f
aihub,train,0,Training/01.원천데이터/TS_건선_측면/Z4_70860_P0_L0.png,Z4_70860_P0_L0.png,Z4_70860,481a5a3a97b840e5a016ff7b1462265ba43be11ac9589ecb9307310d6b1d9afa
aihub,train,0,Training/01.원천데이터/TS_건선_정면/H1_270240_P1_L0.png,H1_270240_P1_L0.png,H1_270240,4fb50a358bf7e1ee435e380ad87745406d5851c74aae13706404352d2cfbe58a
aihub,train,0,Training/01.원천데이터/TS_건선_측면/Z4_71340_P0_L0.png,Z4_71340_P0_L0.png,Z4_71340,b4eae3f25968be480367a59312ac33980ef44e076998e45b7252a2abab03f699
aihub,train,0,Training/01.원천데이터/TS_건선_정면/H1_98610_P19_L0.png,H1_98610_P19_L0.png,H1_98610,8b8cd738959b892bd31c9846463a8e6674121f24c36bd6aa64d0bc145e6709b3
aihub,train,0,Training/01.원천데이터/TS_건선_정면/H1_313435_P1_L1.png,H1_313435_P1_L1.png,H1_313435,8e0b08cf5a883bba6a036dc33852ab68b3529dfda376e9de0325636abd8db5d6
aihub,train,0,Training/01.원천데이터/TS_건선_정면/H1_225451_P3_L1.png,H1_225451_P3_L1.png,H1_225451,8fbdf3b8e22b1f1274097d743615c4483742b9dd154057636c85340b1d3ee5ad
aihub,train,0,Training/01.원천데이터/TS_건선_측면/Z4_71302_P0_L0.png,Z4_71302_P0_L0.png,Z4_71302,25933ef3e33d463e8c47570e8b01ed80b2d7e8cae0809faaf692f7614eb443fd
aihub,train,0,Training/01.원천데이터/TS_건선_정면/H1_213691_P3_L0.png,H1_213691_P3_L0.png,H1_213691,2c91ee75d8c669aae6ab05421580c3490aee8d8ed59f0edf2f697f5369905cc8
aihub,train,0,Training/01.원천데이터/TS_건선_측면/Z4_69213_P0_L0.png,Z4_69213_P0_L0.png,Z4_69213,790b0e8670480e2f520aaed240aecd647220cc152925020f1604253ef180f0b5
aihub,train,0,Training/01.원천데이터/TS_건선_정면/H1_291407_P2_L0.png,H1_291407_P2_L0.png,H1_291407,eba63f4a705601b8aff105e3e26a3168ab7b257c22f75d33bed8af7d53579964
aihub,train,0,Training/01.원천데이터/TS_건선_측면/Z4_71336_P0_L0.png,Z4_71336_P0_L0.png,Z4_71336,b67e1509c099784efc8779ddbe5d1588a8044fbedf151d83f73e37aaaa8f3167
aihub,train,0,Training/01.원천데이터/TS_건선_측면/Z4_70001_P0_L0.png,Z4_70001_P0_L0.png,Z4_70001,ebd887098d40af534f52b863c1aa18200222c5a5fe1d5198e492d06ddc2e5215
aihub,train,0,Training/01.원천데이터/TS_건선_측면/Z4_70323_P0_L0.png,Z4_70323_P0_L0.png,Z4_70323,e0e6f04c405ed0f88102ab49c6fbe8d704a71de300967f0f668605bae7abfbe9
aihub,train,0,Training/01.원천데이터/TS_건선_정면/H1_314576_P20_L0.png,H1_314576_P20_L0.png,H1_314576,9035e25edeb126f825c3953cb1bc9f589bd168e51b6979d77dad859261803580
aihub,train,0,Training/01.원천데이터/TS_건선_정면/H1_219649_P10_L0.png,H1_219649_P10_L0.png,H1_219649,68cf5dcb1822d061daefc1122b1c4aeed39ae32fe5bc7ec62527dfaefbed2892
aihub,train,0,Training/01.원천데이터/TS_건선_정면/H1_222848_P11_L1.png,H1_222848_P11_L1.png,H1_222848,3b47e8aa688373c69f9cdf0002edd6f613a6a38eec992c593c3eb0b2dc59563b
aihub,train,0,Training/01.원천데이터/TS_건선_측면/Z4_71559_P0_L0.png,Z4_71559_P0_L0.png,Z4_71559,7daee0f4b03c18399b3179d149d458088f817e0fbacf45232547a3ac0428033a
aihub,train,0,Validation/01.원천데이터/VS_건선_측면/Z4_72093_P0_L0.png,Z4_72093_P0_L0.png,Z4_72093,d3e1dd9a5e3c85e6e394679bcc32983b4413ad3caa45fd4b9ee544c433cac56f
aihub,train,0,Validation/01.원천데이터/VS_건선_측면/Z4_72527_P0_L0.png,Z4_72527_P0_L0.png,Z4_72527,0acd85f566a3dc6c17adc885b288013132046deca571a1d8cc429b04e6ad299a
aihub,train,0,Training/01.원천데이터/TS_건선_측면/Z4_69354_P0_L0.png,Z4_69354_P0_L0.png,Z4_69354,9e0a5d6de32a8dc9a5965a600e6101ad336bd9a3dc950ce26b8ee0d22de88dbc
aihub,train,0,Training/01.원천데이터/TS_건선_측면/Z4_70733_P0_L0.png,Z4_70733_P0_L0.png,Z4_70733,9af457dee5331fb7e592b3749df853083f80c8f5967f72e7284925c2b348d669
aihub,train,0,Training/01.원천데이터/TS_건선_측면/Z4_69906_P0_L0.png,Z4_69906_P0_L0.png,Z4_69906,638bdc19822a519addc00e9d5ff6ca260a2900a6b788f13fb97772627f1748db
aihub,train,0,Training/01.원천데이터/TS_건선_측면/Z4_71790_P0_L0.png,Z4_71790_P0_L0.png,Z4_71790,8150eaf84a83d024c6705fb3b88a81a2d9c1d4e234418739afacacb1b1c67c53
aihub,train,0,Training/01.원천데이터/TS_건선_정면/H1_234949_P1_L2.png,H1_234949_P1_L2.png,H1_234949,07fbf191abbf6067aca5b5ffce3909c7056317ac4f957ff4ea9014147439b080
aihub,train,0,Training/01.원천데이터/TS_건선_측면/Z4_69607_P0_L0.png,Z4_69607_P0_L0.png,Z4_69607,a34d68de40cef05ee34a4c0ba835c285595f44f42ec3ec030c44cfe74112328e
aihub,train,0,Training/01.원천데이터/TS_건선_측면/Z4_69387_P0_L0.png,Z4_69387_P0_L0.png,Z4_69387,caff634254cbcb3ef53edbf3de4b2f3381c1e70f286fa4beadd38830806cd1d4
aihub,train,0,Training/01.원천데이터/TS_건선_정면/H1_316954_P1_L0.png,H1_316954_P1_L0.png,H1_316954,4b02fede14b6236ddcf86c58701001538cf0b0e02497960867c0b7f798be388c
aihub,train,0,Training/01.원천데이터/TS_건선_정면/H1_314409_P5_L0.png,H1_314409_P5_L0.png,H1_314409,2680b5d9a220cc6ebe4f170b09c99c7439c22f9cb55707f94884664965498c47
aihub,train,0,Training/01.원천데이터/TS_건선_측면/Z4_70958_P0_L0.png,Z4_70958_P0_L0.png,Z4_70958,a83420a69ef549ed67637cb187974dee0b1f5c274294265c69110f07d8b22d7b
aihub,train,0,Training/01.원천데이터/TS_건선_정면/H1_370123_P1_L0.png,H1_370123_P1_L0.png,H1_370123,979278e695b664986c8a73f50c5ad9845d6afe99e13f55c4fa84e95f582f4d1d
aihub,train,0,Training/01.원천데이터/TS_건선_측면/Z4_70018_P0_L0.png,Z4_70018_P0_L0.png,Z4_70018,e6ddf584a63f6c7e4cfbf860f8ccf4f0ea32ddec8e5628735711eb00acf0dd36
aihub,train,0,Training/01.원천데이터/TS_건선_측면/Z4_69688_P0_L0.png,Z4_69688_P0_L0.png,Z4_69688,c415a8e0f99f816ece01339bd216b6544f1a3ac1b5fc43a95653f6953ff0a11f
aihub,train,0,Training/01.원천데이터/TS_건선_측면/Z4_70819_P0_L0.png,Z4_70819_P0_L0.png,Z4_70819,15201edca103e2d99d461bb2adbf868191e2a601981651dad8d4c55c5fe740d9
aihub,train,0,Training/01.원천데이터/TS_건선_정면/H1_312888_P1_L0.png,H1_312888_P1_L0.png,H1_312888,3cd7ff0464e068782ad9f340a81364d46ba6c6fe90b9bd7f7c9d2670044f0c29
aihub,train,0,Training/01.원천데이터/TS_건선_정면/H1_370068_P3_L0.png,H1_370068_P3_L0.png,H1_370068,863d93b440b284fa73f7ff5a822c8a9dc060c17d470bea30357eda8efbc39b7c
aihub,train,0,Training/01.원천데이터/TS_건선_정면/H1_371600_P1_L1.png,H1_371600_P1_L1.png,H1_371600,6eb097863eec3f60a22a2a83635b3372f75b9eb68256709417fce134c707054f
aihub,train,0,Training/01.원천데이터/TS_건선_정면/H1_300942_P15_L1.png,H1_300942_P15_L1.png,H1_300942,2285c9ee7e346dc8c97ee1299b0c313562a8adba085e51a423b912f3528df010
aihub,train,0,Training/01.원천데이터/TS_건선_정면/H1_336923_P6_L0.png,H1_336923_P6_L0.png,H1_336923,03756f9f7230a1dab8856188a85422b7a21b970111fa646dc058d30441705567
aihub,train,0,Training/01.원천데이터/TS_건선_정면/H1_403045_P1_L4.png,H1_403045_P1_L4.png,H1_403045,e4d4dc7829605fbc5228253b937b5788816be63c567d2e3464ca1368eb2bab23
aihub,train,0,Training/01.원천데이터/TS_여드름_정면/H1_326755_P1_L0.png,H1_326755_P1_L0.png,H1_326755,5b3d9d7a22b136121bc95d586df70df84cbbafdccf99e2768123f7d735bd6c21
aihub,train,0,Training/01.원천데이터/TS_여드름_정면/H0_45762_P1_L1.png,H0_45762_P1_L1.png,H0_45762,4c377454182e751607da2b19be7170d2392632ace2f6f40ffd77cffd2baccc1a
aihub,train,0,Training/01.원천데이터/TS_여드름_정면/H0_57642_P1_L0.png,H0_57642_P1_L0.png,H0_57642,3f785697f82f5ddf2e4f27c7637aa8c2b61cf0db1e570f8033fc3d03f4fe2ae4
aihub,train,0,Training/01.원천데이터/TS_여드름_정면/H2_620_P1_L0.png,H2_620_P1_L0.png,H2_620,e25d513cac16e09f6549dba4ac6a7a0b4062b54cfda5e0f88ce4cff0a5f2f460
aihub,train,0,Training/01.원천데이터/TS_여드름_정면/H0_57665_P3_L0.png,H0_57665_P3_L0.png,H0_57665,b49a0a6bac69db015baae72de4784e006eef3dc924000f324add750d5a40eeec
aihub,train,0,Training/01.원천데이터/TS_여드름_측면/Z4_91564_P0_L0.png,Z4_91564_P0_L0.png,Z4_91564,2f52ac48d309fb245e4865371a41f0c7a8f9ec334422a38597aac7497ebdd994
aihub,train,0,Training/01.원천데이터/TS_여드름_정면/H0_64717_P1_L0.png,H0_64717_P1_L0.png,H0_64717,a94eb9a7c83890c9798db6189d4b903581db768679c76980e2dd8726039fc607
aihub,train,0,Training/01.원천데이터/TS_여드름_측면/Z4_89186_P0_L0.png,Z4_89186_P0_L0.png,Z4_89186,55eead9b1105b07d5892ccf84504e5084ba01527079e560ff12409e7ff88dbe0
aihub,train,0,Training/01.원천데이터/TS_여드름_정면/H1_370037_P1_L0.png,H1_370037_P1_L0.png,H1_370037,72a76350c6d8bf59546323edb92f28673e508aab48d14fc0910abcfb4728db94
aihub,train,0,Training/01.원천데이터/TS_여드름_측면/Z4_90384_P0_L0.png,Z4_90384_P0_L0.png,Z4_90384,822188923cb88ebf2b229d72e9572d8c06215fd837dac2a393bae06259fd9fce
aihub,train,0,Training/01.원천데이터/TS_여드름_측면/Z4_89883_P0_L0.png,Z4_89883_P0_L0.png,Z4_89883,a115f2b4224f76a2b122f1414ea85552a265e8246f151c58f4e6a699beff8678
aihub,train,0,Training/01.원천데이터/TS_여드름_측면/Z4_89256_P0_L0.png,Z4_89256_P0_L0.png,Z4_89256,e35e03304040c81004bab48b24801392a4ad167228b7602976a2d2f450f9ab58
aihub,train,0,Training/01.원천데이터/TS_여드름_정면/H0_206408_P9_L0.png,H0_206408_P9_L0.png,H0_206408,8c240b5a83401cbd4a86ee79d5e2eda9f13a86766ad054acd28f766f0613a9da
aihub,train,0,Training/01.원천데이터/TS_여드름_정면/H0_64462_P1_L0.png,H0_64462_P1_L0.png,H0_64462,15a159505f8eb70aeba00ad4cda4ffc9eafc0822981b3c32c181ae4fbb74a504
aihub,train,0,Validation/01.원천데이터/VS_여드름_측면/Z4_92069_P0_L0.png,Z4_92069_P0_L0.png,Z4_92069,98fa101d2dceb64d81e29750c785f6aeb51180f02d3298741270e437bb2ce238
aihub,train,0,Training/01.원천데이터/TS_여드름_측면/Z4_89314_P0_L0.png,Z4_89314_P0_L0.png,Z4_89314,e587a98150bffeb3630c95835ad5559d26225f55742b2eeb11c5ff0b67dde680
aihub,train,0,Training/01.원천데이터/TS_여드름_정면/H2_765_P1_L0.png,H2_765_P1_L0.png,H2_765,9804229ac5fb91e0769f7eb3b613b6687f3e1007893bc53de2b7992ed6236848
aihub,train,0,Training/01.원천데이터/TS_여드름_측면/Z4_91956_P0_L0.png,Z4_91956_P0_L0.png,Z4_91956,1ed6a1ad350d45765345bfa84119372d65e4e1eb1f68a22ec184ae88cdf235c3
aihub,train,0,Training/01.원천데이터/TS_여드름_측면/Z4_90596_P0_L0.png,Z4_90596_P0_L0.png,Z4_90596,4043c67dfa890ae52e10d23cee5437557774ed84a562f4f0d7bc3681528b8111
aihub,train,0,Training/01.원천데이터/TS_여드름_정면/H0_206107_P6_L1.png,H0_206107_P6_L1.png,H0_206107,01f000890c3f1d65c3cfee224436a471291deb8bee680335209878ce163a05f6
aihub,train,0,Validation/01.원천데이터/VS_여드름_측면/Z4_92338_P0_L0.png,Z4_92338_P0_L0.png,Z4_92338,6b203ab886a8cf36a73631d5a46a2596a84b6f596bac3a8a6689810566d1f9ac
aihub,train,0,Training/01.원천데이터/TS_여드름_측면/Z4_90551_P0_L0.png,Z4_90551_P0_L0.png,Z4_90551,4d3ed341b5f92ad015400ea216f6c75dd12c4cf5ec7c1b194d047a48bd390c45
aihub,train,0,Training/01.원천데이터/TS_여드름_정면/H2_602_P1_L1.png,H2_602_P1_L1.png,H2_602,7cfbcb80f2a790451acbb2e9352db878d2d12807b30e90a8f5225994216e2278
aihub,train,0,Training/01.원천데이터/TS_여드름_측면/Z4_89923_P0_L0.png,Z4_89923_P0_L0.png,Z4_89923,6cebcb5053bd8c6098471a60bd839de1be7fc6fbde236ce2a9cf2c4cdfc25269
aihub,train,0,Training/01.원천데이터/TS_여드름_정면/H1_385275_P2_L0.png,H1_385275_P2_L0.png,H1_385275,791806abec6cf41349ad937bc4290e33d541bd07e270d18d97eb4127dc8944b3
aihub,train,0,Training/01.원천데이터/TS_여드름_측면/Z4_91846_P0_L0.png,Z4_91846_P0_L0.png,Z4_91846,3aedbf4e16c51af1eb81ed9deb144d1813f33a7baf3fbb7743acb69599668403
aihub,train,0,Validation/01.원천데이터/VS_여드름_측면/Z4_92287_P0_L0.png,Z4_92287_P0_L0.png,Z4_92287,4bbe6baaa21253a2470b3e74be0fcbe406f0a48613366d5303af5eb09a53af5a
aihub,train,0,Validation/01.원천데이터/VS_여드름_측면/Z4_92126_P0_L0.png,Z4_92126_P0_L0.png,Z4_92126,c97b6478791fd37914c87c9c9c04645d06a7ce623022039babad11a4a368c0f6
aihub,train,0,Training/01.원천데이터/TS_여드름_측면/Z4_89306_P0_L0.png,Z4_89306_P0_L0.png,Z4_89306,80a79c9a48ed53644f78a62df8037985d18fe0ef94719d1f7ab69f7385ce92fc
aihub,train,0,Training/01.원천데이터/TS_여드름_측면/Z4_91813_P0_L0.png,Z4_91813_P0_L0.png,Z4_91813,49dbbf6c442622e16e5c7d52bf5c7a3fa038d52b3a96b8c7157a6ca1d56ec24f
aihub,train,0,Validation/01.원천데이터/VS_여드름_정면/H2_2431_P2_L0.png,H2_2431_P2_L0.png,H2_2431,549614df4e840303b1c1bcda7ed4be2ed5be0fafc99f0af4191baf17ccf53664
aihub,train,0,Training/01.원천데이터/TS_여드름_측면/Z4_90698_P0_L0.png,Z4_90698_P0_L0.png,Z4_90698,b84dd4c934e5d3ddc34f0d7cc1fe1ef7dd7218497fe8fb5979601c8fb341454b
aihub,train,0,Training/01.원천데이터/TS_여드름_측면/Z4_89979_P0_L0.png,Z4_89979_P0_L0.png,Z4_89979,6ba958ba185d3db19e08e68e9707615d50c21bfb86dd2d8a807ac41c51b7c48d
aihub,train,0,Training/01.원천데이터/TS_여드름_정면/H1_100498_P2_L0.png,H1_100498_P2_L0.png,H1_100498,72d1ee98655b8ad93885323b267dfc34b3b299ce64af7b117f0902b51d6b76c1
aihub,train,0,Training/01.원천데이터/TS_여드름_정면/H1_269075_P2_L0.png,H1_269075_P2_L0.png,H1_269075,e3c60ade7e618e8b72a9b5fdf36b6803f307cdea7ae9552b3b4e047258403c74
aihub,train,0,Training/01.원천데이터/TS_여드름_정면/H0_206171_P1_L1.png,H0_206171_P1_L1.png,H0_206171,1fa5e38c7aad7576cebe03bc5886bb460b725a6992b56a8060083e1f9cc57a6e
aihub,train,0,Training/01.원천데이터/TS_여드름_정면/H2_761_P1_L0.png,H2_761_P1_L0.png,H2_761,5b6ea2c09a77693e6a47f280f7fc85cea66f4a30d6c8a094d4b20e5739e3688a
aihub,train,0,Training/01.원천데이터/TS_여드름_정면/H1_370190_P13_L0.png,H1_370190_P13_L0.png,H1_370190,6bb71aca66f3a129f8c583904f0daae1505d622bfed1e9ea8c057a33e9201897
aihub,train,0,Training/01.원천데이터/TS_여드름_측면/Z4_91330_P0_L0.png,Z4_91330_P0_L0.png,Z4_91330,c3b520b62eb56f74e33f1e309794839197868f9effd0ce60f7388851c3f83048
aihub,train,0,Validation/01.원천데이터/VS_여드름_정면/H2_2411_P2_L0.png,H2_2411_P2_L0.png,H2_2411,d4ce6aea139df9f702e9ad8c83182be75d6911a64e151b0f9d594868d5b83881
aihub,train,0,Training/01.원천데이터/TS_여드름_정면/H0_58021_P1_L1.png,H0_58021_P1_L1.png,H0_58021,5c8e3e353e05d7e1631d690925c45e122ac299fe09d1e912de32636afb340835
aihub,train,0,Validation/01.원천데이터/VS_여드름_측면/Z4_92209_P0_L0.png,Z4_92209_P0_L0.png,Z4_92209,c22ea312f3ffb37286c539341bc6d47eef4f80510f52e3dbb4b745b9d3f8a941
aihub,train,0,Training/01.원천데이터/TS_여드름_측면/Z4_89889_P0_L0.png,Z4_89889_P0_L0.png,Z4_89889,011464d91b0b864a6c1bce05a2b03ce402fd87e82812f782e4d70a0384fc39a2
aihub,train,0,Training/01.원천데이터/TS_여드름_정면/H0_48241_P1_L1.png,H0_48241_P1_L1.png,H0_48241,d28a11db75edd79bdece53674b14fa07c06ce6ae2de3369f7e7c6bdecfd60933
aihub,train,0,Training/01.원천데이터/TS_여드름_측면/Z4_90771_P0_L0.png,Z4_90771_P0_L0.png,Z4_90771,b8d2a4fae0045331d7a8cd087cf8eacf236f826d4f3fc1f8622b7f5a53e1bd7c
aihub,train,0,Training/01.원천데이터/TS_여드름_측면/Z4_90324_P0_L0.png,Z4_90324_P0_L0.png,Z4_90324,092a33c993b9b9b51426d004a64f5233632c72e18d7499b680f66798a0277232
aihub,train,0,Training/01.원천데이터/TS_여드름_정면/H0_206155_P9_L2.png,H0_206155_P9_L2.png,H0_206155,594b4795d1778e78aaac2edfd3dae9510776db42af976f09c40f9e3e77662680
aihub,train,0,Training/01.원천데이터/TS_여드름_측면/Z4_89026_P0_L0.png,Z4_89026_P0_L0.png,Z4_89026,b151abdf3cd5314a96a2c3e4cf92e54d0b115cbf0ee6c6c18666b9e5ef345955
aihub,train,0,Training/01.원천데이터/TS_여드름_측면/Z4_90509_P0_L0.png,Z4_90509_P0_L0.png,Z4_90509,fbf10729fbca8e6934125cbe73067e77b607f93ee829f12d149735df060afb27
aihub,train,0,Training/01.원천데이터/TS_여드름_측면/Z4_91300_P0_L0.png,Z4_91300_P0_L0.png,Z4_91300,9148d4b7713d1d70fed854b431b808749e6f7f4fd2e580c494cee3d75da31275
aihub,train,0,Validation/01.원천데이터/VS_여드름_측면/Z4_92248_P0_L0.png,Z4_92248_P0_L0.png,Z4_92248,6b24eee1aac76cc1eeb6565adc74c45798fe53e1de8bb6d841269588fae93215
aihub,train,0,Training/01.원천데이터/TS_여드름_측면/Z4_89544_P0_L0.png,Z4_89544_P0_L0.png,Z4_89544,cd1d55340a1d7d3d740ec3f49bb657b2a09ea694cd87fdfb1828e93e25b08c8d
aihub,train,0,Training/01.원천데이터/TS_여드름_정면/H0_48877_P1_L0.png,H0_48877_P1_L0.png,H0_48877,f9f9799c0bd1ed1494126c390266cf8f65340296cbb26651aeaaeec1cb99134b
aihub,train,0,Training/01.원천데이터/TS_여드름_측면/Z4_89866_P0_L0.png,Z4_89866_P0_L0.png,Z4_89866,f35d438dc2c162ceccb4072b2a681a8a789c10a59875d44535ef01be6ae07fa8
aihub,train,0,Training/01.원천데이터/TS_여드름_정면/H0_59082_P1_L1.png,H0_59082_P1_L1.png,H0_59082,820baceb9ce5d15eb1682aa03405b837a85f218649b531f114524e19b6527946
aihub,train,0,Training/01.원천데이터/TS_여드름_정면/H0_206351_P9_L1.png,H0_206351_P9_L1.png,H0_206351,d743049683687313d0f122a7fea44eeaf9403c75cf56b6bd239a0e31370710e3
aihub,train,0,Training/01.원천데이터/TS_여드름_정면/H1_225433_P3_L1.png,H1_225433_P3_L1.png,H1_225433,80e5a6fbf851393271bd5e075e883b22185efa479a7eb989566df039d2b5f5f6
aihub,train,0,Training/01.원천데이터/TS_여드름_정면/H2_568_P1_L0.png,H2_568_P1_L0.png,H2_568,beb4481eb6b193a5993ea9d63afbf4dc7bc24c9a235c6e290d9166f2550e1191
aihub,train,0,Training/01.원천데이터/TS_여드름_정면/H1_328971_P2_L0.png,H1_328971_P2_L0.png,H1_328971,afa88bea81a56e6d8a8c36fb85975ac760e00bef59bcdd46f7c1f9715325629b
aihub,train,0,Training/01.원천데이터/TS_여드름_정면/H0_64658_P1_L0.png,H0_64658_P1_L0.png,H0_64658,e2bfb22634a6834113deaaa1217ad1a9fc91cd497f0e1f93d9e3156990a07b46
aihub,train,0,Training/01.원천데이터/TS_여드름_측면/Z4_89837_P0_L0.png,Z4_89837_P0_L0.png,Z4_89837,6bc6d7f4770e637bac6117ef4fb918c7833ede88936a2d50d2f5788484dbc793
aihub,train,0,Training/01.원천데이터/TS_여드름_정면/H1_377538_P1_L0.png,H1_377538_P1_L0.png,H1_377538,6d614bd1b18e1f0cc6630c90a4b7b120e94f364634616b6c15ef0d1224112f68
aihub,train,0,Training/01.원천데이터/TS_여드름_측면/Z4_91884_P0_L0.png,Z4_91884_P0_L0.png,Z4_91884,3f38a3463daddb64db43a60a9d0423513ab93df86a44a2ae0700402e7fcd7518
aihub,train,0,Validation/01.원천데이터/VS_여드름_측면/Z4_92195_P0_L0.png,Z4_92195_P0_L0.png,Z4_92195,58b5c0ad0075917bc4ba95fe6f63d1525597b3c08ca2b7f5bfac9dd76e85a7ac
aihub,train,0,Training/01.원천데이터/TS_여드름_정면/H1_269793_P1_L0.png,H1_269793_P1_L0.png,H1_269793,7f9311a6f20e63fd0f6bb4c6727413d33e3ed59f95ed0d85f966dcb6468b72a9
aihub,train,0,Training/01.원천데이터/TS_여드름_측면/Z4_91839_P0_L0.png,Z4_91839_P0_L0.png,Z4_91839,4193038be531f6fae18be4efa2543fb4ddacf98e78a488a19d511753d1091608
aihub,train,0,Validation/01.원천데이터/VS_여드름_측면/Z4_92058_P0_L0.png,Z4_92058_P0_L0.png,Z4_92058,6b4cbb5c881cd64c84aaae9213d393301995a5180830e2ecf7d9282dcf5773ad
aihub,train,0,Training/01.원천데이터/TS_여드름_측면/Z4_89366_P0_L0.png,Z4_89366_P0_L0.png,Z4_89366,6d747ae9ea363841c744216f15e02275696c07beefe164479b366e89220b73c1
aihub,train,0,Training/01.원천데이터/TS_여드름_정면/H0_45815_P1_L0.png,H0_45815_P1_L0.png,H0_45815,e178e3e999b58a041fc154b23a3009650f0d87a9e1d2608ef2974f3bc9b9d424
aihub,train,0,Training/01.원천데이터/TS_여드름_측면/Z4_89899_P0_L0.png,Z4_89899_P0_L0.png,Z4_89899,1733218f8442c15ac9a9af4f378ef5cca24badded7ef80012bd1398a67d3b66b
aihub,train,0,Training/01.원천데이터/TS_여드름_정면/H0_206107_P1_L1.png,H0_206107_P1_L1.png,H0_206107,14ade19606fb9d8e193c6a49e6242c6dfcc890391658463c7f009e593fae7bdb
aihub,train,0,Training/01.원천데이터/TS_여드름_측면/Z4_91821_P0_L0.png,Z4_91821_P0_L0.png,Z4_91821,ae1fd7df3b51c256d3b388286c219b93562f132ef5cc96e2d8223ab16193b473
aihub,train,0,Training/01.원천데이터/TS_여드름_정면/H0_206357_P6_L1.png,H0_206357_P6_L1.png,H0_206357,f864cd64ab822a1691a217d16f8f70c66e83dc65c0eed47415dac2e81f2dd517
aihub,train,0,Training/01.원천데이터/TS_여드름_정면/H1_384200_P3_L0.png,H1_384200_P3_L0.png,H1_384200,6de8cb4832627acdb9b1e8897cc8744d56293911b217174aef2bbf42d7d96f4d
aihub,train,0,Training/01.원천데이터/TS_여드름_정면/H1_100553_P2_L1.png,H1_100553_P2_L1.png,H1_100553,4c67df9321018d52cd5425ba31c6ac6a717c7a0a74a61350fccb901c0c532155
aihub,train,0,Training/01.원천데이터/TS_여드름_측면/Z4_90993_P0_L0.png,Z4_90993_P0_L0.png,Z4_90993,8b88e0b96562e7fc560c9854c3141952e5e5a4c64729671c75b6860b1d56ef09
aihub,train,0,Training/01.원천데이터/TS_여드름_정면/H0_45491_P1_L0.png,H0_45491_P1_L0.png,H0_45491,cbc77cbc94f1c08a3f1a03672b29acc44cc4277bbea3fda0e43f2be784226947
aihub,train,0,Training/01.원천데이터/TS_여드름_측면/Z4_91051_P0_L0.png,Z4_91051_P0_L0.png,Z4_91051,53aa0471f27d00db879c48eaa98cda6178ded69d507363d5f7590be931e1a431
aihub,train,0,Training/01.원천데이터/TS_여드름_정면/H0_206261_P12_L4.png,H0_206261_P12_L4.png,H0_206261,cf107b18514b801aef18e0870a078ea27fc2f5f02e9584e83b502cfb218c84c2
aihub,train,0,Training/01.원천데이터/TS_여드름_측면/Z4_91848_P0_L0.png,Z4_91848_P0_L0.png,Z4_91848,9aede95267b4a046f3f2b8b415aa229783944ba0b6b95085a4325559ed8fca7f
aihub,train,0,Training/01.원천데이터/TS_여드름_정면/H0_206194_P1_L1.png,H0_206194_P1_L1.png,H0_206194,770e48132f8a02f8962ef511768ad3f54634731adb37dcbcf68c04efaf436926
aihub,train,0,Training/01.원천데이터/TS_여드름_정면/H1_218192_P1_L1.png,H1_218192_P1_L1.png,H1_218192,b6c6b95566d7886d4e11170d54f26bd9709676fdbbc0ca8bae183473d8b23214
aihub,train,0,Training/01.원천데이터/TS_여드름_정면/H0_64378_P1_L0.png,H0_64378_P1_L0.png,H0_64378,dc6e56b660b9a715ea006f8ea0f46846e581ec97feebf3b6576d45c2a991cce0
aihub,train,0,Training/01.원천데이터/TS_여드름_정면/H0_206107_P9_L1.png,H0_206107_P9_L1.png,H0_206107,324b21cec2921937155f91273d3a6572b121275d526be614d97d4c91ea1a6b63
aihub,train,0,Training/01.원천데이터/TS_여드름_측면/Z4_90767_P0_L0.png,Z4_90767_P0_L0.png,Z4_90767,7e60dc2b7fb3ce1f946159123972fc9912adbe71873e5c64ebfa004305db2eb0
aihub,train,0,Validation/01.원천데이터/VS_여드름_측면/Z4_92940_P0_L0.png,Z4_92940_P0_L0.png,Z4_92940,f40d15aecad0a953f3f6041f45841469c91ddb0d12c211ed9bee39f818ae0df5
aihub,train,0,Training/01.원천데이터/TS_여드름_정면/H1_213291_P4_L0.png,H1_213291_P4_L0.png,H1_213291,6a89109f52307d2809f5ec27434fe65e950a4f4daae98c9486271a90b2f29b47
aihub,train,0,Training/01.원천데이터/TS_여드름_정면/H0_48217_P1_L1.png,H0_48217_P1_L1.png,H0_48217,fa3cf432d5e99d0c574838206f2c24f5eac65c11c74b453d1429b196c182ccf4
aihub,train,0,Training/01.원천데이터/TS_여드름_측면/Z4_91335_P0_L0.png,Z4_91335_P0_L0.png,Z4_91335,e414eb10b2ea81c566182e415e53dc2b1ded91c1f86da15256600b0ab91deca0
aihub,train,0,Training/01.원천데이터/TS_여드름_정면/H0_47875_P1_L0.png,H0_47875_P1_L0.png,H0_47875,032b924670f2412f4bca8e48501bb4753bb030c558ee32baceb1c552bf8e86cd
aihub,train,0,Training/01.원천데이터/TS_여드름_정면/H0_91980_P1_L1.png,H0_91980_P1_L1.png,H0_91980,65fcefc721954bdea4a7ad526295d36752a555641ca0e2e7cae2e8c5475385ff
aihub,train,0,Training/01.원천데이터/TS_여드름_측면/Z4_91501_P0_L0.png,Z4_91501_P0_L0.png,Z4_91501,78202585042cfac410cc6385c18eb238ac707c3fdc589aae047b7bd06c145525
aihub,train,0,Training/01.원천데이터/TS_여드름_정면/H1_224400_P2_L0.png,H1_224400_P2_L0.png,H1_224400,fb3c3e7dd05a7f8ad743d35afd12f86cb0ec3a395f258da13d5e13e40cc0cf8f
aihub,train,0,Training/01.원천데이터/TS_여드름_측면/Z4_91938_P0_L0.png,Z4_91938_P0_L0.png,Z4_91938,295b5b2136560738cb3743c6912621e12613c380daf13a75fd9523a844823dfc
aihub,train,0,Training/01.원천데이터/TS_여드름_정면/H1_93650_P5_L0.png,H1_93650_P5_L0.png,H1_93650,2e194ed77fbcac06623f9e615a9f11a123e9c39b6e54c8be5f42c19fe18824d6
aihub,train,0,Training/01.원천데이터/TS_여드름_측면/Z4_90706_P0_L0.png,Z4_90706_P0_L0.png,Z4_90706,c9f0062fbdd77fe2ea0d2e5b4281242ac45bb9b17d9154f9e7abe81b659fe61d
aihub,train,0,Training/01.원천데이터/TS_여드름_측면/Z4_90709_P0_L0.png,Z4_90709_P0_L0.png,Z4_90709,70432f4621beefb20eb2c94397a5624b9226c5b7331d521bc75c430f55c298ce
aihub,train,0,Training/01.원천데이터/TS_여드름_측면/Z4_91814_P0_L0.png,Z4_91814_P0_L0.png,Z4_91814,8acc7ede900969a729ab036bfc04c74c19622fb7654a9158f5d4ae5f3a238083
aihub,train,0,Training/01.원천데이터/TS_여드름_측면/Z4_91673_P0_L0.png,Z4_91673_P0_L0.png,Z4_91673,705b1a4e2b3b0c9bbd3c7f55da597673feb4fb239bab4d0d9214086eb5d23777
aihub,train,0,Validation/01.원천데이터/VS_여드름_정면/H2_2671_P1_L0.png,H2_2671_P1_L0.png,H2_2671,fae1599be3499d6b93078e52add600d8568babd3ae58f782e14176e8bd4bf069
aihub,train,0,Training/01.원천데이터/TS_여드름_측면/Z4_92018_P0_L0.png,Z4_92018_P0_L0.png,Z4_92018,d6bd2c90197db884c515b9c0d4eb903e7d917f1d20e10213d688ca681d5b6555
aihub,train,0,Training/01.원천데이터/TS_여드름_정면/H0_57999_P1_L0.png,H0_57999_P1_L0.png,H0_57999,635a2bdbc862f09bc8053250eda1fdd366975f466e54e179e3b1ca4900a11ea0
aihub,train,0,Training/01.원천데이터/TS_여드름_정면/H0_47276_P1_L2.png,H0_47276_P1_L2.png,H0_47276,2de8e8da2b227c446e57a8e107cced442a1eaf05a863a8bebf4d685aa3a1e180
aihub,train,0,Training/01.원천데이터/TS_여드름_정면/H0_206139_P9_L1.png,H0_206139_P9_L1.png,H0_206139,50bda9bb76ac5c86b3d5cd025fb3dbecde60a3dcfb91a148370b27fdf4256cc5
aihub,train,0,Training/01.원천데이터/TS_여드름_정면/H1_325307_P10_L0.png,H1_325307_P10_L0.png,H1_325307,5cf241f054d7743d84fa5e6302d0fce0b485ed2eabff05514ab628a675d3ef07
aihub,train,0,Validation/01.원천데이터/VS_여드름_측면/Z4_92574_P0_L0.png,Z4_92574_P0_L0.png,Z4_92574,c6e423cc0535286ec843150cfde433de95c430029966b9b44aeab648303e9b6d
aihub,train,0,Training/01.원천데이터/TS_여드름_측면/Z4_91377_P0_L0.png,Z4_91377_P0_L0.png,Z4_91377,3d97e5aa2994cd2b460ae51814d3f970ff55407974a74f660699b756cec1fe62
aihub,train,0,Training/01.원천데이터/TS_여드름_정면/H1_96346_P19_L0.png,H1_96346_P19_L0.png,H1_96346,6a02a60bf0dd9946afe23be1d525c303c6acbf8d89a5a7603c2ca50766ad8e32
aihub,train,0,Training/01.원천데이터/TS_여드름_측면/Z4_89049_P0_L0.png,Z4_89049_P0_L0.png,Z4_89049,03e0f81044d93a570c8b3b5751632373bf097f4505f40b20b0762489fb6cb39b
aihub,train,0,Training/01.원천데이터/TS_여드름_측면/Z4_91662_P0_L0.png,Z4_91662_P0_L0.png,Z4_91662,5126a84dc8155405e5ee51bd43f0285a36ffefcb801e8a691a5151241e73f56b
aihub,train,0,Training/01.원천데이터/TS_여드름_정면/H0_64178_P1_L1.png,H0_64178_P1_L1.png,H0_64178,4fabbf4d25e4430da1bc955b32dffd8c4233bf1b36b269819a5b3cf70ddc6829
aihub,train,0,Training/01.원천데이터/TS_여드름_정면/H0_45703_P2_L1.png,H0_45703_P2_L1.png,H0_45703,cb44cbdc3ccee44f6e6407c084dd0048affe1719a3bba492b347a45d0cbc40e6
aihub,train,0,Training/01.원천데이터/TS_여드름_측면/Z4_91464_P0_L0.png,Z4_91464_P0_L0.png,Z4_91464,5ed58662048c516a8dd2e85381ea68e8b93528754a49ab65260486add53f09e3
aihub,train,0,Training/01.원천데이터/TS_여드름_측면/Z4_90788_P0_L0.png,Z4_90788_P0_L0.png,Z4_90788,35e37feb317103f8367efca516dd6bd12b82ec7521ec300f563faa18d79bef5f
aihub,train,0,Training/01.원천데이터/TS_여드름_정면/H1_217326_P3_L0.png,H1_217326_P3_L0.png,H1_217326,f4ebe8ced70fa3ac9fde302d41044948582d9f99223b2749d9938d0436708861
aihub,train,0,Training/01.원천데이터/TS_여드름_측면/Z4_91489_P0_L0.png,Z4_91489_P0_L0.png,Z4_91489,9a41a0cd11c51fc03368c0afff8a8bda99c3a99205ee2d8d0839bfdcdd98566a
aihub,train,0,Training/01.원천데이터/TS_여드름_측면/Z4_91976_P0_L0.png,Z4_91976_P0_L0.png,Z4_91976,bc8f5b9b9916fdcc333bf0b27b203c1dfc50bc80486bd2da115fd9566cbc49f2
aihub,train,0,Training/01.원천데이터/TS_여드름_정면/H0_48006_P1_L1.png,H0_48006_P1_L1.png,H0_48006,7a5417a5cb5c3f6cc51b2d8bc59a54e14aea35532df923247e7412d83bccd1cb
aihub,train,0,Validation/01.원천데이터/VS_여드름_정면/H2_2398_P2_L0.png,H2_2398_P2_L0.png,H2_2398,889f4c9dd2819f3bd5d124a116dd67cdabeb52cb779cadfa91db082928bddb29
aihub,train,0,Training/01.원천데이터/TS_여드름_측면/Z4_90515_P0_L0.png,Z4_90515_P0_L0.png,Z4_90515,3ecbe58753959fd0eab4b96ae85264f2ccf079468ff9078b99d0d8fefc37e4d6
aihub,train,0,Training/01.원천데이터/TS_여드름_정면/H0_206263_P3_L2.png,H0_206263_P3_L2.png,H0_206263,2960d1bd4ee7839d01fb11db8ed79144b7cd694535fc3a18b270cbaff4e903fc
aihub,train,0,Training/01.원천데이터/TS_여드름_정면/H1_382289_P1_L0.png,H1_382289_P1_L0.png,H1_382289,62973ba7fa38a150ef3742d793333167a1b5e53778beef841ef899abb755d0a7
aihub,train,0,Validation/01.원천데이터/VS_여드름_측면/Z4_92223_P0_L0.png,Z4_92223_P0_L0.png,Z4_92223,cbdaa1ca147868a8b9c32a451e13f893007be5d5d02781ee3fdaa08d2e9ebf6d
aihub,train,0,Training/01.원천데이터/TS_여드름_정면/H1_93666_P5_L5.png,H1_93666_P5_L5.png,H1_93666,d3db7dd46d435e0a994787870377c800158cf0a6279c7d82e71e44a6d0b72a3a
aihub,train,0,Training/01.원천데이터/TS_여드름_정면/H0_45491_P1_L1.png,H0_45491_P1_L1.png,H0_45491,851126430e59509cb3a49507ff40e59217b7bad3df6aa7cecf88e5a76e31f2aa
aihub,train,0,Training/01.원천데이터/TS_여드름_측면/Z4_90109_P0_L0.png,Z4_90109_P0_L0.png,Z4_90109,ca20e36c3caaae855b9ced28a9ae9cdba2757c04eabbe1b85a5494ee63fff927
aihub,train,0,Training/01.원천데이터/TS_여드름_측면/Z4_90893_P0_L0.png,Z4_90893_P0_L0.png,Z4_90893,1c2ba29c11848e7320d59edc04d9e2c8b6d2d20d14c0b9b800b16a0659662c85
aihub,train,0,Training/01.원천데이터/TS_여드름_정면/H1_377695_P1_L0.png,H1_377695_P1_L0.png,H1_377695,4c98ec72c0c2962ff05df04d36964747c40de1621efdc449c038eff25bcfd624
aihub,train,0,Training/01.원천데이터/TS_여드름_정면/H0_206010_P1_L1.png,H0_206010_P1_L1.png,H0_206010,a9076d7bbb02bb1e179a4d59d6f1dd5e35f38981542fe1f16d4a348e27512fb9
aihub,train,0,Validation/01.원천데이터/VS_여드름_측면/Z4_92670_P0_L0.png,Z4_92670_P0_L0.png,Z4_92670,37a9ca64e5f17f4e8a53767685d30df0e7c823d89bec40045e20ebf9855e944c
aihub,train,0,Training/01.원천데이터/TS_여드름_측면/Z4_89993_P0_L0.png,Z4_89993_P0_L0.png,Z4_89993,1e0bab9870a91d64f23847ff0bafcbbef3b78bb1b81e94d84afcd59d2a829b29
aihub,train,0,Training/01.원천데이터/TS_여드름_정면/H0_47235_P2_L0.png,H0_47235_P2_L0.png,H0_47235,5a7eac90539d048b27526786afd43120ff9b224f8a78a9a05a8cb7a122de4803
aihub,train,0,Training/01.원천데이터/TS_여드름_측면/Z4_89618_P0_L0.png,Z4_89618_P0_L0.png,Z4_89618,60af5e747c02e0eb6f714f526de79b7a307eaff732d7fa97b5e46cf183806705
aihub,train,0,Training/01.원천데이터/TS_여드름_측면/Z4_90809_P0_L0.png,Z4_90809_P0_L0.png,Z4_90809,6bccdc91f4d5b3bef148898617012b775414d4d1239d89ba8a4ad0e5cfa46967
aihub,train,0,Training/01.원천데이터/TS_여드름_측면/Z4_89861_P0_L0.png,Z4_89861_P0_L0.png,Z4_89861,ea0a20ff0ea88d84d3993523686771b77132a2ed226999a4ee0abb3c0bf34446
aihub,train,0,Training/01.원천데이터/TS_여드름_측면/Z4_91576_P0_L0.png,Z4_91576_P0_L0.png,Z4_91576,7928f345e3538efc7b8bfb75a454c0ab6d4361b56cc5a7d9101137373b673022
aihub,train,0,Training/01.원천데이터/TS_여드름_정면/H0_57674_P1_L3.png,H0_57674_P1_L3.png,H0_57674,b222bba08ed0e433ea4cc737fc0f18bd8d1cb2c925c8e0b04d4bf1513f4348bd
aihub,train,0,Training/01.원천데이터/TS_여드름_측면/Z4_89637_P0_L0.png,Z4_89637_P0_L0.png,Z4_89637,230315b94108b8c5bb9091f1429cf7b8d158470c25499a618ab97837146c414e
aihub,train,0,Training/01.원천데이터/TS_여드름_정면/H0_58776_P1_L0.png,H0_58776_P1_L0.png,H0_58776,9112311de16c5e5a8e69fa99632f60e233c17eb88097b56dd1cfb51d8bd16f3f
aihub,train,0,Training/01.원천데이터/TS_여드름_측면/Z4_91037_P0_L0.png,Z4_91037_P0_L0.png,Z4_91037,e3be1bc0b5f793d00db8d369f642f92fd43e95d787bbef8d95e22537c5ff9769
aihub,train,0,Training/01.원천데이터/TS_여드름_정면/H1_232195_P1_L1.png,H1_232195_P1_L1.png,H1_232195,9691043e3d501e06994a10b66b5a3cb1cb7c9570d79191fa6b9eb43bff618c4f
aihub,train,0,Training/01.원천데이터/TS_여드름_측면/Z4_90743_P0_L0.png,Z4_90743_P0_L0.png,Z4_90743,072fcaf5ac6a49dfecc9c70140c2c5eb75cd8a219f47b0ca5acd7c3b42aa1394
aihub,train,0,Training/01.원천데이터/TS_여드름_측면/Z4_92010_P0_L0.png,Z4_92010_P0_L0.png,Z4_92010,03bec1c8c7c5ac9a4ae6436faf72b33f61bf6ed54d89c2c84ff051555cd09034
aihub,train,0,Training/01.원천데이터/TS_여드름_측면/Z4_89958_P0_L0.png,Z4_89958_P0_L0.png,Z4_89958,2dcb336c4df34b29d0d11f18fa7120e0e321c199a0476198ee0158ecf5900dc4
aihub,train,0,Validation/01.원천데이터/VS_여드름_정면/H2_2659_P1_L0.png,H2_2659_P1_L0.png,H2_2659,e18554dc40e7ec1eeaee8f2571e52554c7ad4ef848b94365851c516dab6f837f
aihub,train,0,Validation/01.원천데이터/VS_여드름_측면/Z4_92296_P0_L0.png,Z4_92296_P0_L0.png,Z4_92296,79083e4066bdac41b2fff4a195ca5a81e0f470d4234a589d2e7263b962ed9dce
aihub,train,0,Training/01.원천데이터/TS_여드름_측면/Z4_91728_P0_L0.png,Z4_91728_P0_L0.png,Z4_91728,54fdaa6f3a58ce3009c8c98fa3366978ee8bd722374a06473a72df0e0e598d27
aihub,train,0,Training/01.원천데이터/TS_여드름_측면/Z4_90641_P0_L0.png,Z4_90641_P0_L0.png,Z4_90641,ecde8ab509db0631c56f0eeddb552d115ca8115003d3da34a387996201c072f0
aihub,train,0,Training/01.원천데이터/TS_여드름_정면/H1_231686_P1_L0.png,H1_231686_P1_L0.png,H1_231686,72f95ab599bad9c1d72801671ac746004ba640f4d4baa1d3a495b6a8cf3bcea8
aihub,train,0,Training/01.원천데이터/TS_여드름_정면/H1_327171_P3_L0.png,H1_327171_P3_L0.png,H1_327171,9e5415fa448c0cb63ba691d6163ebd49ee1d6056de1ff1de689d1a8668987325
aihub,train,0,Training/01.원천데이터/TS_여드름_정면/H1_217821_P1_L0.png,H1_217821_P1_L0.png,H1_217821,84917112d14eea2b5e60a9cf43d3d7f742d61c919dbecb5b2197bba9be56203f
aihub,train,0,Training/01.원천데이터/TS_여드름_정면/H0_46077_P1_L1.png,H0_46077_P1_L1.png,H0_46077,89f3bc21b54dcc7cdbc5c6e58e63077f1d09515d8ceae625a9f22644a6165a0f
aihub,train,0,Training/01.원천데이터/TS_여드름_정면/H1_270194_P1_L0.png,H1_270194_P1_L0.png,H1_270194,f0bf8c720edb9b66347004a0b864a6c7e1a77f336a9d3864d16371927e28259b
aihub,train,0,Training/01.원천데이터/TS_여드름_측면/Z4_89801_P0_L0.png,Z4_89801_P0_L0.png,Z4_89801,969fdecc697a6daf8bd076c9889c7740caf20854b01b95d7c9c2d8454d3da694
aihub,train,0,Training/01.원천데이터/TS_여드름_측면/Z4_91827_P0_L0.png,Z4_91827_P0_L0.png,Z4_91827,16d6903cbee6112bf6e2f3471f1ee9df817e32417cbd23eb09fb5a74c0626d9c
aihub,train,0,Training/01.원천데이터/TS_여드름_측면/Z4_89880_P0_L0.png,Z4_89880_P0_L0.png,Z4_89880,6ee085084f995a95f4c6af7d284649aebbf7388221ef0025b7839f037051629d
aihub,train,0,Training/01.원천데이터/TS_여드름_측면/Z4_90527_P0_L0.png,Z4_90527_P0_L0.png,Z4_90527,c4e17c078f74b662193bc6d3fc6b8e52768e34beaac1cb6e00bf9937eb65bc6a
aihub,train,0,Training/01.원천데이터/TS_여드름_측면/Z4_90717_P0_L0.png,Z4_90717_P0_L0.png,Z4_90717,8127bd7e7a54b406a314b9093c9782e2c99787388f7fd56f9c00c22f291f1603
aihub,train,0,Training/01.원천데이터/TS_여드름_측면/Z4_91329_P0_L0.png,Z4_91329_P0_L0.png,Z4_91329,7fb69402c1b13c9bba43795d696eba310e9d7c500b217b2d9a6841dbaab1ee28
aihub,train,0,Validation/01.원천데이터/VS_여드름_측면/Z4_92284_P0_L0.png,Z4_92284_P0_L0.png,Z4_92284,5745ce27a0e9155cd6a44b94f194982335bad6107d5af43f3a9a79ea6cdd1a40
aihub,train,0,Training/01.원천데이터/TS_여드름_측면/Z4_90016_P0_L0.png,Z4_90016_P0_L0.png,Z4_90016,67591c28662fe781303181468da042ad9bca36a1e1722464d587e942cd70b95c
aihub,train,0,Training/01.원천데이터/TS_여드름_측면/Z4_89973_P0_L0.png,Z4_89973_P0_L0.png,Z4_89973,c71f31d10f04b89c7ef374eb1fd48831e7cd126f9a66a172e3be35ee306a3cb5
aihub,train,0,Training/01.원천데이터/TS_여드름_정면/H0_64670_P1_L0.png,H0_64670_P1_L0.png,H0_64670,c5b965738bee3df07b416c372fdaded7b362c50c3b534e6ae0003093eea96ed9
aihub,train,0,Training/01.원천데이터/TS_여드름_정면/H1_377695_P12_L0.png,H1_377695_P12_L0.png,H1_377695,a14c1a4a5d0558b8df2273db5ba94e25779c5888abe223c5b0de3e2269dada28
aihub,train,0,Training/01.원천데이터/TS_여드름_정면/H1_270357_P5_L0.png,H1_270357_P5_L0.png,H1_270357,c91ecca32b35a9a048355e8b6f2c5abb6bde7186006c39f972f24ab70b9e2163
aihub,train,0,Training/01.원천데이터/TS_여드름_측면/Z4_90669_P0_L0.png,Z4_90669_P0_L0.png,Z4_90669,8eeb63d09e814549ae03e7b278fdf79466b6c663fbb786adae06015b2dabdc17
aihub,train,0,Training/01.원천데이터/TS_여드름_정면/H1_269246_P2_L0.png,H1_269246_P2_L0.png,H1_269246,4e91f00141819e1a24f891df5d8eda34b7d4cedde90af9063d4b0f92e0a3dc07
aihub,train,0,Training/01.원천데이터/TS_여드름_측면/Z4_90457_P0_L0.png,Z4_90457_P0_L0.png,Z4_90457,b319cac6f4393c8f04879594dd015ef5f3525cc4e20079d24c212b7565701cf1
aihub,train,0,Training/01.원천데이터/TS_여드름_정면/H1_216959_P2_L1.png,H1_216959_P2_L1.png,H1_216959,e8f47ab2936c2365442a3549a490b61b5a0c2bf0e0152c97a16a5def66b8d269
aihub,train,0,Training/01.원천데이터/TS_여드름_측면/Z4_91676_P0_L0.png,Z4_91676_P0_L0.png,Z4_91676,84e3be52420f1bc01c6ffc013ab5c92b8ccf16f80a50a12b05a449733e5eaafc
aihub,train,0,Training/01.원천데이터/TS_여드름_측면/Z4_89980_P0_L0.png,Z4_89980_P0_L0.png,Z4_89980,88a0110c7804b476c72a549fd8e61d13113bf7b8157103bb1b8192a93da4e3a3
aihub,train,0,Training/01.원천데이터/TS_여드름_측면/Z4_91863_P0_L0.png,Z4_91863_P0_L0.png,Z4_91863,02066fdfdd3637ebb5dcd9fc426b0836900506a6b8eb9a970dedd08c6fee2357
aihub,train,0,Validation/01.원천데이터/VS_여드름_정면/H2_2495_P1_L0.png,H2_2495_P1_L0.png,H2_2495,4d3511fda8ce64e1428a280bfedaa7efee8efc8f4ac1fb58d8ed645ae5fd4c48
aihub,train,0,Training/01.원천데이터/TS_여드름_측면/Z4_89922_P0_L0.png,Z4_89922_P0_L0.png,Z4_89922,db144f0fd3dc4dd34bc0bff3a1c954d5d575c982875edbc21072ef4e68e3903c
aihub,train,0,Training/01.원천데이터/TS_여드름_측면/Z4_90865_P0_L0.png,Z4_90865_P0_L0.png,Z4_90865,28999cf5ae27a72ae0c90f252f5ac8daed0ec422619c10e957569eecf863c197
aihub,train,0,Training/01.원천데이터/TS_여드름_측면/Z4_89791_P0_L0.png,Z4_89791_P0_L0.png,Z4_89791,d9f3b5450eac21b7138db473631d9e7886093bf007a8ba0afcf7aec330e0e790
aihub,train,0,Validation/01.원천데이터/VS_여드름_측면/Z4_92278_P0_L0.png,Z4_92278_P0_L0.png,Z4_92278,abc09ed5da2c1336ae6f14d28bb90e5332cd62745c2ab41ec912968b48c12ad9
aihub,train,0,Training/01.원천데이터/TS_여드름_측면/Z4_91470_P0_L0.png,Z4_91470_P0_L0.png,Z4_91470,1d3137284714915dfd84c9ded1080458ff3448dc2ef5576431d8277d192ff5aa
aihub,train,0,Training/01.원천데이터/TS_여드름_정면/H1_217326_P3_L1.png,H1_217326_P3_L1.png,H1_217326,ae205899ce0cffc4a971862883f0f5b8da0b5bd534db446927dae46194313f62
aihub,train,0,Training/01.원천데이터/TS_여드름_정면/H1_298380_P1_L0.png,H1_298380_P1_L0.png,H1_298380,1142c4595de2d4caaeacb1051bee87511c9e400751731aa919da14b777f2213b
aihub,train,0,Training/01.원천데이터/TS_여드름_측면/Z4_90580_P0_L0.png,Z4_90580_P0_L0.png,Z4_90580,b18e679dc82609bbc8b01b5efee23c9f37b2d1c2748e32e8d474cb75464bc5af
aihub,train,0,Validation/01.원천데이터/VS_여드름_정면/H2_2605_P1_L0.png,H2_2605_P1_L0.png,H2_2605,4fd161aa3947e445a59afe6767f1a58423dc86f5a53fb3b18ffa741f49cc7053
aihub,train,0,Training/01.원천데이터/TS_여드름_측면/Z4_90297_P0_L0.png,Z4_90297_P0_L0.png,Z4_90297,9670864c040dcd32498dc41fe328997efd91f42cc1d589926bd5338d3079b447
aihub,train,0,Training/01.원천데이터/TS_여드름_정면/H1_380504_P1_L0.png,H1_380504_P1_L0.png,H1_380504,60f899a92451fdba5a2ed6408c8f309df4835d9901e3919df5680ecc1e361056
aihub,train,0,Training/01.원천데이터/TS_여드름_측면/Z4_89497_P0_L0.png,Z4_89497_P0_L0.png,Z4_89497,c937bdd0562221ccee6b2ba4a57ef835c901f70d4939ab9bc4c5f2c66e135c28
aihub,train,0,Training/01.원천데이터/TS_여드름_측면/Z4_91805_P0_L0.png,Z4_91805_P0_L0.png,Z4_91805,0f46cc25c3cb1a1a528663e8373f3ef2caf679ea444d8b5b3fb3eb953b8f1484
aihub,train,0,Training/01.원천데이터/TS_여드름_측면/Z4_90432_P0_L0.png,Z4_90432_P0_L0.png,Z4_90432,910a150ceebb90c160cbb37683b2a1590a3586668042e0edea9a6d7b8f6c24b1
aihub,train,0,Training/01.원천데이터/TS_여드름_측면/Z4_91514_P0_L0.png,Z4_91514_P0_L0.png,Z4_91514,780bdef248f372a8870453f0f9b59438e17af02d6d500329f4f4106008286fcf
aihub,train,0,Training/01.원천데이터/TS_여드름_측면/Z4_89831_P0_L0.png,Z4_89831_P0_L0.png,Z4_89831,6e405e92c0dfa1172c6b0581d9094e7b9eb24713ae3c519816a0e98b2ccbac9e
aihub,train,0,Training/01.원천데이터/TS_여드름_정면/H1_247954_P2_L0.png,H1_247954_P2_L0.png,H1_247954,9b7f168cc101c8d34056c2b25a329a14a141f795a7b9d9cfd0f8dd03d322fe27
aihub,train,0,Training/01.원천데이터/TS_여드름_측면/Z4_91872_P0_L0.png,Z4_91872_P0_L0.png,Z4_91872,708965d0d7f9b35a52fa007e375ebaacf00a7aebe5b925d994a9b7c012abae41
aihub,train,0,Training/01.원천데이터/TS_여드름_정면/H1_100614_P5_L2.png,H1_100614_P5_L2.png,H1_100614,a29ab5ab00500f9a615dc7f5d0c644c1b5f12640b72903f74b8fa6cade1ac203
aihub,train,0,Validation/01.원천데이터/VS_여드름_정면/H2_2454_P2_L0.png,H2_2454_P2_L0.png,H2_2454,8c0de522317d751bda72714479bdf247539b483b365244023ba55a94f6597539
aihub,train,0,Training/01.원천데이터/TS_여드름_측면/Z4_91679_P0_L0.png,Z4_91679_P0_L0.png,Z4_91679,6b1813703af27ed1114619d74c739c10d3c7826b4c2c93d6ea18b840efe22d3c
aihub,train,0,Training/01.원천데이터/TS_여드름_정면/H0_64092_P1_L0.png,H0_64092_P1_L0.png,H0_64092,2550e96d12dda6db58a907ec84020347d2155d10ed16617490479ca73c95f551
aihub,train,0,Training/01.원천데이터/TS_여드름_측면/Z4_91788_P0_L0.png,Z4_91788_P0_L0.png,Z4_91788,33115f1e8e702ebac591db6f0c71b8dad6893e43867eccb7c28707da1f67ec92
aihub,train,0,Training/01.원천데이터/TS_여드름_측면/Z4_90336_P0_L0.png,Z4_90336_P0_L0.png,Z4_90336,081e5af63cdda60dc1e88ea7aabe16e91cdd9836ce5b3868a00dcd6c4d85efda
aihub,train,0,Training/01.원천데이터/TS_여드름_측면/Z4_91463_P0_L0.png,Z4_91463_P0_L0.png,Z4_91463,87232673eb10a8d99a1e8895e30971a634f89b28e97f83b824b63caf526d4627
aihub,train,0,Training/01.원천데이터/TS_여드름_정면/H0_59222_P1_L0.png,H0_59222_P1_L0.png,H0_59222,c23bea4629cfc12596707a441db15b1dfeea8415d2cbe2280e96a9089d2a201c
aihub,train,0,Training/01.원천데이터/TS_여드름_정면/H0_64064_P1_L2.png,H0_64064_P1_L2.png,H0_64064,d32bf0131b79b798314a16939f23c334d11a777d1dfeff154b42ca872f67c83e
aihub,train,0,Training/01.원천데이터/TS_여드름_정면/H0_89561_P1_L0.png,H0_89561_P1_L0.png,H0_89561,d4e464298916b196c8c05beb3cc5662ff752852b326634abb6a281e9b3be7ad5
aihub,train,0,Training/01.원천데이터/TS_여드름_측면/Z4_91772_P0_L0.png,Z4_91772_P0_L0.png,Z4_91772,d44c8ab9f4722ed81513b62536483380fa6fa4df7fd2862c6cd6e8ee453579e9
aihub,train,0,Training/01.원천데이터/TS_여드름_측면/Z4_89960_P0_L0.png,Z4_89960_P0_L0.png,Z4_89960,45183495a4bd586e37e57594f3043ea5a0297ab9c87bc0fd1f7a41fe4b6f3fbd
aihub,train,0,Training/01.원천데이터/TS_여드름_정면/H1_269359_P1_L1.png,H1_269359_P1_L1.png,H1_269359,9864a11ce0cb53d93c9fe0358acb31b8625aa8039653684952be7bcee468893b
aihub,train,0,Validation/01.원천데이터/VS_여드름_측면/Z4_92277_P0_L0.png,Z4_92277_P0_L0.png,Z4_92277,23175770e4b9d97871a1cba38432a61e900206fdde5f13551b02fca439ea6eac
aihub,train,0,Training/01.원천데이터/TS_여드름_측면/Z4_90623_P0_L0.png,Z4_90623_P0_L0.png,Z4_90623,eb41a186823288cb5e0d363cc4b0f8102674ef874358f29f988785cb93f1177c
aihub,train,0,Training/01.원천데이터/TS_여드름_측면/Z4_90228_P0_L0.png,Z4_90228_P0_L0.png,Z4_90228,8751270f378374922b62780ec4b6cd2ead26b9f9532b61abfc080a23b04be0c9
aihub,train,0,Training/01.원천데이터/TS_여드름_측면/Z4_90671_P0_L0.png,Z4_90671_P0_L0.png,Z4_90671,84d53977b82d4a3a7fe7bbc7c76948306a144dd4e4e281ab918f9c82468855a8
aihub,train,0,Training/01.원천데이터/TS_여드름_정면/H1_272240_P1_L0.png,H1_272240_P1_L0.png,H1_272240,22ccd7ee01266da79f60816eaacc4e5d944d92127a3ab39b974c3bbac5d6c963
aihub,train,0,Training/01.원천데이터/TS_여드름_정면/H0_47028_P1_L3.png,H0_47028_P1_L3.png,H0_47028,eaec76176e26de092920865f99010fc9aafa5d19179b09c6450524ec2c22f5de
aihub,train,0,Training/01.원천데이터/TS_여드름_정면/H0_64092_P1_L3.png,H0_64092_P1_L3.png,H0_64092,a97e9e7238e37aaaeabf8e62f8fbc2d25c842192a65677b094cf06f3c9d56142
aihub,train,0,Training/01.원천데이터/TS_여드름_정면/H1_100588_P1_L7.png,H1_100588_P1_L7.png,H1_100588,21407db0a9da4a96d7f9367a7502cf4c762e796fb541b981203717de9da8369a
aihub,train,0,Training/01.원천데이터/TS_여드름_정면/H1_391509_P1_L0.png,H1_391509_P1_L0.png,H1_391509,180575636e6e363701fc9d55204e4048faa2ae64fcb71f28d400771fe3f2db87
aihub,train,0,Training/01.원천데이터/TS_여드름_정면/H0_59039_P1_L1.png,H0_59039_P1_L1.png,H0_59039,3f2fef0d246d650d998f21b16d7b89b37ada2196a66843006dacc84ad193dad9
aihub,train,0,Training/01.원천데이터/TS_여드름_정면/H1_297073_P1_L0.png,H1_297073_P1_L0.png,H1_297073,5c9612890d685a02763d9543a97714fae54d03b7409e277d77a27a1c343742bf
aihub,train,0,Training/01.원천데이터/TS_여드름_정면/H0_206041_P1_L4.png,H0_206041_P1_L4.png,H0_206041,10b8008bdfd56f6fc60447454dd57a192a107d8eb5770fce3429c7182154832a
aihub,train,0,Training/01.원천데이터/TS_여드름_정면/H0_48225_P1_L0.png,H0_48225_P1_L0.png,H0_48225,73bfa0fa2f73bb96bc990175497b0d7837a5c71174ccc9f2dc208379ff9b816a
aihub,train,0,Training/01.원천데이터/TS_여드름_정면/H1_269179_P1_L0.png,H1_269179_P1_L0.png,H1_269179,0c779c7b75b6e2b768b966529846c5bde158ba556e263a612e1dcf2a06e9828c
aihub,train,0,Training/01.원천데이터/TS_여드름_정면/H0_206362_P1_L0.png,H0_206362_P1_L0.png,H0_206362,3e3acdb346a6ffddf981e8eeafd4a824e0f884063fcc924ee89242ae1925bfd7
aihub,train,0,Training/01.원천데이터/TS_여드름_측면/Z4_91859_P0_L0.png,Z4_91859_P0_L0.png,Z4_91859,eb910b5e3f9d0392383f7fefdc7969aff852991f657691ce8e9a789955b83705
aihub,train,0,Training/01.원천데이터/TS_여드름_정면/H1_276186_P1_L0.png,H1_276186_P1_L0.png,H1_276186,7b5f434c4b23bb6bc189b5e7f8d8ecb010012c6409a7e65cb3c17287d1d11db4
aihub,train,0,Validation/01.원천데이터/VS_여드름_정면/H2_2677_P1_L0.png,H2_2677_P1_L0.png,H2_2677,5e0135be766563c86dcc785a10ea489b87d1d552e055af7ac81f8c5c1324f092
aihub,train,0,Training/01.원천데이터/TS_여드름_측면/Z4_90818_P0_L0.png,Z4_90818_P0_L0.png,Z4_90818,e111a55bdff353dc39651b647784b49e50233c3123c2f6668d23d38eb8ecc237
aihub,train,0,Training/01.원천데이터/TS_여드름_측면/Z4_91908_P0_L0.png,Z4_91908_P0_L0.png,Z4_91908,5de6a37fdda800242bcd50da5b84e454bcd3775301bf64518ad4ba1013c175ef
aihub,train,0,Training/01.원천데이터/TS_여드름_정면/H1_273481_P1_L1.png,H1_273481_P1_L1.png,H1_273481,f4e9e63e4793bdb60aacd31e180209d02b9e49d90d36563d9b7b6fa60d4d4275
aihub,train,0,Training/01.원천데이터/TS_여드름_측면/Z4_89747_P0_L0.png,Z4_89747_P0_L0.png,Z4_89747,8edd6d7c30c22d780e9e2bf62d0efad370f93ff9d9d00c473f5c7b9ac1dec2fc
aihub,train,0,Training/01.원천데이터/TS_여드름_정면/H0_59152_P1_L2.png,H0_59152_P1_L2.png,H0_59152,51fb65d673235c2647ea52de2a0f9613f5ace48a7d86cdaf7d48d65d4c3c700d
aihub,train,0,Training/01.원천데이터/TS_여드름_정면/H0_206354_P9_L1.png,H0_206354_P9_L1.png,H0_206354,59d12f0a2ca92bfd3c70ba9daf98996314ca9d316d8a40c8383c26b70994a63f
aihub,train,0,Training/01.원천데이터/TS_여드름_정면/H0_47874_P1_L1.png,H0_47874_P1_L1.png,H0_47874,e24dc747a1be83ec03796537118fdbba31acc238f32eb94e7978951d1527e520
aihub,train,0,Training/01.원천데이터/TS_여드름_정면/H0_45455_P1_L2.png,H0_45455_P1_L2.png,H0_45455,07e5734cb17a96b397d477bb389f0a974c5f9cda12e4c0cc49d3d5b7d6a7bc09
aihub,train,0,Training/01.원천데이터/TS_여드름_측면/Z4_89095_P0_L0.png,Z4_89095_P0_L0.png,Z4_89095,e00b974ff2369d84c8d8203991c37ca78ff20c077a8fa2983f01fb1000bb7c0b
aihub,train,0,Training/01.원천데이터/TS_여드름_측면/Z4_90005_P0_L0.png,Z4_90005_P0_L0.png,Z4_90005,fc17d25dc1d7cc447ec7689f131309b7aeb36611f555747b00251e1f61b7bd48
aihub,train,0,Training/01.원천데이터/TS_여드름_정면/H0_45598_P1_L1.png,H0_45598_P1_L1.png,H0_45598,747736799ef8c53657fbd4b0063e103870c21bcca233c9652340d5cf29cfe89f
aihub,train,0,Training/01.원천데이터/TS_여드름_측면/Z4_90555_P0_L0.png,Z4_90555_P0_L0.png,Z4_90555,792d140dfa6a7e43eb843fb78eb3fdb7cd870577e74ad83792bf50b246560c2e
aihub,train,0,Training/01.원천데이터/TS_여드름_측면/Z4_90794_P0_L0.png,Z4_90794_P0_L0.png,Z4_90794,549b096e40f947f6582744c4a0129f87e3f7894c4fe451830ccbacb83d25fc4a
aihub,train,0,Training/01.원천데이터/TS_여드름_측면/Z4_91433_P0_L0.png,Z4_91433_P0_L0.png,Z4_91433,d4d767b9ab566d8115c1ad03e6469cdafe9fc9f7fe685190044c2f837bdf0634
aihub,train,0,Training/01.원천데이터/TS_여드름_정면/H0_206361_P9_L0.png,H0_206361_P9_L0.png,H0_206361,c35ab018b0017b6a43822334e258b449cc638fa4630977541556bdeacaddad5a
aihub,train,0,Training/01.원천데이터/TS_여드름_정면/H0_49379_P1_L1.png,H0_49379_P1_L1.png,H0_49379,3c0411bec421c1d233bdef897c4b2f5a868576e58714c17f0623913ae3ebce60
aihub,train,0,Training/01.원천데이터/TS_여드름_정면/H1_297433_P2_L0.png,H1_297433_P2_L0.png,H1_297433,04bf4d0479779cb524ae7af39de9d9ef172379ae41d482efcb341bba11cf8987
aihub,train,0,Training/01.원천데이터/TS_여드름_정면/H1_218293_P1_L0.png,H1_218293_P1_L0.png,H1_218293,efc4d129d3511ef7edc3446affd7c9c0e81cb5de0d2df0868192419a5d3399c7
aihub,train,0,Training/01.원천데이터/TS_여드름_측면/Z4_90488_P0_L0.png,Z4_90488_P0_L0.png,Z4_90488,cb2c999fcaaa1b789de09bc8227039f3d3d06432ce96fcae30cb60a9d4837e6d
aihub,train,0,Validation/01.원천데이터/VS_여드름_정면/H2_2469_P2_L0.png,H2_2469_P2_L0.png,H2_2469,7e98860f4d6815a0cccb455eadcf16785c83179fd6f25d9c320a000fda8510c1
aihub,train,0,Training/01.원천데이터/TS_여드름_측면/Z4_90751_P0_L0.png,Z4_90751_P0_L0.png,Z4_90751,54c286d1b9bb58c721e91203c2a58b30ba406f5ad93f2dcc5c6d4eecdcd3ee01
aihub,train,0,Training/01.원천데이터/TS_여드름_정면/H1_100563_P1_L2.png,H1_100563_P1_L2.png,H1_100563,9f0fa0cf903c457a5e8597f9666512d311971b648df680697972453b61541752
aihub,train,0,Training/01.원천데이터/TS_여드름_측면/Z4_89800_P0_L0.png,Z4_89800_P0_L0.png,Z4_89800,6d1647082d28ec558ad9b5df4596921971cbd933f329d7bafffebc6fba146b94
aihub,train,0,Training/01.원천데이터/TS_여드름_측면/Z4_89763_P0_L0.png,Z4_89763_P0_L0.png,Z4_89763,a467667789b3cef192981dba3ea5ad0e516d081ae4862438483751b45ca2d7c3
aihub,train,0,Training/01.원천데이터/TS_여드름_측면/Z4_90620_P0_L0.png,Z4_90620_P0_L0.png,Z4_90620,e882aae539bdc86276cfb979282af38e1630d235028c9d8a23cbbeddec44f3e8
aihub,train,0,Training/01.원천데이터/TS_여드름_측면/Z4_89552_P0_L0.png,Z4_89552_P0_L0.png,Z4_89552,072e749f951cbb6450491b66f2575277f18d1ee6f40ecd2f8bbd1e0f82a23ca9
aihub,train,0,Training/01.원천데이터/TS_여드름_정면/H1_298166_P1_L0.png,H1_298166_P1_L0.png,H1_298166,cc011bdc22246e88ac1e9ed2115864f33d5378861bc1e7bf04281565cbb8c1e1
aihub,train,0,Training/01.원천데이터/TS_여드름_측면/Z4_90523_P0_L0.png,Z4_90523_P0_L0.png,Z4_90523,c28ec49c2ddebe080f4a9b3da3d84be9345971e10289972a63662604a9dff7bd
aihub,train,0,Training/01.원천데이터/TS_여드름_측면/Z4_90766_P0_L0.png,Z4_90766_P0_L0.png,Z4_90766,4d13aca433d6799ca27049d604aa726a8763e4ac69b87c3b00ad75ede5797823
aihub,train,0,Training/01.원천데이터/TS_여드름_정면/H0_206401_P1_L1.png,H0_206401_P1_L1.png,H0_206401,41409b76124313143bfa1a1f3153880095ee9fcc38287aa73f834305be99eab1
aihub,train,0,Training/01.원천데이터/TS_여드름_측면/Z4_90780_P0_L0.png,Z4_90780_P0_L0.png,Z4_90780,5fb5a5facb700692e71caa6893b4dcb6cdc120237a1d40a75d41650db53f17ab
aihub,train,0,Training/01.원천데이터/TS_여드름_측면/Z4_91282_P0_L0.png,Z4_91282_P0_L0.png,Z4_91282,553d6048ec536a80d2224dfb1a36c56a6896c9f08604e5f6febd442851f354ce
aihub,train,0,Training/01.원천데이터/TS_여드름_정면/H1_213512_P1_L0.png,H1_213512_P1_L0.png,H1_213512,ad92348e8978829546c2d1ef42ab98a2b791ae0c0ef3f4cec3bffb471695b9b1
aihub,train,0,Training/01.원천데이터/TS_여드름_측면/Z4_90444_P0_L0.png,Z4_90444_P0_L0.png,Z4_90444,660f5f2afec83b1cfe077b9270145bacf9afa27544d1b81966a6532413551256
aihub,train,0,Training/01.원천데이터/TS_주사_정면/H0_178966_P1_L0.png,H0_178966_P1_L0.png,H0_178966,a93e255b1639167f3adf7a30e67ac47816db459fd1bd79fd3311079c72f57652
aihub,train,0,Training/01.원천데이터/TS_주사_정면/H0_146429_P10_L0.png,H0_146429_P10_L0.png,H0_146429,6aab9f3f92df72f299769649c0cf2a3b89107343526312acdb53f2ade6f9d2dd
aihub,train,0,Training/01.원천데이터/TS_주사_측면/Z4_84046_P0_L0.png,Z4_84046_P0_L0.png,Z4_84046,9e3a95faef54e60445047ce623a000ce7446fa7e1d281b8db33286f18e0c92bb
aihub,train,0,Training/01.원천데이터/TS_주사_측면/Z4_84153_P0_L0.png,Z4_84153_P0_L0.png,Z4_84153,e600cade21836f897a32a1a3fe86d04ad83105f9468b7e7b2102c6f3778f5c6a
aihub,train,0,Training/01.원천데이터/TS_주사_측면/Z4_84777_P0_L0.png,Z4_84777_P0_L0.png,Z4_84777,aaac2f839b2cd1550b43ae3b41cce3dbb31e723058e85b162e176fd81b6d2fe7
aihub,train,0,Training/01.원천데이터/TS_주사_측면/Z4_84215_P0_L0.png,Z4_84215_P0_L0.png,Z4_84215,b98856c636ada87c50506ee724d069ce86e3fab59cfec6361ed157d7723f7bde
aihub,train,0,Training/01.원천데이터/TS_주사_정면/H0_22228_P1_L0.png,H0_22228_P1_L0.png,H0_22228,8e77d7f0b109237ac54afebec04751eb9434c49fc9528ea47a211afcb2eac6a6
aihub,train,0,Training/01.원천데이터/TS_주사_정면/H0_21720_P2_L0.png,H0_21720_P2_L0.png,H0_21720,1466f4f264b0d125d5070585bfb9561eb5123178fc412f22a3c29f2b0629896f
aihub,train,0,Training/01.원천데이터/TS_주사_측면/Z4_85470_P0_L0.png,Z4_85470_P0_L0.png,Z4_85470,b022611d7edd06fa59cac27a7cc359da197cb6e3c3105bb8c081905204de6da1
aihub,train,0,Training/01.원천데이터/TS_주사_측면/Z4_85445_P0_L0.png,Z4_85445_P0_L0.png,Z4_85445,75f38539f81a981dfc9d481f3491d787fcb63045bd17271f3cc9c05853b53893
aihub,train,0,Validation/01.원천데이터/VS_주사_측면/Z4_86152_P0_L0.png,Z4_86152_P0_L0.png,Z4_86152,dbffb2a933826441f06620e22f154194796bac9b724915d8201242cb90073068
aihub,train,0,Training/01.원천데이터/TS_주사_측면/Z4_84164_P0_L0.png,Z4_84164_P0_L0.png,Z4_84164,5a4466e7666a81753ec2334d5d109d42af6943c82877b391c884766dd1650f6d
aihub,train,0,Training/01.원천데이터/TS_주사_정면/H0_161504_P4_L0.png,H0_161504_P4_L0.png,H0_161504,d231c982c57a14e880362db4a02d109985e341e2c435c60a4d61c50dab97f115
aihub,train,0,Training/01.원천데이터/TS_주사_측면/Z4_85365_P0_L0.png,Z4_85365_P0_L0.png,Z4_85365,5633593be9ca398bd9fb5fe63e313d8a1716b93b57f779eab17730771b765bef
aihub,train,0,Training/01.원천데이터/TS_주사_정면/H0_205870_P2_L0.png,H0_205870_P2_L0.png,H0_205870,33f09ba610930b5c0dfd7a528705cff78088235ba823f3594ad608b2b01c68bb
aihub,train,0,Validation/01.원천데이터/VS_주사_정면/H1_327436_P2_L0.png,H1_327436_P2_L0.png,H1_327436,4a9fc178cd48b5c20d75de0e0243274a2d6eb8ef4ddc41616f35e2915767d1aa
aihub,train,0,Validation/01.원천데이터/VS_주사_정면/H1_328555_P8_L0.png,H1_328555_P8_L0.png,H1_328555,6d1b1492b2831acc4687916a53011a378df9bde528e6e51a6a12039c32dbb09d
aihub,train,0,Training/01.원천데이터/TS_주사_측면/Z4_84984_P0_L0.png,Z4_84984_P0_L0.png,Z4_84984,2420df57693e73bb12d530fb2ed9783bfe38db3b8e983fe26c7f45e435610b4a
aihub,train,0,Training/01.원천데이터/TS_주사_측면/Z4_85214_P0_L0.png,Z4_85214_P0_L0.png,Z4_85214,24da2e7ca7e26ada2407c367718424a857479fa2e059ba3e34965c5c4c279b36
aihub,train,0,Validation/01.원천데이터/VS_주사_정면/H1_370142_P12_L0.png,H1_370142_P12_L0.png,H1_370142,c094c7b7808a66b3ec87ca73d1e54c433b441f5b864826c4aaf63003b04edf35
aihub,train,0,Training/01.원천데이터/TS_주사_측면/Z4_84477_P0_L0.png,Z4_84477_P0_L0.png,Z4_84477,b2f522e28f5cce6bb10fba30d294784239e9f80f8b29e53ef023a690e57641c5
aihub,train,0,Training/01.원천데이터/TS_주사_정면/H0_178782_P1_L0.png,H0_178782_P1_L0.png,H0_178782,ebd1770494321a7b718efb9d5cdb0ebfabdbd3255e5534faede559e2031cc34d
aihub,train,0,Training/01.원천데이터/TS_주사_정면/H0_206033_P1_L0.png,H0_206033_P1_L0.png,H0_206033,4e79ef665177be2e3316217d7adcea3c91743c4a5e01b461556589aa2bef5854
aihub,train,0,Training/01.원천데이터/TS_주사_정면/H0_178563_P1_L0.png,H0_178563_P1_L0.png,H0_178563,cc9b109c2bbafaeb20edb01925958b3c0c8e47f9583ced00322195e11560e295
aihub,train,0,Training/01.원천데이터/TS_주사_정면/H0_161524_P1_L0.png,H0_161524_P1_L0.png,H0_161524,556ab51f98aa7737ae42c09bf9f8ecbea203dbe9e7708dd196791593cb094c95
aihub,train,0,Training/01.원천데이터/TS_주사_정면/H0_179353_P6_L0.png,H0_179353_P6_L0.png,H0_179353,f8cc6beb8792398ebf5800fcc89eb2f51ee819a1a89e410f058291a6d038a9f9
aihub,train,0,Validation/01.원천데이터/VS_주사_정면/H1_328942_P2_L0.png,H1_328942_P2_L0.png,H1_328942,c05f971c5d78e5dd1e0590fa02e4aab9ae85d782666eee6cf7af9d0cbb82e0ac
aihub,train,0,Training/01.원천데이터/TS_주사_측면/Z4_84779_P0_L0.png,Z4_84779_P0_L0.png,Z4_84779,77e24eab3f91bed87e8eb63c2b1ac08531b00fe2e79a7bc2626cc94f361529d7
aihub,train,0,Validation/01.원천데이터/VS_주사_정면/H1_388232_P2_L0.png,H1_388232_P2_L0.png,H1_388232,f4b4d12446567790038999b326c522d9653fdad29b4b461452c58cbb2da4e3ff
aihub,train,0,Training/01.원천데이터/TS_주사_측면/Z4_84584_P0_L0.png,Z4_84584_P0_L0.png,Z4_84584,7d858458ab7fb9640c1a36ff02ebc7a8b276767cec8ff3bbe918aca94e50bdb2
aihub,train,0,Training/01.원천데이터/TS_주사_정면/H0_21782_P1_L0.png,H0_21782_P1_L0.png,H0_21782,a37003a65f9b79ba757385ccab3e1629568a11dcb5a4d37bed264118aea4aa64
aihub,train,0,Training/01.원천데이터/TS_주사_측면/Z4_84121_P0_L0.png,Z4_84121_P0_L0.png,Z4_84121,6f83a85355cd3330c67d8e82e3dc2436f734f162c9582a771dc09bce2d72333a
aihub,train,0,Training/01.원천데이터/TS_주사_측면/Z4_85376_P0_L0.png,Z4_85376_P0_L0.png,Z4_85376,36d5b9d4cbd330a6516f042a4831c3a7de91ed4cbe5db972f257f21e6e87ff88
aihub,train,0,Training/01.원천데이터/TS_주사_정면/H1_201495_P1_L3.png,H1_201495_P1_L3.png,H1_201495,e98bd37e67abaa4b10ee857b384fdd5b61c98e05953ba03480ac4d0f80f6e6c3
aihub,train,0,Training/01.원천데이터/TS_주사_정면/H0_206219_P6_L1.png,H0_206219_P6_L1.png,H0_206219,5fe592e40584b6ef5b8bc88bbb4a397e1f683e7650d4b6b1ced7a36b1d4daf9a
aihub,train,0,Training/01.원천데이터/TS_주사_측면/Z4_84318_P0_L0.png,Z4_84318_P0_L0.png,Z4_84318,e62a24260f9ebf7f73fe138f262b3019c86d1385539b613949e7918199e25cba
aihub,train,0,Training/01.원천데이터/TS_주사_측면/Z4_84459_P0_L0.png,Z4_84459_P0_L0.png,Z4_84459,5dab2c86d724616d8ffe12f1e603c75b07f2095bfe932ab13b1ecc7e45055d50
aihub,train,0,Training/01.원천데이터/TS_주사_측면/Z4_84298_P0_L0.png,Z4_84298_P0_L0.png,Z4_84298,80a39519cc30d7d8f6c32361436f840aa731b54f7faff20a74171ece40f33ef1
aihub,train,0,Training/01.원천데이터/TS_주사_측면/Z4_84117_P0_L0.png,Z4_84117_P0_L0.png,Z4_84117,c6e2edd95d8685bdd64c4be79d5544ff5596553b2ce53c017c485fbebb15de69
aihub,train,0,Training/01.원천데이터/TS_주사_측면/Z4_84807_P0_L0.png,Z4_84807_P0_L0.png,Z4_84807,70bb6ddd961cebfa2d5621fa8f5a08400d004663b2cb2506df73320d72f34a2b
aihub,train,0,Training/01.원천데이터/TS_주사_측면/Z4_84103_P0_L0.png,Z4_84103_P0_L0.png,Z4_84103,8787c73f5941463a9fc6e7b226c831476c2bb06439ca6183be03dbb30417596b
aihub,train,0,Training/01.원천데이터/TS_주사_정면/H1_270106_P1_L0.png,H1_270106_P1_L0.png,H1_270106,e1023de3edd96c4a2537685cb1b74882149f423a34ed552939c91dda9a626a23
aihub,train,0,Training/01.원천데이터/TS_주사_측면/Z4_84844_P0_L0.png,Z4_84844_P0_L0.png,Z4_84844,e6da4936ba4113e19c2b62633f7efd0ce4d858dc1c01d4d3b7b4576fd798ea39
aihub,train,0,Training/01.원천데이터/TS_주사_정면/H0_19540_P1_L0.png,H0_19540_P1_L0.png,H0_19540,6dd9d34418175598c388a3a2288968bf0b8250202fa08b02e77496729944bb9b
aihub,train,0,Training/01.원천데이터/TS_주사_정면/H0_169743_P1_L0.png,H0_169743_P1_L0.png,H0_169743,e8e51df6843bd6366ee9d2f123b70db670fd13801f5e1cbe7ff02195d1acb836
aihub,train,0,Training/01.원천데이터/TS_주사_정면/H0_184173_P4_L0.png,H0_184173_P4_L0.png,H0_184173,9719310496ccfdbf06a49c914c4bca92ee2cd600562ae38dac0cd153d6517403
aihub,train,0,Training/01.원천데이터/TS_주사_측면/Z4_85306_P0_L0.png,Z4_85306_P0_L0.png,Z4_85306,eadd6c749969ec94ac3f1b1155e1c7d3a20c61238d3ad049137d96e83236e182
aihub,train,0,Training/01.원천데이터/TS_주사_측면/Z4_84643_P0_L0.png,Z4_84643_P0_L0.png,Z4_84643,e7b17d0c5af8d20b3168224f7bebed7ffc1e6ad59814cce29ecc1509e8adb324
aihub,train,0,Training/01.원천데이터/TS_주사_측면/Z4_84726_P0_L0.png,Z4_84726_P0_L0.png,Z4_84726,81ecb00bd2d624f64afd0a4856f9450fe32b1d26b74cc6b77a134b518b732d6a
aihub,train,0,Training/01.원천데이터/TS_주사_정면/H0_150488_P1_L0.png,H0_150488_P1_L0.png,H0_150488,0be22a8ba84bfde6263339281316023930cff3ec226937aeca8403bc0ef6f007
aihub,train,0,Training/01.원천데이터/TS_주사_측면/Z4_85905_P0_L0.png,Z4_85905_P0_L0.png,Z4_85905,ed84162d113a0055d99fbc867630d27922e9be3715c48726a61750f22ea1ea8a
aihub,train,0,Validation/01.원천데이터/VS_주사_정면/H1_386242_P2_L0.png,H1_386242_P2_L0.png,H1_386242,b717b9c6ab19300c0d4758e775f46d9357af1134236266afe4f2d8f66526985b
aihub,train,0,Training/01.원천데이터/TS_주사_정면/H0_206141_P1_L1.png,H0_206141_P1_L1.png,H0_206141,8a2adc088f10cf80e2de86e0df058185d292e2f71d63a0c8c9941b0ff39fd0a3
aihub,train,0,Training/01.원천데이터/TS_주사_측면/Z4_84647_P0_L0.png,Z4_84647_P0_L0.png,Z4_84647,1f190a72100afc91d8d3807c3678c8e8daeff6aa0dff6bdf185050987882692a
aihub,train,0,Training/01.원천데이터/TS_주사_정면/H0_153955_P6_L0.png,H0_153955_P6_L0.png,H0_153955,5379fb3995f20c45620c79e469c7b3c8040342aecbc938607504753b5a394619
aihub,train,0,Training/01.원천데이터/TS_주사_측면/Z4_85896_P0_L0.png,Z4_85896_P0_L0.png,Z4_85896,c8fe12c7c7bad71cb88135437865c8245acbe7fd76ccdf829529c3cd7f31ef78
aihub,train,0,Training/01.원천데이터/TS_주사_측면/Z4_85863_P0_L0.png,Z4_85863_P0_L0.png,Z4_85863,e734f615a0e284d1d957f382f504ba265e49fae04bf7d63dcbd1c34eec450105
aihub,train,0,Training/01.원천데이터/TS_주사_정면/H0_179761_P6_L0.png,H0_179761_P6_L0.png,H0_179761,a133b38f01176ab7ba0f3d1072e1874d6bc8802afcb87e767c3c5902d6871ba6
aihub,train,0,Training/01.원천데이터/TS_주사_측면/Z4_84387_P0_L0.png,Z4_84387_P0_L0.png,Z4_84387,1cc0cfe4844c9008694697fe2bf33794e7088b18f7628436339e8d8b7dd52a69
aihub,train,0,Training/01.원천데이터/TS_주사_측면/Z4_85145_P0_L0.png,Z4_85145_P0_L0.png,Z4_85145,750d8e0ba3b57d5f9a3d457afabb1dd4c5390e4079b053fd5b3644b247304a83
aihub,train,0,Training/01.원천데이터/TS_주사_측면/Z4_84129_P0_L0.png,Z4_84129_P0_L0.png,Z4_84129,781725175aece6d90257b3705a6ccaade8b28c73f5482d79316dcb660ae2fa7c
aihub,train,0,Training/01.원천데이터/TS_주사_측면/Z4_84714_P0_L0.png,Z4_84714_P0_L0.png,Z4_84714,926abcb6d0e843213759799d9d3754ca69081f40acd6d23788f71d76950be745
aihub,train,0,Training/01.원천데이터/TS_주사_측면/Z4_84113_P0_L0.png,Z4_84113_P0_L0.png,Z4_84113,2c4da4463d141d68da6afb4b9cc0013649d81f84f292b8077265bc705f40b998
aihub,train,0,Training/01.원천데이터/TS_주사_측면/Z4_85017_P0_L0.png,Z4_85017_P0_L0.png,Z4_85017,7f1e18fe03aedfa214fc7810890f039a30be0cee106386a62f89d81473b96880
aihub,train,0,Validation/01.원천데이터/VS_주사_정면/H1_382929_P2_L0.png,H1_382929_P2_L0.png,H1_382929,2b8b892d4bd61f40d95ebf064550c0208d033b36d4bed0e91aedf67dad2e437d
aihub,train,0,Training/01.원천데이터/TS_주사_측면/Z4_84293_P0_L0.png,Z4_84293_P0_L0.png,Z4_84293,6a92184babb10264899d8f2cbda46f077cccb3d641b0b52da36cb056d2157095
aihub,train,0,Training/01.원천데이터/TS_주사_정면/H0_169742_P6_L0.png,H0_169742_P6_L0.png,H0_169742,d1bb66129bd490aaecdbfe4011d058825d3d60263da063f36761b8621e3c55a7
aihub,train,0,Training/01.원천데이터/TS_주사_정면/H1_274589_P2_L0.png,H1_274589_P2_L0.png,H1_274589,b60dcb199a4707a69c176046a80ecebaaa293c2005423e2d83b77bc9301a5008
aihub,train,0,Validation/01.원천데이터/VS_주사_측면/Z4_86244_P0_L0.png,Z4_86244_P0_L0.png,Z4_86244,4882652d098277ada7e7f61c3e0a40c4206f7098324d4b203c09e6ef94f05cbb
aihub,train,0,Training/01.원천데이터/TS_주사_정면/H1_272794_P2_L0.png,H1_272794_P2_L0.png,H1_272794,2839e72a7dcf3070e39ca99d961c416f132a64c82866c9911b1dd507ba519667
aihub,train,0,Training/01.원천데이터/TS_주사_정면/H1_269568_P1_L0.png,H1_269568_P1_L0.png,H1_269568,2c2c1ab9a96c30402b736be706401b6faf3440e920b32adab0ed9086dc7732c8
aihub,train,0,Training/01.원천데이터/TS_주사_측면/Z4_85282_P0_L0.png,Z4_85282_P0_L0.png,Z4_85282,68c3d11d728c9623563cf753f0110a47600f1bc23f2b81984421dda257c412dd
aihub,train,0,Training/01.원천데이터/TS_주사_정면/H1_271940_P1_L0.png,H1_271940_P1_L0.png,H1_271940,f26de8ec0e9c1d7c950ad8284a9ace326fe644de5c26fa0505d4b7f66acdd3eb
aihub,train,0,Training/01.원천데이터/TS_주사_측면/Z4_84056_P0_L0.png,Z4_84056_P0_L0.png,Z4_84056,41bf7cd8917887605df974d0a3d757269a8e07319efac3b70dc9c42fceff2367
aihub,train,0,Validation/01.원천데이터/VS_주사_측면/Z4_86225_P0_L0.png,Z4_86225_P0_L0.png,Z4_86225,65848b322121c464b0e69ba7b9b48233b432e8426a5f5d9864d11eb33b07e77a
aihub,train,0,Training/01.원천데이터/TS_주사_측면/Z4_85216_P0_L0.png,Z4_85216_P0_L0.png,Z4_85216,16650ec20601531f8c06797016e2545fe598ed1f7337eb81a580f8a1ec008361
aihub,train,0,Training/01.원천데이터/TS_주사_측면/Z4_84026_P0_L0.png,Z4_84026_P0_L0.png,Z4_84026,1ca065301ac2d9cbff5a9e3dfe6bbb572e203e6ecc8237bb09a540e5dcf002f4
aihub,train,0,Training/01.원천데이터/TS_주사_측면/Z4_84496_P0_L0.png,Z4_84496_P0_L0.png,Z4_84496,fd7780f2d54a40e2722cbe4d95854360000dc0773ec51df2d89363810962b24a
aihub,train,0,Training/01.원천데이터/TS_주사_정면/H0_153662_P1_L0.png,H0_153662_P1_L0.png,H0_153662,46d3c33b3b9fa792a503a21664d92ac49ab102b99c333ff3adafd1e672612817
aihub,train,0,Training/01.원천데이터/TS_주사_측면/Z4_84168_P0_L0.png,Z4_84168_P0_L0.png,Z4_84168,b862ee6cc0fe3ca1621a223410b96fec3053ea6905fe943b650c2d29744138c2
aihub,train,0,Training/01.원천데이터/TS_주사_정면/H0_168629_P1_L0.png,H0_168629_P1_L0.png,H0_168629,f0c41f80676f02d68236e473c7fc4f7a8f8a71cc58c8559da88df8d8f9b6a8c0
aihub,train,0,Training/01.원천데이터/TS_주사_정면/H1_255648_P2_L0.png,H1_255648_P2_L0.png,H1_255648,db563152efa7cdb02f7745d5cbe16e8bd0b02ee2d09a721527aa09dde8a0a66a
aihub,train,0,Training/01.원천데이터/TS_주사_정면/H0_175836_P1_L0.png,H0_175836_P1_L0.png,H0_175836,a76ca8bb77adcbdf9d52c0852e58e633395b5ec6852d6f3b3836685a6aa6b2fb
aihub,train,0,Training/01.원천데이터/TS_주사_측면/Z4_85941_P0_L0.png,Z4_85941_P0_L0.png,Z4_85941,b8cfb676742fa87b0c5a06ce0d3f8076d9f26916e40d1109a65caeea6daae511
aihub,train,0,Training/01.원천데이터/TS_주사_측면/Z4_84034_P0_L0.png,Z4_84034_P0_L0.png,Z4_84034,46059579180f54cea3a2948bdeda2e2b0dbda2b5e121cc076b3ab640e1a8c7da
aihub,train,0,Training/01.원천데이터/TS_주사_측면/Z4_85188_P0_L0.png,Z4_85188_P0_L0.png,Z4_85188,5806ffcc92079c5384187ff18d8d10c0c103b655c1ac0e6b17438fd6fa36f607
aihub,train,0,Training/01.원천데이터/TS_주사_측면/Z4_84469_P0_L0.png,Z4_84469_P0_L0.png,Z4_84469,f61318efd23ed559d2e3888ba3b5a049015e846d66d3f172c9deb2140eef8fea
aihub,train,0,Training/01.원천데이터/TS_주사_측면/Z4_84188_P0_L0.png,Z4_84188_P0_L0.png,Z4_84188,de85779f508745af43e5d031effc34342dcaf5347c3eb732a0880ddcc6d19d3f
aihub,train,0,Training/01.원천데이터/TS_주사_측면/Z4_84060_P0_L0.png,Z4_84060_P0_L0.png,Z4_84060,d17d3f278849e02de334d3afbdabe02a0c0d72606585549aa2346eed26e497d1
aihub,train,0,Training/01.원천데이터/TS_주사_정면/H0_156641_P1_L0.png,H0_156641_P1_L0.png,H0_156641,f645bbc6f6fb85d6c5a38068d54020e981af418febca4a8eab5221d94375e886
aihub,train,0,Training/01.원천데이터/TS_주사_정면/H0_180619_P9_L0.png,H0_180619_P9_L0.png,H0_180619,640b86c5071b568decc4660cea02dccbd1a92c8fa0b993c45ea56af036e53bb9
aihub,train,0,Training/01.원천데이터/TS_주사_정면/H1_277173_P1_L0.png,H1_277173_P1_L0.png,H1_277173,9275062d482673a6d1d23d4b98f3e02b3ca5b30c16526e83a7bd3cbb49810864
aihub,train,0,Training/01.원천데이터/TS_주사_측면/Z4_85865_P0_L0.png,Z4_85865_P0_L0.png,Z4_85865,e44617be94a1a77f5690a3c4e8c90a1fa46e086df36ac43164b00f0ef4f2970a
aihub,train,0,Validation/01.원천데이터/VS_주사_측면/Z4_86197_P0_L0.png,Z4_86197_P0_L0.png,Z4_86197,2740b6bf14e984f6a5e35ea75937d5ef4c821ffa6f170bba12205d482e349d25
aihub,train,0,Training/01.원천데이터/TS_주사_측면/Z4_85883_P0_L0.png,Z4_85883_P0_L0.png,Z4_85883,560756df575980b387d1345d615211e91c9c28996230b9b3ffab1fc6fe3ab2d1
aihub,train,0,Training/01.원천데이터/TS_주사_정면/H0_156237_P6_L0.png,H0_156237_P6_L0.png,H0_156237,7ab85a6c54e912b1054010dc8163309b1b4d47ebe9bd1daef143b876dc445e1f
aihub,train,0,Training/01.원천데이터/TS_주사_정면/H0_182401_P1_L0.png,H0_182401_P1_L0.png,H0_182401,1dd9f5a842fabe65da8d39d03775cd0c0d156bf93984bf0f66941a589d9774bf
aihub,train,0,Training/01.원천데이터/TS_주사_측면/Z4_84494_P0_L0.png,Z4_84494_P0_L0.png,Z4_84494,87cc95df93f53035e3da795e9ddaabda5fb5533423df0fa25f02cec003477a0f
aihub,train,0,Training/01.원천데이터/TS_주사_정면/H0_21461_P1_L0.png,H0_21461_P1_L0.png,H0_21461,10905f9eb88b410801f1573ffc5ef365debabac05e977646bdb7bb9e89a5f59d
aihub,train,0,Training/01.원천데이터/TS_주사_측면/Z4_84269_P0_L0.png,Z4_84269_P0_L0.png,Z4_84269,00e9316f421a4bc6414c55fb2f505b6fea01456b70ca35528b5c16d046379e8d
aihub,train,0,Training/01.원천데이터/TS_주사_측면/Z4_84893_P0_L0.png,Z4_84893_P0_L0.png,Z4_84893,2b608149e804100a1e40913cfd0a96b71ba84937d719e5324c9e51a3f79ff28e
aihub,train,0,Training/01.원천데이터/TS_주사_측면/Z4_85484_P0_L0.png,Z4_85484_P0_L0.png,Z4_85484,18d511385835bd11173004bdaecb5d9295ff291d0c377b5a6aa1a26e48455e4d
aihub,train,0,Training/01.원천데이터/TS_주사_측면/Z4_84502_P0_L0.png,Z4_84502_P0_L0.png,Z4_84502,b3d6f8ce3225b0cea86f8ed92988aa4b5d5a5ea4bfd310e1e1d3b9375256b67c
aihub,train,0,Training/01.원천데이터/TS_주사_정면/H0_148822_P1_L0.png,H0_148822_P1_L0.png,H0_148822,f6e120ee0bf9356fa10f7f37b6d76f090a7139a81850f6ba28a6ba7b38f05720
aihub,train,0,Training/01.원천데이터/TS_주사_측면/Z4_84045_P0_L0.png,Z4_84045_P0_L0.png,Z4_84045,4f115a89e3e20bffcab5fb60b5885a8654a212beaab4f9827e4975a5c89368b3
aihub,train,0,Training/01.원천데이터/TS_주사_정면/H0_170407_P1_L0.png,H0_170407_P1_L0.png,H0_170407,7e0410f4e132d13ec6aac710ebd19197aa1480620e52395caabb22631f6f93d4
aihub,train,0,Validation/01.원천데이터/VS_주사_측면/Z4_86180_P0_L0.png,Z4_86180_P0_L0.png,Z4_86180,d3358acccf137c2842815745223201cb48e8f01ab8ee7f6b0347443df58316f9
aihub,train,0,Training/01.원천데이터/TS_주사_정면/H0_175038_P1_L0.png,H0_175038_P1_L0.png,H0_175038,669d1e35fb8af32b86647dda214d8436ab944b1343e12db14d2c3916c1decb38
aihub,train,0,Training/01.원천데이터/TS_주사_측면/Z4_84187_P0_L0.png,Z4_84187_P0_L0.png,Z4_84187,be1ffefd3d0c5b99725c2ae378ee19609a9c0c9cf4551919dc346c61177c4980
aihub,train,0,Training/01.원천데이터/TS_주사_정면/H0_176284_P8_L0.png,H0_176284_P8_L0.png,H0_176284,d54d2fe34ae75fbcd9a8891852afc11513882dd960df965acc1ae352cc598f1f
aihub,train,0,Validation/01.원천데이터/VS_주사_측면/Z4_86174_P0_L0.png,Z4_86174_P0_L0.png,Z4_86174,e98a3b1cd858716476a9cc84504b757e29dc445527303247117a96f5312596be
aihub,train,0,Training/01.원천데이터/TS_주사_정면/H0_178857_P1_L0.png,H0_178857_P1_L0.png,H0_178857,5f1c78c32ccb2561f03b244a56e3223446b1c117bcff08130c46e31160af0092
aihub,train,0,Validation/01.원천데이터/VS_주사_정면/H1_382015_P1_L0.png,H1_382015_P1_L0.png,H1_382015,6c01b463b1e41af7e2f8c73822b6ee7000438b8511e6809d3f330586eacfe8ac
aihub,train,0,Training/01.원천데이터/TS_주사_측면/Z4_85518_P0_L0.png,Z4_85518_P0_L0.png,Z4_85518,7389aab41fd72651fde568a3ea3cb025db372dc6cf7c93bcb33b5b2e694d89e7
aihub,train,0,Training/01.원천데이터/TS_주사_정면/H0_222875_P1_L0.png,H0_222875_P1_L0.png,H0_222875,f7351a90cc7b0994afba1d3a5a1ea3398f7ff5ce50b1995554419071b55f68a0
aihub,train,0,Training/01.원천데이터/TS_주사_측면/Z4_84352_P0_L0.png,Z4_84352_P0_L0.png,Z4_84352,da1c21b33767b4a8a031ce70cb1a40b2c5e4836f8dba84712ef21f8c1e14908a
aihub,train,0,Training/01.원천데이터/TS_주사_측면/Z4_85464_P0_L0.png,Z4_85464_P0_L0.png,Z4_85464,cf2b57589d9ded83e35c9c2c9801d3103b8442d7787824c5c13b53ea3e80442c
aihub,train,0,Training/01.원천데이터/TS_주사_정면/H0_206284_P1_L1.png,H0_206284_P1_L1.png,H0_206284,20ea077114182a7124de461cf94e23c58be0150122034341fc26ae1c4e1d94fc
aihub,train,0,Training/01.원천데이터/TS_주사_측면/Z4_84065_P0_L0.png,Z4_84065_P0_L0.png,Z4_84065,de7f997382dcd9a8a688107f39e69d43915bbe830ac01e5098d01f240c5a6117
aihub,train,0,Training/01.원천데이터/TS_주사_측면/Z4_84262_P0_L0.png,Z4_84262_P0_L0.png,Z4_84262,079b88b47cead698ad6925e8be862cb0b789a5c4cb1e29f01474c6a9cc5e1eec
aihub,train,0,Training/01.원천데이터/TS_주사_측면/Z4_84223_P0_L0.png,Z4_84223_P0_L0.png,Z4_84223,30d73ccda22dabf788d6c500eaf4c0b1f64d890422e8b72e46057bee95c3faca
aihub,train,0,Training/01.원천데이터/TS_주사_정면/H0_18788_P1_L0.png,H0_18788_P1_L0.png,H0_18788,1d81355cda8e110f781b3dc5ab53a54d9ba64089049e022091a01167db481e94
aihub,train,0,Training/01.원천데이터/TS_주사_측면/Z4_84173_P0_L0.png,Z4_84173_P0_L0.png,Z4_84173,0b1548ae68224e144b7731806e7e3992146c8e0bd4aedfab4ee4dbb0bb8ce735
aihub,train,0,Training/01.원천데이터/TS_주사_정면/H1_315057_P1_L0.png,H1_315057_P1_L0.png,H1_315057,42968140514aee1cbc5e1c454ef1f4d36594b8fa6ae0eab128f7b5c415880276
aihub,train,0,Training/01.원천데이터/TS_주사_정면/H0_180940_P1_L0.png,H0_180940_P1_L0.png,H0_180940,aac9396680ffcba9c5e124631d5a248eddfe9b23152e4fa45050f2e025ae93ac
aihub,train,0,Training/01.원천데이터/TS_주사_측면/Z4_84349_P0_L0.png,Z4_84349_P0_L0.png,Z4_84349,d3b5de61eae9ef163b0299a586ed24e8fb9db7dca53790e8c716d8606b3157e2
aihub,train,0,Validation/01.원천데이터/VS_주사_정면/H1_385246_P1_L0.png,H1_385246_P1_L0.png,H1_385246,616d1bc026c9468dc0f0e078e4ce83e6266dfd28c7e6a3a2e8f954532964ffac
aihub,train,0,Training/01.원천데이터/TS_주사_측면/Z4_84348_P0_L0.png,Z4_84348_P0_L0.png,Z4_84348,0b6c81a962fbb688ad986231064453ae41b77541cb218feeb08cda3d51ca6226
aihub,train,0,Training/01.원천데이터/TS_주사_정면/H0_206128_P1_L0.png,H0_206128_P1_L0.png,H0_206128,26ef7b193b586063ce21b6ad7256a0e35834e44adde97e63d2ea19ab721c866d
aihub,train,0,Validation/01.원천데이터/VS_주사_측면/Z4_86245_P0_L0.png,Z4_86245_P0_L0.png,Z4_86245,3fcfa153107f75853469a2b8284ab50c1622cbc4115a7146804af160eebe1554
aihub,train,0,Validation/01.원천데이터/VS_주사_측면/Z4_86216_P0_L0.png,Z4_86216_P0_L0.png,Z4_86216,a5b50d6e1d4b862dadb99860d5ec532c5d5b76cfbb902596c3e25d5821396e0a
aihub,train,0,Training/01.원천데이터/TS_주사_측면/Z4_85580_P0_L0.png,Z4_85580_P0_L0.png,Z4_85580,f302087842e226a556431b57549077f5481d925f550f8595c9c1177028fefc36
aihub,train,0,Validation/01.원천데이터/VS_주사_측면/Z4_86070_P0_L0.png,Z4_86070_P0_L0.png,Z4_86070,bbfa2a5e6af1d63e99020b238c0f9c4a40c5428290db9d8bd3b3ebf9682e7f23
aihub,train,0,Training/01.원천데이터/TS_주사_측면/Z4_84671_P0_L0.png,Z4_84671_P0_L0.png,Z4_84671,a2db9e90f2b503e863ec0445ad20bc35e3c519329a779dcb058ebdb1595332e9
aihub,train,0,Training/01.원천데이터/TS_주사_측면/Z4_85207_P0_L0.png,Z4_85207_P0_L0.png,Z4_85207,f9cb4c65bcc3ddcdabf6cae952c3d12472306fe3b05af88a526cdd7c3e2f051f
aihub,train,0,Training/01.원천데이터/TS_주사_측면/Z4_84284_P0_L0.png,Z4_84284_P0_L0.png,Z4_84284,f6b6ad67cbc9dccb703e9954aee27760931807ff0c2bfc2f7e44687ec172f82b
aihub,train,0,Training/01.원천데이터/TS_주사_정면/H0_178781_P6_L0.png,H0_178781_P6_L0.png,H0_178781,4cdc096a31052efdb6f0e2a779bd0dc9ecd93e3f9e84e45bb1276afe4cbe9d52
aihub,train,0,Training/01.원천데이터/TS_주사_측면/Z4_84141_P0_L0.png,Z4_84141_P0_L0.png,Z4_84141,db1b969f55c247560db7d2e67baef3249c1b731cc6bca2da6b7c6051651b8ebe
aihub,train,0,Training/01.원천데이터/TS_주사_측면/Z4_84456_P0_L0.png,Z4_84456_P0_L0.png,Z4_84456,7ecbfc3ed46d21c2356e571272b534fc055cfe4653913c36e890ca4d6014fb7b
aihub,train,0,Training/01.원천데이터/TS_주사_정면/H1_272697_P7_L0.png,H1_272697_P7_L0.png,H1_272697,2da84c046d833a230af193f9779259749025fc83695dbfd6e5aee891b14910ce
aihub,train,0,Training/01.원천데이터/TS_주사_측면/Z4_84507_P0_L0.png,Z4_84507_P0_L0.png,Z4_84507,281a20f6ae5b361850ff9014ee1b47ce359bca39d9a02dbf716be0e0d7a4dd29
aihub,train,0,Validation/01.원천데이터/VS_주사_측면/Z4_86052_P0_L0.png,Z4_86052_P0_L0.png,Z4_86052,da0a97fac7c1fdfa6011fac05785a45fc6a2bbbdb2dfd1a15e73418bf90c2104
aihub,train,0,Training/01.원천데이터/TS_주사_측면/Z4_84470_P0_L0.png,Z4_84470_P0_L0.png,Z4_84470,14b38a5c1c43011f52dba0044c2edc4a658ce6c2de0c4d8396c6e15b16c33c25
aihub,train,0,Training/01.원천데이터/TS_주사_측면/Z4_84169_P0_L0.png,Z4_84169_P0_L0.png,Z4_84169,1aa088bbcb7b8c8abb5d7879b8b22f1bb09d6f5f09e0188d010902e8d158570c
aihub,train,0,Training/01.원천데이터/TS_주사_정면/H1_270088_P5_L0.png,H1_270088_P5_L0.png,H1_270088,fb3b03f3600e30be415cf613fca0bdbadead3230c34e474d1a6767c71aeac739
aihub,train,0,Training/01.원천데이터/TS_주사_측면/Z4_85420_P0_L0.png,Z4_85420_P0_L0.png,Z4_85420,69430746f21cbd2be51633781a4ef75e49f649afecc0ea516b7db06e7de4ff76
aihub,train,0,Training/01.원천데이터/TS_주사_측면/Z4_84601_P0_L0.png,Z4_84601_P0_L0.png,Z4_84601,3e21dc541d348cc9eb3c96854ff21a9bf4339d71374eff4466023d9722249b1a
aihub,train,0,Training/01.원천데이터/TS_주사_정면/H1_314744_P1_L0.png,H1_314744_P1_L0.png,H1_314744,44ec4a087df3e35fb0ab390c1e28cc28e7e4366c82dc9504cdef763efb8f11b2
aihub,train,0,Training/01.원천데이터/TS_주사_정면/H0_154458_P1_L0.png,H0_154458_P1_L0.png,H0_154458,f6edabaa81590e028e03c66965ac8fcf89d4bc8cd7ef3074f13d95711beb1829
aihub,train,0,Training/01.원천데이터/TS_주사_측면/Z4_84227_P0_L0.png,Z4_84227_P0_L0.png,Z4_84227,3e2bca17216e678f71b404429d775e3f5a0a3b51c49ef2529c9fe27d791e85e3
aihub,train,0,Validation/01.원천데이터/VS_주사_정면/H1_329061_P2_L0.png,H1_329061_P2_L0.png,H1_329061,6662ce5103373041d6ccabd952147f767c2433aa3f4ce16be105a25ea2494e2a
aihub,train,0,Training/01.원천데이터/TS_주사_정면/H1_314428_P2_L0.png,H1_314428_P2_L0.png,H1_314428,9bb5cf012ccd62ae0a9c6e29905b3f5539c032334dbbbfdfa41021a3cab00481
aihub,train,0,Training/01.원천데이터/TS_주사_정면/H1_316728_P1_L0.png,H1_316728_P1_L0.png,H1_316728,26c3b781aef520968acc003d2d776bacc9c88a17fe2e70101221b6295c71e880
aihub,train,0,Training/01.원천데이터/TS_주사_정면/H0_178831_P1_L0.png,H0_178831_P1_L0.png,H0_178831,eee783b69239ea95bf0ed702c49d78e922a1420715cc62ef7d47becdc2316a5f
aihub,train,0,Validation/01.원천데이터/VS_주사_측면/Z4_86160_P0_L0.png,Z4_86160_P0_L0.png,Z4_86160,e13046d7a0ff6cd02cb59c7f6d76971acb1275038a6fa073c6022b643a088c16
aihub,train,0,Validation/01.원천데이터/VS_주사_정면/H1_387234_P3_L0.png,H1_387234_P3_L0.png,H1_387234,2b15529e4fb14fd3059fecdc360e202cbee786b735378c6210587410dc976411
aihub,train,0,Training/01.원천데이터/TS_주사_정면/H0_177001_P3_L0.png,H0_177001_P3_L0.png,H0_177001,3a9fe94db8d301d27fe0f20ee8005bce1399d8a0a74d834074c1320b43ff1d36
aihub,train,0,Training/01.원천데이터/TS_주사_정면/H1_272684_P2_L0.png,H1_272684_P2_L0.png,H1_272684,a315108579a6bf463cc3f10e46bbd4f43f997e9b884c1fae817b4e9b6eb9011d
aihub,train,0,Training/01.원천데이터/TS_주사_정면/H0_171889_P6_L0.png,H0_171889_P6_L0.png,H0_171889,790e47fdcaabe62e6068be91a16442df4aed94b1f35526738efc582c3f0b6519
aihub,train,0,Training/01.원천데이터/TS_주사_측면/Z4_84124_P0_L0.png,Z4_84124_P0_L0.png,Z4_84124,420a9d2ff4ac0d447383b70074a2e7422d7c57ac6140857ecf44ca6c33eced1c
aihub,train,0,Training/01.원천데이터/TS_주사_정면/H0_171851_P7_L0.png,H0_171851_P7_L0.png,H0_171851,9815ee58094e2fceb388031bcf909b5ccc651fa07510f4186bd417edf6113e62
aihub,train,0,Validation/01.원천데이터/VS_주사_정면/H1_328839_P2_L0.png,H1_328839_P2_L0.png,H1_328839,36b300090ede03a4325ecbc2eb692c30fe60e0c702d22367ed61478ee4672e5e
aihub,train,0,Training/01.원천데이터/TS_주사_정면/H0_148825_P1_L0.png,H0_148825_P1_L0.png,H0_148825,657735f6f8a57193a6ac1211bcc21c9d8a74d9c1f7914662c9814c2d81e0a900
aihub,train,0,Training/01.원천데이터/TS_주사_측면/Z4_85552_P0_L0.png,Z4_85552_P0_L0.png,Z4_85552,0994af86a0a5279fbad3ce0fc9f820338739dd2b4f34edf26c3d01d57fa31fe8
aihub,train,0,Training/01.원천데이터/TS_주사_정면/H0_178606_P5_L0.png,H0_178606_P5_L0.png,H0_178606,4602e257ed985f34d68d196287e9f6934fe3592f8160e532e4cf22535773b8a2
aihub,train,0,Training/01.원천데이터/TS_주사_측면/Z4_84049_P0_L0.png,Z4_84049_P0_L0.png,Z4_84049,38fb92286c6311f1aa197e5937e7a53db85e1258a6c5e3094f2df36431afb9d6
aihub,train,0,Training/01.원천데이터/TS_주사_측면/Z4_85170_P0_L0.png,Z4_85170_P0_L0.png,Z4_85170,b584c78a4c764bbfe011d98a881f3859c02239583d730a7e626a86910e6f0385
aihub,train,0,Training/01.원천데이터/TS_주사_정면/H0_178858_P1_L0.png,H0_178858_P1_L0.png,H0_178858,efadf9ed15868b643eb1dc5c9d157248d13f3dc902e4929def8a8c858a7d1e00
aihub,train,0,Training/01.원천데이터/TS_주사_정면/H0_205870_P9_L1.png,H0_205870_P9_L1.png,H0_205870,58e177925de3fd95eb958771dc7f8f2149c3c64783c94a56d2b7efc1e345410e
aihub,train,0,Training/01.원천데이터/TS_주사_정면/H1_273537_P5_L0.png,H1_273537_P5_L0.png,H1_273537,cc27793dbf337d7777aa3c9884d9c275f7ff129883c8b8f61affcc805bbcd8b2
aihub,train,0,Training/01.원천데이터/TS_주사_측면/Z4_85399_P0_L0.png,Z4_85399_P0_L0.png,Z4_85399,cb9742f8604fb55dea27b4775f853654c19c313d6ab300564a758c63dca87d5d
aihub,train,0,Training/01.원천데이터/TS_주사_측면/Z4_85132_P0_L0.png,Z4_85132_P0_L0.png,Z4_85132,0074beed6263f1e735b7ef4e6ea608f5d12b06649a4d31ce384ebe80462d2cbb
aihub,train,0,Validation/01.원천데이터/VS_주사_측면/Z4_86104_P0_L0.png,Z4_86104_P0_L0.png,Z4_86104,f1d96e43b211fa3adf35f83642d0e33b2b4174330bd7793944ac16e8b859b407
aihub,train,0,Training/01.원천데이터/TS_주사_측면/Z4_85307_P0_L0.png,Z4_85307_P0_L0.png,Z4_85307,7f18f09a8fb6a1a079a77f4cca2929143901632e409305fcc52cd125d47dd4e3
aihub,train,0,Training/01.원천데이터/TS_주사_정면/H1_267738_P1_L0.png,H1_267738_P1_L0.png,H1_267738,64d6210aaace7904b33fb4a65c5a894b35b5f98808be4e06f071530cfd345ae8
aihub,train,0,Training/01.원천데이터/TS_주사_측면/Z4_84990_P0_L0.png,Z4_84990_P0_L0.png,Z4_84990,f0869e95f35c146a3fabd7cce12fe49a1c8e659dacc40edcfff8159ed64d5dd8
aihub,train,0,Training/01.원천데이터/TS_주사_측면/Z4_85525_P0_L0.png,Z4_85525_P0_L0.png,Z4_85525,4ff2f55b4f07945d76cd84dbed1f91f13834fa1ea20eb6fdf487eee2bb625eef
aihub,train,0,Training/01.원천데이터/TS_주사_측면/Z4_84280_P0_L0.png,Z4_84280_P0_L0.png,Z4_84280,03671998a81e50338b854cbcceebc2bc5e33708857154699b5ecf6958454591e
aihub,train,0,Training/01.원천데이터/TS_주사_측면/Z4_84466_P0_L0.png,Z4_84466_P0_L0.png,Z4_84466,eabf5f2c0b67257709e2c2b41349fd03a2b781d9e2d82211d30c7436ec9aa363
aihub,train,0,Training/01.원천데이터/TS_주사_정면/H0_153376_P1_L0.png,H0_153376_P1_L0.png,H0_153376,00f229c05d1259c2b30bdc8c8d0664ed006e3a49947ded71bd91120f2dfc2274
aihub,train,0,Training/01.원천데이터/TS_주사_측면/Z4_84957_P0_L0.png,Z4_84957_P0_L0.png,Z4_84957,fde76f4217ae8fdae00829d8933229a6afe1205f974daada4b8b4d0d24ae961f
aihub,train,0,Training/01.원천데이터/TS_주사_정면/H0_160402_P5_L0.png,H0_160402_P5_L0.png,H0_160402,f21214948666bc1dcf0d5cfac6567a88d2d070db61d3dea1300b69a0d7d5ec25
aihub,train,0,Training/01.원천데이터/TS_주사_측면/Z4_84999_P0_L0.png,Z4_84999_P0_L0.png,Z4_84999,0ba5fd212bc7de97754531d50c0001860c1450c9214c0d80541848542c10cbf8
aihub,train,0,Training/01.원천데이터/TS_주사_측면/Z4_85358_P0_L0.png,Z4_85358_P0_L0.png,Z4_85358,fa54b446c32621793487ac16cd134586439690e509fee7097544b8e4bdeff784
aihub,train,0,Training/01.원천데이터/TS_주사_정면/H0_21163_P1_L0.png,H0_21163_P1_L0.png,H0_21163,36ca0029328a6b600ea02d68238780d2c62ecf4fd9c92b245c007049df171b89
aihub,train,0,Training/01.원천데이터/TS_주사_정면/H0_169077_P4_L0.png,H0_169077_P4_L0.png,H0_169077,2569366357a86b7adcfe5d6edcb300059051c1e1420076573c58881b4c27f1db
aihub,train,0,Training/01.원천데이터/TS_주사_정면/H0_17117_P1_L1.png,H0_17117_P1_L1.png,H0_17117,c7b1f7cd9d221eca11a9ee1b584e013f6f4123790860b6fcd0406da65378b946
aihub,train,0,Training/01.원천데이터/TS_주사_측면/Z4_85013_P0_L0.png,Z4_85013_P0_L0.png,Z4_85013,370be65704bb72efb05d92da0147a5a5cfe9db69c4676fb1b9f334a0ba231b83
aihub,train,0,Training/01.원천데이터/TS_주사_측면/Z4_85952_P0_L0.png,Z4_85952_P0_L0.png,Z4_85952,cb014974e372bae6286ad84f11ef76e673b62d88dbd2ce6d2538f8b8d92b8a55
aihub,train,0,Training/01.원천데이터/TS_주사_측면/Z4_84134_P0_L0.png,Z4_84134_P0_L0.png,Z4_84134,bd51f9cf63770b32cfd1a4b7ca410abaa5f62eaeb0c6d61fa847d8a47077dd3b
aihub,train,0,Training/01.원천데이터/TS_주사_정면/H0_179442_P6_L0.png,H0_179442_P6_L0.png,H0_179442,8727d5ab2f7ef88a52e84f53481b765bd79f4b4a1180851918527b7de3ad2b21
aihub,train,0,Training/01.원천데이터/TS_주사_정면/H1_200068_P1_L2.png,H1_200068_P1_L2.png,H1_200068,100b7ba6a1fc50a51bdc1e01979b2baa497bbecb76036a4cab0bfe58f9723570
aihub,train,0,Training/01.원천데이터/TS_주사_정면/H1_270355_P5_L0.png,H1_270355_P5_L0.png,H1_270355,d71e09db5b72844392d0dc4a730f94303393ca921ff2a7b89de7e16bf4610292
aihub,train,0,Training/01.원천데이터/TS_주사_정면/H0_22930_P1_L0.png,H0_22930_P1_L0.png,H0_22930,38182123c2127bdb6bfd0cf7fd2effb569d236ccdd4e75ba1609a758592f83dc
aihub,train,0,Training/01.원천데이터/TS_주사_정면/H1_313067_P1_L0.png,H1_313067_P1_L0.png,H1_313067,dab6d065625998e7fe7c0991dd7e93cd6a60aedf326d416f5f98fd75173ac589
aihub,train,0,Training/01.원천데이터/TS_주사_정면/H0_178768_P6_L0.png,H0_178768_P6_L0.png,H0_178768,6c0b9417fe95be9c2090fb106eb10badf5af177feca3646dd0a9c958941e95cc
aihub,train,0,Training/01.원천데이터/TS_주사_측면/Z4_84435_P0_L0.png,Z4_84435_P0_L0.png,Z4_84435,8ffd7fa597b85b5d9087728038b9be556891de4974e25eee6a46dc0f4b9e18b9
aihub,train,0,Training/01.원천데이터/TS_주사_측면/Z4_85337_P0_L0.png,Z4_85337_P0_L0.png,Z4_85337,d0a6404c4d386d753032d2196c7437cff4ced0aea49018bb2b832f14f00fc1df
aihub,train,0,Training/01.원천데이터/TS_주사_정면/H0_180101_P4_L0.png,H0_180101_P4_L0.png,H0_180101,40b487c47dba31cbb4e542068b070852773588b394f07c827141a75b1f023672
aihub,train,0,Validation/01.원천데이터/VS_주사_측면/Z4_86040_P0_L0.png,Z4_86040_P0_L0.png,Z4_86040,2f03b50f64f1eb59938f38c6b9c20d2691727584273724111bd714cc53b539f6
aihub,train,0,Training/01.원천데이터/TS_주사_정면/H0_163568_P11_L0.png,H0_163568_P11_L0.png,H0_163568,5489e77d9294a3bbdca202107a0b2ec9424e2dd570e48a603da133c3c2263ab0
aihub,train,0,Training/01.원천데이터/TS_주사_측면/Z4_84897_P0_L0.png,Z4_84897_P0_L0.png,Z4_84897,e3912fcffc9673c658da338a9abf192c1a026b31c9337690be20f58b9342a056
aihub,train,0,Training/01.원천데이터/TS_주사_정면/H1_314711_P2_L0.png,H1_314711_P2_L0.png,H1_314711,3bb7b6ed45e44ae2f2f6b91c7a6a748d9454550c044bf5f17b9cb59a53c27756
aihub,train,0,Training/01.원천데이터/TS_주사_측면/Z4_84967_P0_L0.png,Z4_84967_P0_L0.png,Z4_84967,08e0191194f82e9437ca31fe390b4939a7cd804e93920178445029f74087ad56
aihub,train,0,Training/01.원천데이터/TS_주사_측면/Z4_85346_P0_L0.png,Z4_85346_P0_L0.png,Z4_85346,6348f9dbfbf510de50cca0923681b953e4f835d433300eb3b25f661f427b08af
aihub,train,0,Training/01.원천데이터/TS_주사_정면/H0_186321_P4_L0.png,H0_186321_P4_L0.png,H0_186321,68ad2faa8778a95cec2b931ce84efa677f62eb4b4f214aacd196d8895cf4e3e1
aihub,train,0,Training/01.원천데이터/TS_주사_측면/Z4_84309_P0_L0.png,Z4_84309_P0_L0.png,Z4_84309,57670e65e01d7f52fba78adcea0feeb0f1c4af238c6cb7da1ece97504d82aec7
aihub,train,0,Training/01.원천데이터/TS_주사_측면/Z4_84693_P0_L0.png,Z4_84693_P0_L0.png,Z4_84693,c306612ca63f00526d49b62fbfe7572e4f79af2db2771077ea38efe40ecb316f
aihub,train,0,Training/01.원천데이터/TS_주사_정면/H0_178597_P1_L0.png,H0_178597_P1_L0.png,H0_178597,46e17819193eb1a36ee1632c9ad1d50bdecaa4cbb60abe5aa0eb65f49ca6f617
aihub,train,0,Training/01.원천데이터/TS_주사_측면/Z4_85044_P0_L0.png,Z4_85044_P0_L0.png,Z4_85044,9ebd433710d62a1339aa43a084c2ecca910ec3f210a80a689ab82242cf4d386a
aihub,train,0,Training/01.원천데이터/TS_주사_정면/H0_19969_P1_L0.png,H0_19969_P1_L0.png,H0_19969,45010a8783faa110a72988bee320c671acb11efe198926d4e9af1eb5468cabd0
aihub,train,0,Training/01.원천데이터/TS_주사_측면/Z4_84182_P0_L0.png,Z4_84182_P0_L0.png,Z4_84182,2687d5b4fe36281d19e34f287f662ad97ebeba00bdf585d3b840f0e97353fcfb
aihub,train,0,Training/01.원천데이터/TS_주사_정면/H0_20084_P2_L0.png,H0_20084_P2_L0.png,H0_20084,d6ee401ae2e317df7f0e7aa61529c056e69288555b7d1f58290e3c801a45ea44
aihub,train,0,Training/01.원천데이터/TS_주사_정면/H0_147588_P5_L0.png,H0_147588_P5_L0.png,H0_147588,805782ac312612e5e81850a46ce65d72a7abcce5b2017b961af575e1b7abcbba
aihub,train,0,Training/01.원천데이터/TS_주사_측면/Z4_84202_P0_L0.png,Z4_84202_P0_L0.png,Z4_84202,9ecd259da0e243304b3a5766602288c0a0418dbdfdb355cf01c138347ff87fe9
aihub,train,0,Validation/01.원천데이터/VS_주사_정면/H1_370204_P10_L0.png,H1_370204_P10_L0.png,H1_370204,8a3cd7ecc27d4f3d262fa15a464dee47ef4597e4292c361e4b59d2a5355ca498
aihub,train,0,Training/01.원천데이터/TS_주사_측면/Z4_84484_P0_L0.png,Z4_84484_P0_L0.png,Z4_84484,829a731da4c23b17ed798385b62b33f7fecf479eb437abf50000149dc4a54915
aihub,train,0,Training/01.원천데이터/TS_주사_정면/H0_178997_P5_L0.png,H0_178997_P5_L0.png,H0_178997,a2f2895229c5a7356a1261af532e82e1e827ea0ec538d8f4410f516d2cbedcff
aihub,train,0,Training/01.원천데이터/TS_주사_정면/H0_161790_P1_L0.png,H0_161790_P1_L0.png,H0_161790,db09d875a2fea3e02ef1aa2cf2f32ec5b0da16d63daa184538c70d3c4bb9cbff
aihub,train,0,Training/01.원천데이터/TS_주사_측면/Z4_84127_P0_L0.png,Z4_84127_P0_L0.png,Z4_84127,2d71bfcb04b2133b64f377ba6cb477af3c56db2df9e82eb52ca2444cad30ec7b
aihub,train,0,Training/01.원천데이터/TS_주사_정면/H1_274289_P3_L0.png,H1_274289_P3_L0.png,H1_274289,0993a533b425295b6cfa44fa122a1bc770a5b81b9827250a65f0b862695041af
aihub,train,0,Training/01.원천데이터/TS_주사_정면/H1_200064_P1_L2.png,H1_200064_P1_L2.png,H1_200064,c47137bc048f7e015b25158ef9343bb1c96b0eff6632f4afd262b0faec6f9600
aihub,train,0,Training/01.원천데이터/TS_주사_측면/Z4_85047_P0_L0.png,Z4_85047_P0_L0.png,Z4_85047,d508fd04986fd277225f29b0d7224f0c6e1536cc3ef2fbb7d36e3d1f9a423b7e
aihub,train,0,Validation/01.원천데이터/VS_주사_측면/Z4_86096_P0_L0.png,Z4_86096_P0_L0.png,Z4_86096,377c118cc90c266b2fafffc3358af96900e10a9098481b296f5bb6fe6ad430c7
aihub,train,0,Training/01.원천데이터/TS_주사_측면/Z4_85886_P0_L0.png,Z4_85886_P0_L0.png,Z4_85886,17c8e4bc771684fa3f311a72014f537876fd12c3251777c5ae9ef9b944104f29
aihub,train,0,Training/01.원천데이터/TS_주사_정면/H1_200920_P1_L0.png,H1_200920_P1_L0.png,H1_200920,32f6421db3405900083d3a72aec283cb85b70abe7ad7a5166ff7e119b49441cd
aihub,train,0,Training/01.원천데이터/TS_주사_정면/H0_181754_P6_L0.png,H0_181754_P6_L0.png,H0_181754,325c092c35445bd042e4490004f43dcdf5a24ea5588e826bb5ca7e8e8f77d3c2
aihub,train,0,Training/01.원천데이터/TS_주사_측면/Z4_84263_P0_L0.png,Z4_84263_P0_L0.png,Z4_84263,51ad5e3e5568cb75e32173692fe2d0c8f441a4da0332135ce19e94a084f6451a
aihub,train,0,Training/01.원천데이터/TS_주사_정면/H0_173908_P8_L0.png,H0_173908_P8_L0.png,H0_173908,6a01dd03f65520867d41975fbff72136fd127e866f68bcf44bb976370a9b9aa3
aihub,train,0,Training/01.원천데이터/TS_주사_정면/H1_314610_P1_L0.png,H1_314610_P1_L0.png,H1_314610,d727249c6225cae65e92af2b5b97f2b1ae79f449dfd5dbeca3c034cbfbb37b1d
aihub,train,0,Validation/01.원천데이터/VS_주사_정면/H1_327022_P2_L0.png,H1_327022_P2_L0.png,H1_327022,1d0aa3171214ecb598f6a68adc72cbba3e3d054c3777f5670cd2e5a332c92a51
aihub,train,0,Training/01.원천데이터/TS_주사_정면/H1_276718_P2_L0.png,H1_276718_P2_L0.png,H1_276718,470a04450a624f1dd40cc946fe9cd5e9f64350c5fbeb6b18571ee5cb876f230d
aihub,train,0,Training/01.원천데이터/TS_주사_측면/Z4_84641_P0_L0.png,Z4_84641_P0_L0.png,Z4_84641,d265067dbe57639ed11011d258c64742bc70990ef82f805394cc4dd5ccca0c27
aihub,train,0,Training/01.원천데이터/TS_주사_정면/H0_47240_P1_L0.png,H0_47240_P1_L0.png,H0_47240,4a08316594e7b184b6259cdaf0a9f3439c1159aac83cd0f2593ca4e883e2cfee
aihub,train,0,Training/01.원천데이터/TS_주사_측면/Z4_85431_P0_L0.png,Z4_85431_P0_L0.png,Z4_85431,b24fc23e26c6fafd218ff05ead043ca26edb7232cc496a484879d545131010a6
aihub,train,0,Training/01.원천데이터/TS_주사_정면/H0_150712_P1_L0.png,H0_150712_P1_L0.png,H0_150712,ac4ca83a103ffe201787a2a674da2bc28e4e541688208cc98b300ff7dda27141
aihub,train,0,Training/01.원천데이터/TS_주사_측면/Z4_84015_P0_L0.png,Z4_84015_P0_L0.png,Z4_84015,ec6c23170701a04aa4753d46d6c70e579b2fc0a16d438144e7f22f9f64f7dea9
aihub,train,0,Training/01.원천데이터/TS_주사_정면/H0_206284_P4_L2.png,H0_206284_P4_L2.png,H0_206284,764562ad9612fe76b3ca0061d2d1c3326a9ad45ab0c6148728a69652bc3cb15a
aihub,train,0,Training/01.원천데이터/TS_주사_정면/H0_146767_P7_L0.png,H0_146767_P7_L0.png,H0_146767,9c16d0bc2b85789680d86c187f42e1bb0de239536f540e85b303fa34b4ff24e7
aihub,train,0,Training/01.원천데이터/TS_주사_정면/H0_155540_P8_L0.png,H0_155540_P8_L0.png,H0_155540,8d0407c79b03bdbea4435feb7f4453e856b4b77465061c5ef79b6e13721c4c62
aihub,train,0,Training/01.원천데이터/TS_주사_측면/Z4_84863_P0_L0.png,Z4_84863_P0_L0.png,Z4_84863,6463b9c8c24240f66109d9cdba12f18c774fdad25f41548855f84d6d0425c612
aihub,train,0,Training/01.원천데이터/TS_주사_측면/Z4_84306_P0_L0.png,Z4_84306_P0_L0.png,Z4_84306,67ff924e898b5130c041629db9aca6758dc8424456cebebc349ff084a7284972
aihub,train,0,Training/01.원천데이터/TS_주사_정면/H0_21029_P1_L0.png,H0_21029_P1_L0.png,H0_21029,f5e1f26d9088649532612f50703966966c7b1470888247ab98a0454abd339aa2
aihub,train,0,Training/01.원천데이터/TS_주사_정면/H0_184218_P1_L0.png,H0_184218_P1_L0.png,H0_184218,965b13d666fc407183d2e4e63a5d44ec5119eb5edcbe4b614509e1f7080e715d
aihub,train,0,Training/01.원천데이터/TS_주사_정면/H1_275149_P1_L0.png,H1_275149_P1_L0.png,H1_275149,2ff9261c8b58c8a31bbd30aea564cd5159dd626e683c739d6f9e5426e4c8ac21
aihub,train,0,Training/01.원천데이터/TS_지루_측면/Z4_95383_P0_L0.png,Z4_95383_P0_L0.png,Z4_95383,6bd37519266b63a002cfbe61805229517edf289c659af160b160e2234233863f
aihub,train,0,Training/01.원천데이터/TS_지루_정면/H1_257776_P2_L0.png,H1_257776_P2_L0.png,H1_257776,5ac4b6f118aeb300c56a99243a75ec044daaf3cfb293befb9411d50f25e85b46
aihub,train,0,Training/01.원천데이터/TS_지루_측면/Z4_95629_P0_L0.png,Z4_95629_P0_L0.png,Z4_95629,f28d1b4e563ddc99d159697550d928460ef69446b4b144004efa709789badd1a
aihub,train,0,Training/01.원천데이터/TS_지루_측면/Z4_96129_P0_L0.png,Z4_96129_P0_L0.png,Z4_96129,4ffad1147e3002d0586d7bf7501e4762daf630347032193cee547c5e4cc194a9
aihub,train,0,Training/01.원천데이터/TS_지루_측면/Z4_96182_P0_L0.png,Z4_96182_P0_L0.png,Z4_96182,16998cc5f39c2176845d9dbdba2f2e90dbb40dd82b2b892c8446ef61d8d584f6
aihub,train,0,Training/01.원천데이터/TS_지루_측면/Z4_95515_P0_L0.png,Z4_95515_P0_L0.png,Z4_95515,f80cf4bc08ab35625d88eb75340ae3929f5fd08e62bf1779cae773ebc849a6db
aihub,train,0,Training/01.원천데이터/TS_지루_측면/Z4_95641_P0_L0.png,Z4_95641_P0_L0.png,Z4_95641,f55ff0e64dcbe1e7a4f963cd4e75a9587b76080a976bc6416686de5b5c1ddf79
aihub,train,0,Training/01.원천데이터/TS_지루_정면/H0_48012_P1_L0.png,H0_48012_P1_L0.png,H0_48012,a69c726c4d1e8b55807f5115dbac05d9c160fb8dda732c8488b6eb168a95a814
aihub,train,0,Training/01.원천데이터/TS_지루_측면/Z4_95334_P0_L0.png,Z4_95334_P0_L0.png,Z4_95334,50e3765cb17dee5da1bcf01264bd1ed7f5d1b3039928cd2a70871186dd572da2
aihub,train,0,Training/01.원천데이터/TS_지루_정면/H0_187324_P23_L0.png,H0_187324_P23_L0.png,H0_187324,483ac81e6ba764f4b96874944f8f34048acbfd0c0f069f600984b955a80e1924
aihub,train,0,Training/01.원천데이터/TS_지루_측면/Z4_95333_P0_L0.png,Z4_95333_P0_L0.png,Z4_95333,d469eda66ce3b156b899ddc91d6ce009856660863ddb077f5ff3ebd7f540db91
aihub,train,0,Training/01.원천데이터/TS_지루_측면/Z4_95446_P0_L0.png,Z4_95446_P0_L0.png,Z4_95446,6fe1afedf473c1234d84c805ad3650dfcbde48c763110cf1b560d1ec5e98e700
aihub,train,0,Training/01.원천데이터/TS_지루_정면/H0_168126_P5_L0.png,H0_168126_P5_L0.png,H0_168126,e2339d9f8998d4ce7fdfd3df05936f8c7bd5615298f14203442e32194c88cf1b
aihub,train,0,Validation/01.원천데이터/VS_지루_정면/H3_2095_P1_L0.png,H3_2095_P1_L0.png,H3_2095,de4f4740a65690aded33af34a5e9a5314eb27cf0156d38bc591e1f89cba76e79
aihub,train,0,Training/01.원천데이터/TS_지루_측면/Z4_94147_P0_L0.png,Z4_94147_P0_L0.png,Z4_94147,681255878f2391bcea642c4995a07e5480e4193832c3a40c4c8fa6e93d411a7b
aihub,train,0,Training/01.원천데이터/TS_지루_정면/H0_165325_P9_L0.png,H0_165325_P9_L0.png,H0_165325,9ad4672125aa88b41936bc12b0203c64547a0ee8f071c52ba6250af569103636
aihub,train,0,Training/01.원천데이터/TS_지루_측면/Z4_96016_P0_L0.png,Z4_96016_P0_L0.png,Z4_96016,d2e6d7ea3976afac29dee28a4915dd6a4ab189a57b8b2366cf60b861f12917e7
aihub,train,0,Training/01.원천데이터/TS_지루_정면/H0_182155_P6_L0.png,H0_182155_P6_L0.png,H0_182155,a861112c51a2e1b09f7aa2263df82a0f075e63fb328b38927e2b39b147208b91
aihub,train,0,Training/01.원천데이터/TS_지루_정면/H1_323720_P1_L0.png,H1_323720_P1_L0.png,H1_323720,0ae78df8a75e113304b85f09dd8fe46e23029ac23c73ad0e9a8f28838305db4e
aihub,train,0,Training/01.원천데이터/TS_지루_정면/H1_385741_P1_L0.png,H1_385741_P1_L0.png,H1_385741,7bf28983c4bf3dfeb493894d03c0d9df38e956a4a0dca066d6093204122af0b8
aihub,train,0,Training/01.원천데이터/TS_지루_측면/Z4_96093_P0_L0.png,Z4_96093_P0_L0.png,Z4_96093,fc8e0da961da9bad5d4a2104a64b426405f3378ea45e96005040ae0ae4e441dd
aihub,train,0,Training/01.원천데이터/TS_지루_정면/H1_249465_P3_L2.png,H1_249465_P3_L2.png,H1_249465,52e8fcf09e8b698d27a34e7d3f5b88d09e8adbc349367a2ab9e144e808f39c8a
aihub,train,0,Training/01.원천데이터/TS_지루_정면/H0_46053_P1_L0.png,H0_46053_P1_L0.png,H0_46053,0d031cc798fd87d0ee109fba0f05d8f2597030310768d554a7d87dc68eafe8ac
aihub,train,0,Validation/01.원천데이터/VS_지루_정면/H3_2087_P2_L1.png,H3_2087_P2_L1.png,H3_2087,cd0b322bdca1baff9abde497df902a120bbc8385aa461e1996ad27d8192a34bd
aihub,train,0,Training/01.원천데이터/TS_지루_측면/Z4_94447_P0_L0.png,Z4_94447_P0_L0.png,Z4_94447,e1228af61c2498979ac2602d90fc11e63b7ea05e73539084ee7e1ca27898b9ba
aihub,train,0,Training/01.원천데이터/TS_지루_측면/Z4_94357_P0_L0.png,Z4_94357_P0_L0.png,Z4_94357,f1841f447295f0b95579b7aec573e87d101b56442be326a12f0847e7d112d3df
aihub,train,0,Training/01.원천데이터/TS_지루_정면/H1_300309_P1_L0.png,H1_300309_P1_L0.png,H1_300309,6332bca9ed9bafaaec873288b35808a016f031a5bd9206fea13affb1d23fe20a
aihub,train,0,Validation/01.원천데이터/VS_지루_측면/Z4_96312_P0_L0.png,Z4_96312_P0_L0.png,Z4_96312,00d2aa53b1af5fd83b2c2faf2c72a77f305ba535c3ec08094b0d4c3bc907b7c9
aihub,train,0,Training/01.원천데이터/TS_지루_정면/H1_245045_P1_L0.png,H1_245045_P1_L0.png,H1_245045,4ff4e67f63b95e44ab56012ff3f83ec36fdae0b2115bbe08ff91f03dce8667fc
aihub,train,0,Training/01.원천데이터/TS_지루_정면/H1_291614_P1_L0.png,H1_291614_P1_L0.png,H1_291614,a567502f024443e5fda6ad5fe0d9d33de3650de5fb6cd983557ebcd336bb2331
aihub,train,0,Validation/01.원천데이터/VS_지루_정면/H7_397_P4_L1.png,H7_397_P4_L1.png,H7_397,e548952576e4ba421441fb150f0d0a9f48b41ec89e2a65553facd0a075324a4f
aihub,train,0,Training/01.원천데이터/TS_지루_측면/Z4_94286_P0_L0.png,Z4_94286_P0_L0.png,Z4_94286,46c33660ed5181f2eb5d31de54c60f943c15cdbef69ae12e6cea98bec0b902d0
aihub,train,0,Validation/01.원천데이터/VS_지루_정면/H5_977_P8_L0.png,H5_977_P8_L0.png,H5_977,88dbbb80d5fb2fc5657fe61438baee0899c8f4712c0aeae4e3d8ffee5a73c1a2
aihub,train,0,Validation/01.원천데이터/VS_지루_측면/Z4_98481_P0_L0.png,Z4_98481_P0_L0.png,Z4_98481,4ec8589aebe4f4c0971fb06d72daeb4347696b2d38e286385a699405f837faad
aihub,train,0,Training/01.원천데이터/TS_지루_측면/Z4_96087_P0_L0.png,Z4_96087_P0_L0.png,Z4_96087,7c7de9718f502d26e756296606eb18fde0a989c9c0a9915a1528a7160b7a5ad7
aihub,train,0,Training/01.원천데이터/TS_지루_정면/H0_205881_P4_L1.png,H0_205881_P4_L1.png,H0_205881,6db67a97b96f8ab8749a003064a93fe213b68c8431deb080279ea768f78bbbba
aihub,train,0,Training/01.원천데이터/TS_지루_측면/Z4_94242_P0_L0.png,Z4_94242_P0_L0.png,Z4_94242,0fd4ee1e1326e54af358864254c3ef06dd51744150b3e7b772272e353b5aace6
aihub,train,0,Training/01.원천데이터/TS_지루_정면/H0_73715_P3_L0.png,H0_73715_P3_L0.png,H0_73715,741de1a3dac51c8b08ea291f6c7b668dc6eb0db5cee5964a32928eb2807bedd4
aihub,train,0,Training/01.원천데이터/TS_지루_측면/Z4_96126_P0_L0.png,Z4_96126_P0_L0.png,Z4_96126,4153306eea971369ed7cf1fbe2c21d3cf65490693fda30b5119670308ad27113
aihub,train,0,Training/01.원천데이터/TS_지루_정면/H1_274842_P1_L0.png,H1_274842_P1_L0.png,H1_274842,ea5fe9601bd4f6a5cc71488f62962646a621d7061e7220e07deaba469202c2a1
aihub,train,0,Training/01.원천데이터/TS_지루_측면/Z4_95625_P0_L0.png,Z4_95625_P0_L0.png,Z4_95625,d7f2240a5914b73f164003ab373c077ffea5b3f7bf4f4c37a23b36cd3c06710c
aihub,train,0,Training/01.원천데이터/TS_지루_측면/Z4_95620_P0_L0.png,Z4_95620_P0_L0.png,Z4_95620,9b8509398a73a5ebe6ed385a542f25482af91f7ed591e7d7a74c6b8148bbe2e3
aihub,train,0,Validation/01.원천데이터/VS_지루_측면/Z4_96420_P0_L0.png,Z4_96420_P0_L0.png,Z4_96420,78c52fec25aed9efd48c04233c971efe72e60aa97dd8d2fb683a5afaeaa76509
aihub,train,0,Validation/01.원천데이터/VS_지루_측면/Z4_98458_P0_L0.png,Z4_98458_P0_L0.png,Z4_98458,2cef6299227031b3710b654e34c5053ab2973b343879d5081bea34fc1bdcd606
aihub,train,0,Validation/01.원천데이터/VS_지루_측면/Z4_98482_P0_L0.png,Z4_98482_P0_L0.png,Z4_98482,9c99a51389946795026906590577d8becef2ad3cdcbfade05e88ebc23d0ec36b
aihub,train,0,Training/01.원천데이터/TS_지루_정면/H2_2089_P1_L0.png,H2_2089_P1_L0.png,H2_2089,1a4ea81cd6c97e49dd6fec4de1544a87c07ee995f5312f10d8437a038ea0375c
aihub,train,0,Training/01.원천데이터/TS_지루_측면/Z4_95607_P0_L0.png,Z4_95607_P0_L0.png,Z4_95607,9dccbe7e325e45e09962a7b887b0aef597cbbd113864498180d6f661f6fb2521
aihub,train,0,Training/01.원천데이터/TS_지루_측면/Z4_96099_P0_L0.png,Z4_96099_P0_L0.png,Z4_96099,d65c48a9095dea73e9509f021177a52c0b2a09a0a7d608b8518de109905d34ff
aihub,train,0,Training/01.원천데이터/TS_지루_측면/Z4_95604_P0_L0.png,Z4_95604_P0_L0.png,Z4_95604,c2f15f69b93aba949ef79af44bf38a22c1fa2dd6e514d49f1e74e02bda3f6780
aihub,train,0,Training/01.원천데이터/TS_지루_정면/H1_293185_P5_L0.png,H1_293185_P5_L0.png,H1_293185,82af4bd3e1404796e6fa8a0c9959b5009ee96cd116840d585f1b5abfadb9189d
aihub,train,0,Training/01.원천데이터/TS_지루_정면/H2_2703_P1_L1.png,H2_2703_P1_L1.png,H2_2703,2fd9f1ffbe5d0df4214c41f7eb20413e36b774d64b942446226e6193be734055
aihub,train,0,Training/01.원천데이터/TS_지루_측면/Z4_95621_P0_L0.png,Z4_95621_P0_L0.png,Z4_95621,3ec5b68607c436bbac5b94b652cb289d90045e42cf3cefb9f74dd577c5d8f3d6
aihub,train,0,Training/01.원천데이터/TS_지루_측면/Z4_94253_P0_L0.png,Z4_94253_P0_L0.png,Z4_94253,d62f11894eba2362a99de3f07bb1ac48eebaab543da9b381ea8d352bb3edc801
aihub,train,0,Training/01.원천데이터/TS_지루_측면/Z4_95310_P0_L0.png,Z4_95310_P0_L0.png,Z4_95310,77e6aa644f86e82672eafc8661855896654e8888d0fa084ee2647ba3fd65f215
aihub,train,0,Training/01.원천데이터/TS_지루_측면/Z4_94771_P0_L0.png,Z4_94771_P0_L0.png,Z4_94771,9f7847eaf7f4c092898901568d49f99da5c15e34dd2c9f076d5c6a06a94818f2
aihub,train,0,Training/01.원천데이터/TS_지루_측면/Z4_95264_P0_L0.png,Z4_95264_P0_L0.png,Z4_95264,866faa22171c65a53a8dd5d026bef34d74b30c190f83831670e36407268d7c79
aihub,train,0,Training/01.원천데이터/TS_지루_측면/Z4_95453_P0_L0.png,Z4_95453_P0_L0.png,Z4_95453,2add83decaf4cb9a127f23fb4843c4ba8bb13d5083f16900e7bf5163959f95bb
aihub,train,0,Training/01.원천데이터/TS_지루_정면/H0_177677_P1_L0.png,H0_177677_P1_L0.png,H0_177677,9b9d62390b57efe77de0990f2ab8c3e6e4f8a71772cd03cf4640f8ab53cefb3c
aihub,train,0,Training/01.원천데이터/TS_지루_측면/Z4_95374_P0_L0.png,Z4_95374_P0_L0.png,Z4_95374,c3e88606900fc1322b92b2d81bda11b165b301a70291218fbb7dc3e22da356c7
aihub,train,0,Validation/01.원천데이터/VS_지루_정면/H7_397_P2_L1.png,H7_397_P2_L1.png,H7_397,89cfdc07e399181fe89b5269253c3da1b4be72e68e8c73660394cc01016cb2b3
aihub,train,0,Training/01.원천데이터/TS_지루_측면/Z4_94216_P0_L0.png,Z4_94216_P0_L0.png,Z4_94216,f57368eaf4cf474e9fa589a654ff3083aba63d199405b743fbfef882bf941bc2
aihub,train,0,Training/01.원천데이터/TS_지루_측면/Z4_94057_P0_L0.png,Z4_94057_P0_L0.png,Z4_94057,0d42965de1c3044d658a2b9abb1504032a3c17de7420a2e80f774f61c2d2840d
aihub,train,0,Training/01.원천데이터/TS_지루_정면/H0_73339_P1_L0.png,H0_73339_P1_L0.png,H0_73339,d73a7ab39e3b31e81aa1ba6db69316682fe8939fcd4714312b200236d36867e8
aihub,train,0,Training/01.원천데이터/TS_지루_정면/H0_172385_P2_L0.png,H0_172385_P2_L0.png,H0_172385,e7572cdbdcf1cceea4a670ba6c37c36eb58d9bd8ba9d05049ca438e7bffbfe19
aihub,train,0,Training/01.원천데이터/TS_지루_측면/Z4_94324_P0_L0.png,Z4_94324_P0_L0.png,Z4_94324,08b1dca6ce1464d0500224dbc9a696b10f8f961605597b65568454470bf7eb35
aihub,train,0,Training/01.원천데이터/TS_지루_정면/H0_205953_P9_L1.png,H0_205953_P9_L1.png,H0_205953,f772d7c712f39248bd92680011dd45bbbbd18b6777f681b33c64833b69227608
aihub,train,0,Training/01.원천데이터/TS_지루_정면/H1_277890_P1_L0.png,H1_277890_P1_L0.png,H1_277890,2b31b79d57abb52e35b1ed51b9db6f539f08e55f4c6805b3645291986adb767f
aihub,train,0,Training/01.원천데이터/TS_지루_측면/Z4_94476_P0_L0.png,Z4_94476_P0_L0.png,Z4_94476,c744c4e4b854f7662f3aebcbe9cc27bb8010fb63c232d1173d147a681218c7d7
aihub,train,0,Training/01.원천데이터/TS_지루_정면/H0_47014_P1_L0.png,H0_47014_P1_L0.png,H0_47014,98daae5ac20da80dd1faab90e6af9dac50953bd00961fc6250eef64778d0d663
aihub,train,0,Training/01.원천데이터/TS_지루_정면/H2_6330_P2_L0.png,H2_6330_P2_L0.png,H2_6330,18d4c7ab726341b7211306790b993fb23296444c1d33d98c61c834fb0f632b4a
aihub,train,0,Training/01.원천데이터/TS_지루_측면/Z4_94185_P0_L0.png,Z4_94185_P0_L0.png,Z4_94185,8514cc7947971b8aa2e9fbe46c4bf3eba2a2d257f0531a029b2730985a5c1440
aihub,train,0,Training/01.원천데이터/TS_지루_정면/H2_2201_P5_L0.png,H2_2201_P5_L0.png,H2_2201,12591a1ec9f716093f0248fda8a286e464c803f9422b7b533fa887e9baaa2f7e
aihub,train,0,Training/01.원천데이터/TS_지루_측면/Z4_95595_P0_L0.png,Z4_95595_P0_L0.png,Z4_95595,e0a83a409e3db5aea6a7c1a32ac9f3344be8652c84489ab61976470eadbd0a7a
aihub,train,0,Training/01.원천데이터/TS_지루_측면/Z4_94488_P0_L0.png,Z4_94488_P0_L0.png,Z4_94488,d579104ccab9743ae0cdb6090898ff5eb571441cfa11e32f9517ef79a55715fc
aihub,train,0,Training/01.원천데이터/TS_지루_측면/Z4_94087_P0_L0.png,Z4_94087_P0_L0.png,Z4_94087,3aef5b964641feebd4ac6f3e57c114c8e32a45f7f681aac08bd45dfdfad6876b
aihub,train,0,Training/01.원천데이터/TS_지루_측면/Z4_95053_P0_L0.png,Z4_95053_P0_L0.png,Z4_95053,14600c264ebea83d1077d4e4a49e4ca89df4564b8ac28a18a4031ac90403fa11
aihub,train,0,Training/01.원천데이터/TS_지루_측면/Z4_96070_P0_L0.png,Z4_96070_P0_L0.png,Z4_96070,ba557dd0c3cc863729e278d4b3eaeeb378f32c4f2e85cc7ed02eaf4cee8e464c
aihub,train,0,Training/01.원천데이터/TS_지루_측면/Z4_95993_P0_L0.png,Z4_95993_P0_L0.png,Z4_95993,33120d931fe170457d364a0d53598aa72e57537bbf224d506972db8398e9944c
aihub,train,0,Training/01.원천데이터/TS_지루_정면/H1_202171_P6_L1.png,H1_202171_P6_L1.png,H1_202171,ffebcded7cea1d43cf028b1c784abdfd1a873494bc298b7ba32b4b23fc74c5ce
aihub,train,0,Training/01.원천데이터/TS_지루_측면/Z4_95496_P0_L0.png,Z4_95496_P0_L0.png,Z4_95496,625e43d7b2a2c108395a3685c6fd02d6a3b112b4e5623c3721bb7178b1fd6548
aihub,train,0,Training/01.원천데이터/TS_지루_측면/Z4_94317_P0_L0.png,Z4_94317_P0_L0.png,Z4_94317,d9e16c272314fc53b5f6c9d5b521a2fc01b725c73be43399b3649bc37199703a
aihub,train,0,Training/01.원천데이터/TS_지루_측면/Z4_95292_P0_L0.png,Z4_95292_P0_L0.png,Z4_95292,70638792c8aca8703480b84c0857b0ff7d90ce8a25b4e0cade1dc7b51be1d450
aihub,train,0,Training/01.원천데이터/TS_지루_측면/Z4_94056_P0_L0.png,Z4_94056_P0_L0.png,Z4_94056,ec6ffd46ba580ae57f782f6edf0eda1614ae25289d3363f399275fc1d859406b
aihub,train,0,Training/01.원천데이터/TS_지루_정면/H1_313445_P1_L0.png,H1_313445_P1_L0.png,H1_313445,66c0aeebd030b527e953469fee943a8578e8020861aa7fb172debf03daec5150
aihub,train,0,Training/01.원천데이터/TS_지루_측면/Z4_95721_P0_L0.png,Z4_95721_P0_L0.png,Z4_95721,c27d565e2f02de1863a56a4b3fc3ed6cc815e1838ed3037b8c117edfffd59dd0
aihub,train,0,Training/01.원천데이터/TS_지루_정면/H2_2195_P1_L0.png,H2_2195_P1_L0.png,H2_2195,00931d9aed742dbf54f5c88049ba98db7a017e30f6cac227100e3dfd5421ef34
aihub,train,0,Training/01.원천데이터/TS_지루_정면/H1_272805_P1_L0.png,H1_272805_P1_L0.png,H1_272805,4f5642e6fef32c0e75774382a4e875351e3d189b56e1cb564e8a7797ed33fe86
aihub,train,0,Training/01.원천데이터/TS_지루_측면/Z4_94154_P0_L0.png,Z4_94154_P0_L0.png,Z4_94154,0786e6a67e75a84394e4f1c85025167a395d2da51e637944b69690ade147cfba
aihub,train,0,Training/01.원천데이터/TS_지루_정면/H1_278907_P6_L0.png,H1_278907_P6_L0.png,H1_278907,b02a176a65849681f7f5309ec49cab216341182797b902c7a1a0ee87971397e5
aihub,train,0,Training/01.원천데이터/TS_지루_정면/H1_99168_P4_L0.png,H1_99168_P4_L0.png,H1_99168,f4b1ca29d25eca55eb92f6131399a93e458938d485633125c5222e92e6188ec0
aihub,train,0,Training/01.원천데이터/TS_지루_정면/H0_188436_P1_L0.png,H0_188436_P1_L0.png,H0_188436,2a9f5d385f40263412139e355dc365fcc15246f2ebb39d705ce47e2476d943af
aihub,train,0,Training/01.원천데이터/TS_지루_측면/Z4_95690_P0_L0.png,Z4_95690_P0_L0.png,Z4_95690,cd16c4e6bba9e4e186da675bb037e39cd87c250bc750172759c76a6fc6152da6
aihub,train,0,Training/01.원천데이터/TS_지루_정면/H1_99179_P5_L0.png,H1_99179_P5_L0.png,H1_99179,816634245122bc138c2bf4871a66b993d7611eeb03c32150cb6f490a7f9d624a
aihub,train,0,Training/01.원천데이터/TS_지루_측면/Z4_94558_P0_L0.png,Z4_94558_P0_L0.png,Z4_94558,62b706be92e8039e54f12730793a87e107380c5b4313866771ab5e5f7f756553
aihub,train,0,Training/01.원천데이터/TS_지루_측면/Z4_95434_P0_L0.png,Z4_95434_P0_L0.png,Z4_95434,0a664c5926048a5a11dcbeda06e8093684b5137de18a1fa7300cf5c756bd9380
aihub,train,0,Training/01.원천데이터/TS_지루_정면/H1_98087_P4_L0.png,H1_98087_P4_L0.png,H1_98087,dc03a277547ac705a23f412070ba9740d3188eb26c04669f828ad80faf7ff514
aihub,train,0,Training/01.원천데이터/TS_지루_정면/H0_177382_P1_L0.png,H0_177382_P1_L0.png,H0_177382,1d1d984c0d57d2e9fb6c2077f7c38398cd3fca9fe5ae1ea44e084752c086671b
aihub,train,0,Training/01.원천데이터/TS_지루_측면/Z4_94023_P0_L0.png,Z4_94023_P0_L0.png,Z4_94023,c60474ad00c684f35f06c09b8fd2a62b089e605271d69ffd34bef3c011f5a59a
aihub,train,0,Training/01.원천데이터/TS_지루_정면/H1_312552_P2_L0.png,H1_312552_P2_L0.png,H1_312552,6a874409e7566652a37c31c610467f97278754f051c3cc6b7ccefb866a92c7db
aihub,train,0,Training/01.원천데이터/TS_지루_정면/H1_257082_P38_L0.png,H1_257082_P38_L0.png,H1_257082,114f1a808fa13169fbd0a94e2f62b57a69d81fffe3d5803dd561745261403eea
aihub,train,0,Validation/01.원천데이터/VS_지루_측면/Z4_96411_P0_L0.png,Z4_96411_P0_L0.png,Z4_96411,78f3fbaaf931659fb074951e2ce71f76d9fd642ee78f4acb67e257f602e8c7d2
aihub,train,0,Training/01.원천데이터/TS_지루_측면/Z4_95529_P0_L0.png,Z4_95529_P0_L0.png,Z4_95529,9a4172833d767aa565f6844b16dbbd808270233ff25cb65f7f529d6c51dc1769
aihub,train,0,Training/01.원천데이터/TS_지루_측면/Z4_95415_P0_L0.png,Z4_95415_P0_L0.png,Z4_95415,a66af29339dda302e0a75c4fa948370c06ea39525f6b112a99bb68b07e83f9dd
aihub,train,0,Training/01.원천데이터/TS_지루_측면/Z4_95401_P0_L0.png,Z4_95401_P0_L0.png,Z4_95401,66d9bb51b19f5acca06ba72937ea584a7a16a158c3d3d2667b8b1bbe34f8fa4e
aihub,train,0,Training/01.원천데이터/TS_지루_정면/H0_160324_P5_L0.png,H0_160324_P5_L0.png,H0_160324,31463449edafb313d11e4db45d1abb1cba7f9048f7acb5bb68424fe457b014ef
aihub,train,0,Training/01.원천데이터/TS_지루_정면/H0_175458_P1_L0.png,H0_175458_P1_L0.png,H0_175458,b1b69c6c4fb4c0cced996845175996353c340eaa347f55e828a3e9e9abd3692d
aihub,train,0,Validation/01.원천데이터/VS_지루_정면/H3_2087_P2_L3.png,H3_2087_P2_L3.png,H3_2087,0adc8a30e718a8bb5d2571a344b7a6aaf66873b21efed357bf1914ae7bb9fcc8
aihub,train,0,Training/01.원천데이터/TS_지루_정면/H1_392500_P4_L0.png,H1_392500_P4_L0.png,H1_392500,179eee9dd3db04b249ddc285c56e3b6ec73d3d56465ef51bc11a5431d45f70df
aihub,train,0,Training/01.원천데이터/TS_지루_정면/H1_283520_P1_L0.png,H1_283520_P1_L0.png,H1_283520,2c86eb5b01b236289a1e0b7899cbe858bc657193c9c3c8a10cdb964456f5432b
aihub,train,0,Training/01.원천데이터/TS_지루_정면/H0_21654_P1_L2.png,H0_21654_P1_L2.png,H0_21654,9c4d7bdd79cbbc86c8ddd7fa24bc6b9755fc9202cd4d7f0e0660762097aa9930
aihub,train,0,Validation/01.원천데이터/VS_지루_정면/H5_834_P1_L0.png,H5_834_P1_L0.png,H5_834,6ddf804a59fef0632ec120413cc7e7506841d23aa5dbe407f44a244175ebeb7c
aihub,train,0,Training/01.원천데이터/TS_지루_정면/H0_178155_P1_L0.png,H0_178155_P1_L0.png,H0_178155,8dd937ad5066a4c4e93f999131027d469f3cf903ac719e095fa9dd0e03a9c1aa
aihub,train,0,Training/01.원천데이터/TS_지루_측면/Z4_96174_P0_L0.png,Z4_96174_P0_L0.png,Z4_96174,bdf03d9936b9a174b82a1aae208073f079821bafc0eae40558135fcc485a078d
aihub,train,0,Training/01.원천데이터/TS_지루_정면/H1_267621_P3_L0.png,H1_267621_P3_L0.png,H1_267621,9cfe6fe79730c41725b239c4b56d50ad3ba4e22f5cb37557e6354ec628a93879
aihub,train,0,Training/01.원천데이터/TS_지루_측면/Z4_95036_P0_L0.png,Z4_95036_P0_L0.png,Z4_95036,78d09f2cfb88af39cba7b8450347bd9c5cc68953f78ad953f5297ed61b46594f
aihub,train,0,Training/01.원천데이터/TS_지루_정면/H1_272299_P1_L0.png,H1_272299_P1_L0.png,H1_272299,3fe595d68659025425666b77d55cd9d3319786c571b7cc321f69ab87c566a0a9
aihub,train,0,Training/01.원천데이터/TS_지루_정면/H1_386763_P1_L0.png,H1_386763_P1_L0.png,H1_386763,a45a774781d4421ed7cedb786f9cfbff69fc05574191cc86cc7f3ba5606a2662
aihub,train,0,Training/01.원천데이터/TS_지루_측면/Z4_96242_P0_L0.png,Z4_96242_P0_L0.png,Z4_96242,baff4c96d2261e733443773777f1cc3071c8907e136b91ecc63ed1adf99d80b8
aihub,train,0,Training/01.원천데이터/TS_지루_정면/H0_90299_P3_L0.png,H0_90299_P3_L0.png,H0_90299,427d678b0a4f82873f09de6e3af7d31cfcda3d5e12ef4391466c032e4e9e94a7
aihub,train,0,Validation/01.원천데이터/VS_지루_측면/Z4_98496_P0_L0.png,Z4_98496_P0_L0.png,Z4_98496,f8c9216401c61641a8e661402af3070662a53bf4657711b4a5c595b0d4258bbb
aihub,train,0,Training/01.원천데이터/TS_지루_측면/Z4_95138_P0_L0.png,Z4_95138_P0_L0.png,Z4_95138,16422c0117f851cd56ffdcdb3987d048ecec9beb304518ac82bff749bf66be24
aihub,train,0,Training/01.원천데이터/TS_지루_정면/H0_14099_P2_L0.png,H0_14099_P2_L0.png,H0_14099,43cc27667fbdf46279b52a6467fe60911ab4b388791f492e38510c64d9a609e9
aihub,train,0,Training/01.원천데이터/TS_지루_정면/H0_88555_P1_L1.png,H0_88555_P1_L1.png,H0_88555,6fe7337b491ee8122c97ebeab05c278806e5a71875baa5be4f693ff8104f6921
aihub,train,0,Training/01.원천데이터/TS_지루_정면/H0_45515_P1_L0.png,H0_45515_P1_L0.png,H0_45515,4a8e922bee04039f7864e80cb8d821780645571b6a8347ce7ee87847b5572b5b
aihub,train,0,Validation/01.원천데이터/VS_지루_정면/H7_2361_P4_L4.png,H7_2361_P4_L4.png,H7_2361,6d9cb5412368a21fb406b3cbb317a8e153ac2c5a9c88e1666b59b8bea9400b9a
aihub,train,0,Validation/01.원천데이터/VS_지루_측면/Z4_98527_P0_L0.png,Z4_98527_P0_L0.png,Z4_98527,ff1d078b2b01d79580487bee53f25808047ac399dc6bcd4065b4fae610c3158d
aihub,train,0,Training/01.원천데이터/TS_지루_정면/H1_249465_P3_L0.png,H1_249465_P3_L0.png,H1_249465,801ebaca7ff1233a1698cdab60a141c33fbb0fa20c1349f2e30f13246f4b8e71
aihub,train,0,Training/01.원천데이터/TS_지루_측면/Z4_95521_P0_L0.png,Z4_95521_P0_L0.png,Z4_95521,40e27e27cd858b2c21e4e60fb67ebd95f0ada17c9d4417069b88ddbdaa8fa4c0
aihub,train,0,Training/01.원천데이터/TS_지루_정면/H0_162052_P1_L0.png,H0_162052_P1_L0.png,H0_162052,ab19e3e6b33efe68c51efdb3af36b863e27c0a492cc6d27ed9b2bf03a82df2a7
aihub,train,0,Training/01.원천데이터/TS_지루_정면/H0_156188_P1_L0.png,H0_156188_P1_L0.png,H0_156188,d5d89dbd0b52f1876011feee4c53c878f2e8b95c09a63892fc3b5551a45601c9
aihub,train,0,Training/01.원천데이터/TS_지루_정면/H1_93587_P7_L0.png,H1_93587_P7_L0.png,H1_93587,a00b9fe971d4ffb22da2d10992d67d3a445e74dda457493191055fb791c5a5ea
aihub,train,0,Training/01.원천데이터/TS_지루_정면/H1_280279_P2_L0.png,H1_280279_P2_L0.png,H1_280279,767c3db7968a0a0e24fea2b1b49d8d14616167af83fb4a26190ccceee649152a
aihub,train,0,Training/01.원천데이터/TS_지루_정면/H1_382000_P1_L1.png,H1_382000_P1_L1.png,H1_382000,8ca51f8504e88aa3a20d548fb5f08cc482682dc697052eee289b3c8b5a10c463
aihub,train,0,Training/01.원천데이터/TS_지루_정면/H1_249400_P1_L0.png,H1_249400_P1_L0.png,H1_249400,3e08870214290a067640b1c716d135f58528a7be026b4a70811a72268eae927b
aihub,train,0,Training/01.원천데이터/TS_지루_정면/H1_293915_P2_L0.png,H1_293915_P2_L0.png,H1_293915,5aaada0c1001279214963f438eabfce4c3d9a967676de308580b069a982f6a16
aihub,train,0,Training/01.원천데이터/TS_지루_정면/H0_175985_P1_L0.png,H0_175985_P1_L0.png,H0_175985,54663ba617c43a3df9bf785f603d98f727e80847c2c4f341488f139fe0e9a1b6
aihub,train,0,Training/01.원천데이터/TS_지루_측면/Z4_94092_P0_L0.png,Z4_94092_P0_L0.png,Z4_94092,bc836d7e1f7719ab92aa4ec29eebaf0467754199ca76e4d5823ee342b3388f9b
aihub,train,0,Training/01.원천데이터/TS_지루_측면/Z4_94434_P0_L0.png,Z4_94434_P0_L0.png,Z4_94434,7c2793fd88086d286a5013eec4ebaaa74aebcce616c182a1217eb12a77fbfbfa
aihub,train,0,Training/01.원천데이터/TS_지루_정면/H0_205795_P4_L1.png,H0_205795_P4_L1.png,H0_205795,69bb3472be22e27cb7009dc9dcf5aadc71267438906d096825a1dbea611ab91c
aihub,train,0,Training/01.원천데이터/TS_지루_측면/Z4_96086_P0_L0.png,Z4_96086_P0_L0.png,Z4_96086,de9abc28eaf443b6cdc6998885cd6120347d814ea3f5102e559c492e86415dd4
aihub,train,0,Training/01.원천데이터/TS_지루_정면/H0_177960_P6_L0.png,H0_177960_P6_L0.png,H0_177960,47e9d1af0b999029821cc938c4fd2ba46e7c42afb4547a0843d5fc799e254b08
aihub,train,0,Training/01.원천데이터/TS_지루_측면/Z4_94269_P0_L0.png,Z4_94269_P0_L0.png,Z4_94269,0989511355921faabd160928563a03a62625b54574ac9dcb3e40c6895346b580
aihub,train,0,Training/01.원천데이터/TS_지루_정면/H1_99167_P6_L1.png,H1_99167_P6_L1.png,H1_99167,5dfbff19f64bbadddef1200531b44fa0086ef4a688edb92efb71e7ea86d914dd
aihub,train,0,Training/01.원천데이터/TS_지루_측면/Z4_94393_P0_L0.png,Z4_94393_P0_L0.png,Z4_94393,565a23f47b01bcf16e16161d9795263e8144562b57aac6e7f362b07d879f4e54
aihub,train,0,Training/01.원천데이터/TS_지루_측면/Z4_95119_P0_L0.png,Z4_95119_P0_L0.png,Z4_95119,d6a732e8fa9f39a22bb0b7c4ac3088036dfd237386c5e276d444a042d4c25593
aihub,train,0,Training/01.원천데이터/TS_지루_측면/Z4_94175_P0_L0.png,Z4_94175_P0_L0.png,Z4_94175,0fad431021b9547e5ef4d21a5ef7b664de281bdf25e57fdd34ff8bf4761a775c
aihub,train,0,Validation/01.원천데이터/VS_지루_측면/Z4_96367_P0_L0.png,Z4_96367_P0_L0.png,Z4_96367,a769be955cbba534fdb6d5c101d5b52e0a974256bd636c833c0703652e44ac8d
aihub,train,0,Training/01.원천데이터/TS_지루_측면/Z4_95291_P0_L0.png,Z4_95291_P0_L0.png,Z4_95291,f497c33eaf6b2f5f85724a4b435713eb4736d9fafdd8404242a67af486a44716
aihub,train,0,Training/01.원천데이터/TS_지루_측면/Z4_95511_P0_L0.png,Z4_95511_P0_L0.png,Z4_95511,e732c3cd1ad4dd5a51edbcd2fbbc1e60e08361d299ed404cb1685cc19f7a5c5f
aihub,train,0,Training/01.원천데이터/TS_지루_측면/Z4_94413_P0_L0.png,Z4_94413_P0_L0.png,Z4_94413,06bdac5594706bdfed54a35461c142df56fe1428b17f6d064aff0a917bfe12cc
aihub,train,0,Training/01.원천데이터/TS_지루_측면/Z4_94199_P0_L0.png,Z4_94199_P0_L0.png,Z4_94199,4ad251a1e4293a4e6d50796526a437f41fe15d380fc5da86787509204d99aa5b
aihub,train,0,Training/01.원천데이터/TS_지루_측면/Z4_95430_P0_L0.png,Z4_95430_P0_L0.png,Z4_95430,66b6b356d54b0963d47d93cbb93f4080942264f6721a259f384aac3e39e907a7
aihub,train,0,Training/01.원천데이터/TS_지루_정면/H0_164118_P1_L0.png,H0_164118_P1_L0.png,H0_164118,a70cf6495a28f675b6f4754d5ac33dabda4965f016dd9dd3749164f80932f645
aihub,train,0,Validation/01.원천데이터/VS_지루_정면/H5_993_P8_L2.png,H5_993_P8_L2.png,H5_993,21946a9453360dca58f5dada48e3c95dc637d259cf1209f980526d088c20ac0b
aihub,train,0,Validation/01.원천데이터/VS_지루_측면/Z4_96386_P0_L0.png,Z4_96386_P0_L0.png,Z4_96386,eb0b29004f8fff200131cbfd65cf97fd42589bd3967de9af05f8763189ae120f
aihub,train,0,Training/01.원천데이터/TS_지루_측면/Z4_94320_P0_L0.png,Z4_94320_P0_L0.png,Z4_94320,769ed8b962320ed18d6cfe43e84cc67846ab173852bf16a326599278becf7320
aihub,train,0,Training/01.원천데이터/TS_지루_측면/Z4_95915_P0_L0.png,Z4_95915_P0_L0.png,Z4_95915,0f1a14920f0cb22fca9be6f08ae8e2a8ba39de215285e521e165ce235d565f0d
aihub,train,0,Validation/01.원천데이터/VS_지루_정면/H7_2353_P2_L1.png,H7_2353_P2_L1.png,H7_2353,d8c1ca8b12c831043ca7dc1d3e88a55a00efabf29a30d142505d5c08262b6ba4
aihub,train,0,Training/01.원천데이터/TS_지루_정면/H0_178954_P4_L0.png,H0_178954_P4_L0.png,H0_178954,b1f29db8e9466a6a4292b508a2a117ce4e52c1469fcf288cf4879e67ab5f9baa
aihub,train,0,Training/01.원천데이터/TS_지루_정면/H0_180311_P1_L0.png,H0_180311_P1_L0.png,H0_180311,35296b9520f663e5726864457a364354cf36de29ebe9522d7ff3c1f24bb02479
aihub,train,0,Training/01.원천데이터/TS_지루_측면/Z4_95233_P0_L0.png,Z4_95233_P0_L0.png,Z4_95233,63e3871344d58df7d000f69e06eb812797a1a89c380ce134d755dbe2e707a373
aihub,train,0,Training/01.원천데이터/TS_지루_정면/H0_91196_P8_L0.png,H0_91196_P8_L0.png,H0_91196,7b4bcfa1084ab127ba74d9b6812a84d7d5a63241b53c8dc8b3dfd6f1998e4096
aihub,train,0,Training/01.원천데이터/TS_지루_정면/H0_178042_P1_L0.png,H0_178042_P1_L0.png,H0_178042,348be7afa7730213312723906456306defab5f3298c818aa4719458fd3888664
aihub,train,0,Training/01.원천데이터/TS_지루_정면/H0_219172_P1_L0.png,H0_219172_P1_L0.png,H0_219172,71dde684e6b75c529b0265411cbe81cd8a8491815931b6ace287dacbcfb1089b
aihub,train,0,Training/01.원천데이터/TS_지루_정면/H1_312478_P1_L0.png,H1_312478_P1_L0.png,H1_312478,aac39dcc14b171ae62a6b4a1d4dcffbdc00c6284b4bc8b205eb3fcb120776664
aihub,train,0,Training/01.원천데이터/TS_지루_측면/Z4_95325_P0_L0.png,Z4_95325_P0_L0.png,Z4_95325,53badac48f8a30dc954ac14645673647c090070e359d93e1ce54f8f77c5803a8
aihub,train,0,Training/01.원천데이터/TS_지루_측면/Z4_95017_P0_L0.png,Z4_95017_P0_L0.png,Z4_95017,2cc0ee9ac7bcb0050dc47475bfb2d293f992918e33b701a4e8bc248b57e38259
aihub,train,0,Training/01.원천데이터/TS_지루_측면/Z4_94601_P0_L0.png,Z4_94601_P0_L0.png,Z4_94601,7779d79e4f7f061f2ff10c435c0ecd8ba401cebbc96cf4d2ed7a433ee2e198e4
aihub,train,0,Training/01.원천데이터/TS_지루_측면/Z4_96179_P0_L0.png,Z4_96179_P0_L0.png,Z4_96179,0c74940d5f4ca388310efa1293ca79363cabde5960b639c4f58159f6c793b4c4
aihub,train,0,Validation/01.원천데이터/VS_지루_측면/Z4_96393_P0_L0.png,Z4_96393_P0_L0.png,Z4_96393,9111849e7bf168bf375a186e0b356c5195eef26bbc5976d79ad83990af51da42
aihub,train,0,Training/01.원천데이터/TS_지루_정면/H1_322722_P1_L0.png,H1_322722_P1_L0.png,H1_322722,3355baae585de81ac5e4601e8b92bcb1c3b6165d131cc02a1d198b5e9bf8a03f
aihub,train,0,Training/01.원천데이터/TS_지루_측면/Z4_95214_P0_L0.png,Z4_95214_P0_L0.png,Z4_95214,d7e94a2aa5645281f000376dfc17205a58a37f1bbf983cfca2e39f8ed02a060e
aihub,train,0,Validation/01.원천데이터/VS_지루_정면/H7_2267_P4_L3.png,H7_2267_P4_L3.png,H7_2267,6a96ebdd7c464695b53c8945bfa9ea77403a321fc8ef2236158d8d86ecd3bf90
aihub,train,0,Training/01.원천데이터/TS_지루_측면/Z4_95798_P0_L0.png,Z4_95798_P0_L0.png,Z4_95798,d978e957cb55c22569737ba17bc47011044a511b9dc53cf3470077923f8b0dd7
aihub,train,0,Training/01.원천데이터/TS_지루_정면/H0_205880_P1_L2.png,H0_205880_P1_L2.png,H0_205880,d391933c91a0f5c3b27c58f9e15d633548891d55ebb4c428d1fe75f9b9cf41ec
aihub,train,0,Training/01.원천데이터/TS_지루_측면/Z4_95493_P0_L0.png,Z4_95493_P0_L0.png,Z4_95493,d5af1d69823fc50038051b10791624e5a01510abd79d9e9798d44e04766c68f6
aihub,train,0,Training/01.원천데이터/TS_지루_측면/Z4_95474_P0_L0.png,Z4_95474_P0_L0.png,Z4_95474,5f30eefb0e6b4015e841cf543202e2757d37b842b0925778b752999b45f86325
aihub,train,0,Training/01.원천데이터/TS_지루_측면/Z4_94641_P0_L0.png,Z4_94641_P0_L0.png,Z4_94641,e266f9ffd6fc4d5e2dc6ef8afe9070f5bdaea57ae593ac80b2357328824e68b9
aihub,train,0,Training/01.원천데이터/TS_지루_정면/H1_272068_P1_L0.png,H1_272068_P1_L0.png,H1_272068,0b388431b6d4327287a4342c3084b3be3dca6fadcd3125ae559ced968419dd63
aihub,train,0,Training/01.원천데이터/TS_지루_측면/Z4_94116_P0_L0.png,Z4_94116_P0_L0.png,Z4_94116,15a50384d0ddcddccd0defb49b1ec57c221fb138a27c7b4a6abf3a404a5c64de
aihub,train,0,Training/01.원천데이터/TS_지루_정면/H1_275782_P3_L0.png,H1_275782_P3_L0.png,H1_275782,5e5ff05ae78d54bade3ef20ebd3011dba6be8b40e7d33e284c096b7534a70960
aihub,train,0,Training/01.원천데이터/TS_지루_정면/H1_394905_P1_L0.png,H1_394905_P1_L0.png,H1_394905,1a80cd8493a82e862f94a9dee878e7cac9f73e1b41794d5b2528ab6223badb28
aihub,train,0,Training/01.원천데이터/TS_지루_측면/Z4_94184_P0_L0.png,Z4_94184_P0_L0.png,Z4_94184,2ba9c3befc26d632c82a9c72becaa9c2b4dcab33a6e091e7835c9d565ecf6fdb
aihub,train,0,Training/01.원천데이터/TS_지루_측면/Z4_94024_P0_L0.png,Z4_94024_P0_L0.png,Z4_94024,138c46fa965ad12cf6f97c1ba72739fb8cabeb40a33039ee5b608101f751fc1d
aihub,train,0,Training/01.원천데이터/TS_지루_측면/Z4_96008_P0_L0.png,Z4_96008_P0_L0.png,Z4_96008,6d5430b7c2f72e8a8f1d61b6fbd9cb9ffe171bff30844c366c7d7e8e7b59c52c
aihub,train,0,Training/01.원천데이터/TS_지루_정면/H1_370155_P1_L0.png,H1_370155_P1_L0.png,H1_370155,3fbca85bb72d773ddc61bcefba56aa80b5585cf22f9854f3c7ec47ac7d4e2d91
aihub,train,0,Training/01.원천데이터/TS_지루_측면/Z4_95559_P0_L0.png,Z4_95559_P0_L0.png,Z4_95559,57c13dbb5b8caa6423f99a347bbee97df2e9d35b0e6e06ebb0f14ac024246c7f
aihub,train,0,Training/01.원천데이터/TS_지루_정면/H1_287294_P2_L0.png,H1_287294_P2_L0.png,H1_287294,29c41cb462f7ba5a14f2b1e8fdca02ffb1f2ec6e4a32b4ab794025cabb7e740c
aihub,train,0,Training/01.원천데이터/TS_지루_측면/Z4_95699_P0_L0.png,Z4_95699_P0_L0.png,Z4_95699,b96a7277cc36a1e942bbb343a46928c01d48b3910a584a4622e5d9bdcbf55573
aihub,train,0,Training/01.원천데이터/TS_지루_정면/H0_178057_P6_L0.png,H0_178057_P6_L0.png,H0_178057,369d8786dcd3a64e2eb8d34e72ec5ff455afad607f5fc0a1730798a6094d38e8
aihub,train,0,Training/01.원천데이터/TS_지루_정면/H0_182193_P1_L0.png,H0_182193_P1_L0.png,H0_182193,1fe3d7b7b371e8eb05591f675fbfe0ab65574af6b4645c562df7c7209eee78d6
aihub,train,0,Training/01.원천데이터/TS_지루_정면/H0_181197_P8_L0.png,H0_181197_P8_L0.png,H0_181197,56419156213822925f741e1aab4c8591cc6655bcdad5467887c4f8a561993374
aihub,train,0,Training/01.원천데이터/TS_지루_정면/H0_182773_P2_L0.png,H0_182773_P2_L0.png,H0_182773,f6796fd25082e9607c5cb3f3a95cd76de60015d8a727143de61ff431229a6f72
aihub,train,0,Training/01.원천데이터/TS_지루_측면/Z4_94124_P0_L0.png,Z4_94124_P0_L0.png,Z4_94124,7d30c805950622af4f82fb79e742750ffe426697b826fe4b5d17c524d675075c
aihub,train,0,Training/01.원천데이터/TS_지루_정면/H0_187323_P17_L0.png,H0_187323_P17_L0.png,H0_187323,c31d56cc8bb85981cdb2bd4d19b19692b235e7f2b912aaa2a2f134df8eb011e9
aihub,train,0,Training/01.원천데이터/TS_지루_측면/Z4_94728_P0_L0.png,Z4_94728_P0_L0.png,Z4_94728,fface8d3313eba856c69d4dee2b2d8cae5645655243d572ea103dca773af0201
aihub,train,0,Training/01.원천데이터/TS_지루_정면/H0_176990_P5_L0.png,H0_176990_P5_L0.png,H0_176990,3dd505de8a14b53568a6359c1213e0c23bfae294564e8273a4fa242aada3861a
aihub,train,0,Training/01.원천데이터/TS_지루_측면/Z4_95052_P0_L0.png,Z4_95052_P0_L0.png,Z4_95052,03b8b1dde9738c0cdedec625370bc48d74c90446f1848256cbb3e7ab9dbb45ce
aihub,train,0,Training/01.원천데이터/TS_지루_측면/Z4_96039_P0_L0.png,Z4_96039_P0_L0.png,Z4_96039,b563f7afb2ce081cfa8a578f1304770d96c5c86fad9033939b8a67123c356a57
aihub,train,0,Training/01.원천데이터/TS_지루_정면/H1_389105_P2_L0.png,H1_389105_P2_L0.png,H1_389105,8addfe6f39429742ba04c3d11a74c2dd4605c87d8d9e864c0d8b02499963388e
aihub,train,0,Training/01.원천데이터/TS_지루_측면/Z4_95585_P0_L0.png,Z4_95585_P0_L0.png,Z4_95585,6b69364feb993bb45296e13365ce889065fbd131a350d0eea3c542c07bbb78d4
aihub,train,0,Training/01.원천데이터/TS_지루_정면/H1_501307_P1_L0.png,H1_501307_P1_L0.png,H1_501307,9225e8e7c8a6e1b9b3db7bf22e55e5401c9e8e833f879f003a1c6f35dc403ccb
aihub,train,0,Training/01.원천데이터/TS_지루_측면/Z4_96075_P0_L0.png,Z4_96075_P0_L0.png,Z4_96075,8d97478384ae98118e4ab52348746e34763b8ef7dc95172b082831af317a47e9
aihub,train,0,Training/01.원천데이터/TS_지루_측면/Z4_96118_P0_L0.png,Z4_96118_P0_L0.png,Z4_96118,f23b74c69156ded8eef5a48158759e6d7405e5213d53e98437bc27483c77420e
aihub,train,0,Training/01.원천데이터/TS_지루_정면/H0_175513_P6_L0.png,H0_175513_P6_L0.png,H0_175513,d08089d1281b894bb2556d790f38107ae1ceebca5a95dbc94d52e8e846d19000
aihub,train,0,Training/01.원천데이터/TS_지루_정면/H1_314627_P2_L0.png,H1_314627_P2_L0.png,H1_314627,f91b996b1eb82f0d0e9cfdda4fed92dfbcae09f7963ad8e9d7b9170e77a6b5c6
aihub,train,0,Training/01.원천데이터/TS_지루_측면/Z4_95182_P0_L0.png,Z4_95182_P0_L0.png,Z4_95182,44697d3e7d118a38a4ef5f1fee13173e9d4e1eff6da7e72e204f963b72c31cb0
aihub,train,0,Training/01.원천데이터/TS_지루_정면/H1_370151_P1_L0.png,H1_370151_P1_L0.png,H1_370151,1a513abab6c9c3a0b12220b821ec6a9829305fa52f7c8d2df566dada75b6d4d2
aihub,train,0,Training/01.원천데이터/TS_지루_정면/H0_190142_P7_L0.png,H0_190142_P7_L0.png,H0_190142,4415dd16b9b537b3c061f8ed3568831ef2e2f5dd867813abf2dba1c81fa9b3f7
aihub,train,0,Training/01.원천데이터/TS_지루_측면/Z4_94904_P0_L0.png,Z4_94904_P0_L0.png,Z4_94904,ffba9fdae0de565e6fb5757b0888c20483c5d1cb9a1cd05c478841f93b793abf
aihub,train,0,Training/01.원천데이터/TS_지루_측면/Z4_94375_P0_L0.png,Z4_94375_P0_L0.png,Z4_94375,6d772dc3f899a6b4ea9b9a45adf646b3cdd93ee9601299968ee48d520331f02a
aihub,train,0,Training/01.원천데이터/TS_지루_정면/H1_271588_P2_L0.png,H1_271588_P2_L0.png,H1_271588,6d9789284ff1a66a6faa9b6e9890fa7d2a4304cf46d4096e29f55b2c4fefc4b1
aihub,train,0,Validation/01.원천데이터/VS_지루_정면/H7_2359_P3_L2.png,H7_2359_P3_L2.png,H7_2359,4acd3e6821b239357d7bea49543f1338c5db560524d9721de05aea5f30c09929
aihub,train,0,Training/01.원천데이터/TS_지루_측면/Z4_95501_P0_L0.png,Z4_95501_P0_L0.png,Z4_95501,4161eb2b67cc8bf07de0dc22448ee98ba252fe46fd535dbeb7354915e79b4537
aihub,train,0,Validation/01.원천데이터/VS_지루_측면/Z4_98513_P0_L0.png,Z4_98513_P0_L0.png,Z4_98513,74fece2007308e614d9a8276b3f1957c0fb3ac473d4be57b15d132e54409c0fd
aihub,train,0,Training/01.원천데이터/TS_지루_정면/H1_484793_P1_L0.png,H1_484793_P1_L0.png,H1_484793,5602f7fbca1c8774ce555a8db8704956965f5929f9a4067130ace9d8736df411
aihub,train,0,Validation/01.원천데이터/VS_지루_정면/H7_2253_P1_L2.png,H7_2253_P1_L2.png,H7_2253,ece50b0e17f7910bff5a9cd5dd35da9476e4a286354260eb00c03e9308a9b04b
aihub,train,0,Validation/01.원천데이터/VS_지루_측면/Z4_98393_P0_L0.png,Z4_98393_P0_L0.png,Z4_98393,6178198c993aeebfc27cc08b917469c8e3a5cc7f5319ac8abdad0b79b1d5936b
aihub,train,0,Training/01.원천데이터/TS_지루_정면/H1_313202_P1_L0.png,H1_313202_P1_L0.png,H1_313202,31b82eb21f4ed5082acc76e7b1c6fa29c52112357c2053ac3a65a9777b16db01
aihub,train,0,Training/01.원천데이터/TS_지루_측면/Z4_94854_P0_L0.png,Z4_94854_P0_L0.png,Z4_94854,823fd21ca3b2059373c0da2a0b62ce19d91ced32c9518337d600630f1cf877aa
aihub,train,0,Training/01.원천데이터/TS_지루_측면/Z4_94114_P0_L0.png,Z4_94114_P0_L0.png,Z4_94114,b1ae3b0aa29b50f98d26ca02bbf072736a96fee87234e972906d09b3b970252c
aihub,train,0,Training/01.원천데이터/TS_지루_측면/Z4_95315_P0_L0.png,Z4_95315_P0_L0.png,Z4_95315,08ac7ff17e8e20b4991105f34450f09cbdf8b2a59f33da1d146ef0bc3a8557c1
aihub,train,0,Training/01.원천데이터/TS_지루_측면/Z4_95287_P0_L0.png,Z4_95287_P0_L0.png,Z4_95287,5ec6c0657290d3292d2ef2c391856c6a89eb7018ac108283916b8d86960c94b4
aihub,train,0,Validation/01.원천데이터/VS_지루_측면/Z4_98509_P0_L0.png,Z4_98509_P0_L0.png,Z4_98509,c1db2011882cb7da10c0769bbc34dfa0916b22ab580be35a3a53432ef9f1a723
aihub,train,0,Training/01.원천데이터/TS_지루_측면/Z4_95422_P0_L0.png,Z4_95422_P0_L0.png,Z4_95422,6e44adaabc2f4a91f273fe9533150bbbf4ad9ba5815d77bb5386a0abfa81c3e3
aihub,train,0,Training/01.원천데이터/TS_지루_측면/Z4_94729_P0_L0.png,Z4_94729_P0_L0.png,Z4_94729,e88f71aaeeb3add46f38121897469dc125f31025629f65bdacfa8e5eb49c980a
aihub,train,0,Training/01.원천데이터/TS_지루_측면/Z4_95253_P0_L0.png,Z4_95253_P0_L0.png,Z4_95253,aad6e7beaeb1e60ce29b783c55f8c3d36da800a27ea3582ec714833dbaaf5110
aihub,train,0,Training/01.원천데이터/TS_지루_측면/Z4_95506_P0_L0.png,Z4_95506_P0_L0.png,Z4_95506,71c30e79d2c14f07dcf6f901a070688a340e3f3f16ddfa82ad76752925d49ed2
aihub,train,0,Training/01.원천데이터/TS_지루_정면/H0_163439_P1_L0.png,H0_163439_P1_L0.png,H0_163439,37f70ce4dfd3b9c3a457c1bb9a02eb9a3471a76227b15cf686c4dedc723ea223
aihub,train,0,Training/01.원천데이터/TS_지루_정면/H1_254462_P3_L0.png,H1_254462_P3_L0.png,H1_254462,d5bf22f0a0cbbd48a37aa5057d032e09a4a16142382eb12fbfbf43e4f880e0a6
aihub,train,0,Training/01.원천데이터/TS_지루_정면/H1_300349_P1_L0.png,H1_300349_P1_L0.png,H1_300349,60177a7998e29497556e02ab49a3e2e655eacf87898c2a980d3e7e763c3c0707
aihub,train,0,Training/01.원천데이터/TS_지루_정면/H1_500368_P1_L0.png,H1_500368_P1_L0.png,H1_500368,33b8bbc7e0eeb1057f0a67ff8103d9a73197322f15b1999e54d66f9f2431824c
aihub,train,0,Training/01.원천데이터/TS_지루_정면/H0_147453_P1_L0.png,H0_147453_P1_L0.png,H0_147453,ae02f48d7e5c41c948c910688c47289eb3a25aab526600c96b32bf1adc821276
aihub,train,0,Training/01.원천데이터/TS_지루_측면/Z4_94802_P0_L0.png,Z4_94802_P0_L0.png,Z4_94802,66c4f0bd2df79da38efd483a60059d2f5d2ab49d5e02d3b6bb201be9799214a8
aihub,train,0,Training/01.원천데이터/TS_지루_측면/Z4_95505_P0_L0.png,Z4_95505_P0_L0.png,Z4_95505,5c58283a3eba2b1cd8bd9f5490298530c0b2bba53c379350d72f1c14baab5867
aihub,train,0,Training/01.원천데이터/TS_지루_측면/Z4_94032_P0_L0.png,Z4_94032_P0_L0.png,Z4_94032,e99c3240e963830ad817b40bf9b260f3281cdb318feb46ba865af86425cf43c6
aihub,train,0,Training/01.원천데이터/TS_지루_정면/H0_7848_P2_L0.png,H0_7848_P2_L0.png,H0_7848,d8f92a3ef0e2c80d8ae1492d7a75c605a9805b70eabc5eb5433cfb7c3b7f22ef
aihub,train,0,Training/01.원천데이터/TS_지루_측면/Z4_96156_P0_L0.png,Z4_96156_P0_L0.png,Z4_96156,7617292cbb1a15b241b78f1c4a352ca893d137cf20f4795d1ff56ce37a5b7955
aihub,train,0,Training/01.원천데이터/TS_지루_정면/H0_164116_P1_L0.png,H0_164116_P1_L0.png,H0_164116,196be4e1fcf6c9f0fce867cf5fcb473aec9153a1e3244c6a275110069043ac9b
aihub,train,0,Training/01.원천데이터/TS_지루_측면/Z4_96136_P0_L0.png,Z4_96136_P0_L0.png,Z4_96136,50e0a4820e2ddcd4e5e46c61483ad19b856fe5fd860eb9fbb42dfd6d3c744e86
aihub,train,0,Training/01.원천데이터/TS_지루_측면/Z4_96117_P0_L0.png,Z4_96117_P0_L0.png,Z4_96117,5f535a3caaf646400ebdf8940bdc78529c5fe33a29fdc8133638ab21308f801d
aihub,train,0,Training/01.원천데이터/TS_지루_정면/H2_2553_P1_L2.png,H2_2553_P1_L2.png,H2_2553,10bc07ac863b170490c5531a29682a35bf37645fe5f42423b1ff423c8c1ce07c
aihub,train,0,Training/01.원천데이터/TS_지루_측면/Z4_94088_P0_L0.png,Z4_94088_P0_L0.png,Z4_94088,bbd0009bed21c6b7ac567d68d4d3c586bdd094761f192cb499727cb8f78d1798
aihub,train,0,Training/01.원천데이터/TS_지루_측면/Z4_96134_P0_L0.png,Z4_96134_P0_L0.png,Z4_96134,81330a0b6de1f1c0c119b1cd20ad32d4d85b56dff8e51985c2e9d097c4423ab7
aihub,train,0,Training/01.원천데이터/TS_지루_정면/H1_395246_P2_L0.png,H1_395246_P2_L0.png,H1_395246,e394f72437b25e5bc4d0ebfa2915c20a09538d4f814e9b969d3f3ed39f53cfef
aihub,train,0,Training/01.원천데이터/TS_지루_정면/H1_207259_P1_L1.png,H1_207259_P1_L1.png,H1_207259,1ad6c2057b0f6cba045fcded953007845d21efc22af93ef368a796d00fcae99e
aihub,val,1,Training/01.원천데이터/TS_아토피_정면/H0_107994_P1_L0.png,H0_107994_P1_L0.png,H0_107994,73c67964221fba7e423f0e753bbc20d139fd7901f302a930753c3758c71f2afa
aihub,val,1,Training/01.원천데이터/TS_아토피_정면/H0_118041_P2_L0.png,H0_118041_P2_L0.png,H0_118041,59f569474c86deaf3d46a9559618993b295c4313b94ceaebbaa77512be9032ff
aihub,val,1,Training/01.원천데이터/TS_아토피_정면/H0_140516_P3_L0.png,H0_140516_P3_L0.png,H0_140516,d369594ac5af0a761ef29a1b7a84f84c1db552ebfe5785cb68c311c60d1be473
aihub,val,1,Training/01.원천데이터/TS_아토피_정면/H0_141271_P6_L0.png,H0_141271_P6_L0.png,H0_141271,d523004ace837e507819dbbbcaec8016f6afe6ffa3e337a5b81db547dd89258d
aihub,val,1,Training/01.원천데이터/TS_아토피_정면/H0_141851_P1_L0.png,H0_141851_P1_L0.png,H0_141851,21e3b332432408089afa7fc809bb4161ac85ef8712fbf04fd5f429cceda5c762
aihub,val,1,Training/01.원천데이터/TS_아토피_정면/H0_14191_P2_L0.png,H0_14191_P2_L0.png,H0_14191,43f33b4060b3dd919d4039c2bdd9f5e5628f0a93f00a6cebce07c5d13f1efde6
aihub,val,1,Training/01.원천데이터/TS_아토피_정면/H0_177647_P1_L0.png,H0_177647_P1_L0.png,H0_177647,34b96d3fdf0a057161db0593dd0f8cf36f86f806da62f4803c0f3dd4daf8e191
aihub,val,1,Training/01.원천데이터/TS_아토피_정면/H0_191235_P1_L0.png,H0_191235_P1_L0.png,H0_191235,7a035cbb9513210bc05fa6570c0a9a1447627511afc92c13e3901347f157e79d
aihub,val,1,Training/01.원천데이터/TS_아토피_정면/H0_196067_P2_L1.png,H0_196067_P2_L1.png,H0_196067,49cd54f1dca0126029cb297e53216adffcedf708a4bec2ddaf62328d3e7a35fb
aihub,val,1,Training/01.원천데이터/TS_아토피_정면/H0_197532_P1_L0.png,H0_197532_P1_L0.png,H0_197532,696eff59c6e8d01769026e4fe0a4b1c648e02e7ef14ac48964740f2365cb6f9d
aihub,val,1,Training/01.원천데이터/TS_아토피_정면/H0_197603_P5_L0.png,H0_197603_P5_L0.png,H0_197603,edb62e6322404703b567c63ebb323bb54f7bb6750488325cbae262d61acfe384
aihub,val,1,Training/01.원천데이터/TS_아토피_정면/H0_197664_P8_L0.png,H0_197664_P8_L0.png,H0_197664,5b8a5953136ff03b473a68da8f73daabe5a63af36e0064689fb1a98ce9b0b4e2
aihub,val,1,Training/01.원천데이터/TS_아토피_정면/H0_197953_P2_L0.png,H0_197953_P2_L0.png,H0_197953,04c6daba95e587d7df7f7661263d85cf658f99cec464b9dd54b2bc461ec7829e
aihub,val,1,Training/01.원천데이터/TS_아토피_정면/H0_198002_P1_L0.png,H0_198002_P1_L0.png,H0_198002,8a7d591c75df53069004db7d4c05178d69d0ac43631ad79d42bee615a86a0d10
aihub,val,1,Training/01.원천데이터/TS_아토피_정면/H0_198530_P6_L0.png,H0_198530_P6_L0.png,H0_198530,38bf65abe95a3bfa61a16417a090598de1d8ab5b2b258ce0180a82bf1b50c254
aihub,val,1,Training/01.원천데이터/TS_아토피_정면/H0_199117_P1_L0.png,H0_199117_P1_L0.png,H0_199117,1acdc56cc15da11f9d55b48117e50d2f72d194b6c0f70651a849f9d2fa663999
aihub,val,1,Training/01.원천데이터/TS_아토피_정면/H0_199250_P3_L0.png,H0_199250_P3_L0.png,H0_199250,b098339c943819c982c87853a0b78cd8421c4c174129ee6c51196e677747d225
aihub,val,1,Training/01.원천데이터/TS_아토피_정면/H0_199381_P1_L1.png,H0_199381_P1_L1.png,H0_199381,3459a82bad9ca0d173822aac7fc22c5063068c7aec84f487cb9a0d8074d6bb79
aihub,val,1,Training/01.원천데이터/TS_아토피_정면/H0_199445_P6_L0.png,H0_199445_P6_L0.png,H0_199445,f40285f0b762041c4729787eb2cb086055130133d8b848e2cd918cf360c690d0
aihub,val,1,Training/01.원천데이터/TS_아토피_정면/H0_199604_P7_L2.png,H0_199604_P7_L2.png,H0_199604,9ab693684ebfbb91f9f77715c64f1ac3251c5810afdcfa12dcae97f97b7492b0
aihub,val,1,Training/01.원천데이터/TS_아토피_정면/H0_200164_P1_L0.png,H0_200164_P1_L0.png,H0_200164,28e7c1de195548078a0be908d3a43a3b7560567e6b3394bc00b2553cf5efdd61
aihub,val,1,Training/01.원천데이터/TS_아토피_정면/H0_205763_P10_L3.png,H0_205763_P10_L3.png,H0_205763,30d11cf796fa6f680bae6a61233f4c9a826bbd195bf7f747ba519edb519af749
aihub,val,1,Training/01.원천데이터/TS_아토피_정면/H0_205763_P5_L3.png,H0_205763_P5_L3.png,H0_205763,60bf3bf543b6755af9fd0f5cfcffe1875c63b16f9f3274a52443074ecdbde249
aihub,val,1,Training/01.원천데이터/TS_아토피_정면/H0_205812_P1_L0.png,H0_205812_P1_L0.png,H0_205812,ad803e9fed77281bcdf6c36543b1477f78f1df40301ae2841a17090fd2a48558
aihub,val,1,Training/01.원천데이터/TS_아토피_정면/H0_205816_P7_L0.png,H0_205816_P7_L0.png,H0_205816,5506eeb396d691fd0f04335fabe469d2847bbeb08b0fe0882444227312f790ac
aihub,val,1,Training/01.원천데이터/TS_아토피_정면/H0_206237_P5_L0.png,H0_206237_P5_L0.png,H0_206237,46975ab37f0eab8c548ea3b0f3e1b601674b0d10ced34abb3b9d6eb60cac4ec4
aihub,val,1,Training/01.원천데이터/TS_아토피_정면/H0_226980_P1_L0.png,H0_226980_P1_L0.png,H0_226980,b30aaa5d5fcd4c033249f624f1d6dc85943a1251b918c63d81272ca35acd3634
aihub,val,1,Training/01.원천데이터/TS_아토피_정면/H0_227079_P1_L0.png,H0_227079_P1_L0.png,H0_227079,d8c72da16b415818bf228cc41b524e24d30d836c737e5dda66ea6e9a6066b080
aihub,val,1,Training/01.원천데이터/TS_아토피_정면/H0_227334_P1_L0.png,H0_227334_P1_L0.png,H0_227334,6a5bffda06f43dee2a8f72d85a929534a2d884dc81ee6beee79ebd96fa2698d9
aihub,val,1,Training/01.원천데이터/TS_아토피_정면/H0_227335_P10_L0.png,H0_227335_P10_L0.png,H0_227335,5c786a54e8748a7ee9e289b57356346f3781f327c5834689857cd8a09d11199c
aihub,val,1,Training/01.원천데이터/TS_아토피_정면/H0_25096_P2_L0.png,H0_25096_P2_L0.png,H0_25096,e18e04e8b341efe4e7bb082cbb021b3d3ef147e6438dc91252d6b4e847723cdd
aihub,val,1,Training/01.원천데이터/TS_아토피_정면/H0_40962_P1_L0.png,H0_40962_P1_L0.png,H0_40962,ae70884fee329b332bb55c55a60a6685d157dde6d4e5f5f16dc89ae64d44a27c
aihub,val,1,Training/01.원천데이터/TS_아토피_정면/H0_54782_P3_L0.png,H0_54782_P3_L0.png,H0_54782,9841b2538838810813d1d06ae744f55dbe64b2f44990ca05271c5a54f2ef3365
aihub,val,1,Training/01.원천데이터/TS_아토피_정면/H0_54837_P3_L0.png,H0_54837_P3_L0.png,H0_54837,84afa2c05d3cb14c609defedf4befd6772d0c3933a872457c61335a720e7481a
aihub,val,1,Training/01.원천데이터/TS_아토피_정면/H0_65336_P1_L0.png,H0_65336_P1_L0.png,H0_65336,d764bec0c74cd66303c9e1439c6f93fc7fecd73a698ffea2b9fd447a89c0f84e
aihub,val,1,Training/01.원천데이터/TS_아토피_정면/H0_77169_P1_L1.png,H0_77169_P1_L1.png,H0_77169,7fb689333d14588886455dbd3bd56033da1b5ed39c35d635d773797fc7143ec2
aihub,val,1,Training/01.원천데이터/TS_아토피_정면/H0_97189_P4_L0.png,H0_97189_P4_L0.png,H0_97189,482de2c56a060cde87c8a5ec857916ca51e1e480c79caf5c2ce5483af45e4d60
aihub,val,1,Training/01.원천데이터/TS_아토피_정면/H1_202421_P1_L1.png,H1_202421_P1_L1.png,H1_202421,b96fd8629f0c02a0919788aff2934cabf761870a13516d94713dfebe9930283c
aihub,val,1,Training/01.원천데이터/TS_아토피_정면/H1_203628_P1_L0.png,H1_203628_P1_L0.png,H1_203628,6ef2bd2479bfb41408d65190aca305d47a7eb2c20344df284a9548df26fc9349
aihub,val,1,Training/01.원천데이터/TS_아토피_정면/H1_203721_P13_L0.png,H1_203721_P13_L0.png,H1_203721,7ed04d465dda08f62bf6eed7e7453951eee4790966b8e0d9e1fa74429e4046f3
aihub,val,1,Training/01.원천데이터/TS_아토피_정면/H1_205027_P1_L0.png,H1_205027_P1_L0.png,H1_205027,4a00f3d5bd59ba3be26cf4e952a9c4479c449711163e028cf8b9832b722c90f0
aihub,val,1,Training/01.원천데이터/TS_아토피_정면/H1_205228_P4_L0.png,H1_205228_P4_L0.png,H1_205228,cf540eb04a31a64ea2523a5c6a1a0855d3eb2b5e4bdd66c15bc30608b99bcc12
aihub,val,1,Training/01.원천데이터/TS_아토피_정면/H1_205581_P2_L0.png,H1_205581_P2_L0.png,H1_205581,26dd9e225102b1f8d8cfdaab5db64c40514fedee498e263003c466e8312af861
aihub,val,1,Training/01.원천데이터/TS_아토피_정면/H1_206638_P1_L0.png,H1_206638_P1_L0.png,H1_206638,7f3fc2a84065c9482682f65b4ab01341d038ed57b03f4f64903d70f3e711686a
aihub,val,1,Training/01.원천데이터/TS_아토피_정면/H1_227930_P3_L0.png,H1_227930_P3_L0.png,H1_227930,a108496746d253718151f6b613b588a56f3cd39fb1c4aceb26aca98cf3f4be40
aihub,val,1,Training/01.원천데이터/TS_아토피_정면/H1_229872_P1_L0.png,H1_229872_P1_L0.png,H1_229872,c5cd6fc6a7e0417d3a98113553de934449ce52cffad0b44e9573361e7175d339
aihub,val,1,Training/01.원천데이터/TS_아토피_정면/H1_253908_P2_L0.png,H1_253908_P2_L0.png,H1_253908,c247bb61a765ea2ed19be0b4d96ace484e54330945967869edb20ac21187c917
aihub,val,1,Training/01.원천데이터/TS_아토피_정면/H1_254488_P2_L0.png,H1_254488_P2_L0.png,H1_254488,9494131f553d838ba9cd92454e0e8f36d457af28a775df5f796a816cfd4a5564
aihub,val,1,Training/01.원천데이터/TS_아토피_정면/H1_254969_P2_L0.png,H1_254969_P2_L0.png,H1_254969,c904d6dcaba3218c5145b29f0c44fdaa6fd30d6bd69649668284ea5b4046f5b3
aihub,val,1,Training/01.원천데이터/TS_아토피_정면/H1_255068_P2_L0.png,H1_255068_P2_L0.png,H1_255068,b0c9bca0a9912e4efa4151568c691e1b9cd7737c7b4c418d4cf405ab600b270e
aihub,val,1,Training/01.원천데이터/TS_아토피_정면/H1_255120_P1_L0.png,H1_255120_P1_L0.png,H1_255120,5027a801cbe026b0328c8e2f81a84dc6846d39d1c95aff3307e274aa0cfce188
aihub,val,1,Training/01.원천데이터/TS_아토피_정면/H1_255120_P4_L0.png,H1_255120_P4_L0.png,H1_255120,dbca295c8289faa5489ac4ef5f6c7afdc7a6e00d18ef94242d08716ff59a7088
aihub,val,1,Training/01.원천데이터/TS_아토피_정면/H1_255699_P2_L0.png,H1_255699_P2_L0.png,H1_255699,473a0b27d433dc12a8f247b4d3a9a1f51a9f5dff1d946da71035b8868ab1aae9
aihub,val,1,Training/01.원천데이터/TS_아토피_정면/H1_255907_P4_L0.png,H1_255907_P4_L0.png,H1_255907,3ef9c590dd664ca9afd6ddc1d2da5a5817eea649468cbd315d97251d4056dbda
aihub,val,1,Training/01.원천데이터/TS_아토피_정면/H1_257388_P2_L0.png,H1_257388_P2_L0.png,H1_257388,59a31b97027c984252bf07d722a544fa5041ef44cd5d78c81b3e6a93afd42abb
aihub,val,1,Training/01.원천데이터/TS_아토피_정면/H1_257457_P2_L0.png,H1_257457_P2_L0.png,H1_257457,5ee3932c967459557c3ab51b26cab011bb6fd11516117f00e507b51cd6d23740
aihub,val,1,Training/01.원천데이터/TS_아토피_정면/H1_257676_P2_L0.png,H1_257676_P2_L0.png,H1_257676,3a0042926d353fd285ec14148594064cf97b0c9fc9d1d4f084a714f4c87e6953
aihub,val,1,Training/01.원천데이터/TS_아토피_정면/H1_258668_P1_L0.png,H1_258668_P1_L0.png,H1_258668,cb8d3a3f96c12661999b91b4afd8662e919c38613b87ee89f5fede38bd003e01
aihub,val,1,Training/01.원천데이터/TS_아토피_정면/H1_260208_P2_L0.png,H1_260208_P2_L0.png,H1_260208,53e305887b5140f0e8dd2b881f3a7c7456d15af96252bebed7616a37d8759113
aihub,val,1,Training/01.원천데이터/TS_아토피_정면/H1_261129_P2_L0.png,H1_261129_P2_L0.png,H1_261129,1a9d394b1254ad5df8b583a7730b90fb1eedef44374ca920f7556fca96dd0b09
aihub,val,1,Training/01.원천데이터/TS_아토피_정면/H1_269453_P3_L0.png,H1_269453_P3_L0.png,H1_269453,6ccf711ce2e03e4b73eadcf841c4a1295e7499a5bb8e3ceb94e94e097cdffeb1
aihub,val,1,Training/01.원천데이터/TS_아토피_정면/H1_269453_P4_L0.png,H1_269453_P4_L0.png,H1_269453,5087ab1d1323980b2c5efffa0e06f992fcd63e6e59c803037984be3df3cdc0e9
aihub,val,1,Training/01.원천데이터/TS_아토피_정면/H1_270653_P1_L0.png,H1_270653_P1_L0.png,H1_270653,1a8fb891cc9e282cbc1c16e95e7f06158ffdb9225fb7874c61e4a5f5db4aecbf
aihub,val,1,Training/01.원천데이터/TS_아토피_정면/H1_271570_P1_L0.png,H1_271570_P1_L0.png,H1_271570,9f7134d8654455c6c76e28233d221fd9153eab3aa9829f77c5f453cb57566f75
aihub,val,1,Training/01.원천데이터/TS_아토피_정면/H1_271570_P2_L0.png,H1_271570_P2_L0.png,H1_271570,af74de18cf408ee21938594be30dc431b986f12291c13c6986cb2f67c7ae750f
aihub,val,1,Training/01.원천데이터/TS_아토피_정면/H1_272291_P2_L0.png,H1_272291_P2_L0.png,H1_272291,6ac87e55b8d4bc56a9edc53180334c873f159a9755dc63a0f7116f96831a6355
aihub,val,1,Training/01.원천데이터/TS_아토피_정면/H1_272459_P1_L0.png,H1_272459_P1_L0.png,H1_272459,89de2d4fd383be18dd7645a5f1ce23af10d0c6c480c8ff0bfe79c47e4695faa6
aihub,val,1,Training/01.원천데이터/TS_아토피_정면/H1_272459_P2_L0.png,H1_272459_P2_L0.png,H1_272459,e0097c0a06d87a79f7178b0c41e9cc0a477021fc8c0cdd72085e37f4ee0c72ab
aihub,val,1,Training/01.원천데이터/TS_아토피_정면/H1_273702_P2_L0.png,H1_273702_P2_L0.png,H1_273702,54a69c4dda7918159bc176bd87c8297ee7b15c5f158c22452bdbfc795df8ea90
aihub,val,1,Training/01.원천데이터/TS_아토피_정면/H1_275391_P1_L0.png,H1_275391_P1_L0.png,H1_275391,053370c92af18a6189b83e0214c1773e2c9f70d9ae39d2499cd9c836a4f29110
aihub,val,1,Training/01.원천데이터/TS_아토피_정면/H1_275391_P2_L0.png,H1_275391_P2_L0.png,H1_275391,da3c34201618ea2317d58047cc06bd56ec12a760341eb2014162fec7299df172
aihub,val,1,Training/01.원천데이터/TS_아토피_정면/H1_276898_P2_L0.png,H1_276898_P2_L0.png,H1_276898,bec45e485b0cc99b47cadf4bb59451249b051be7a4628fba0eede7779a554874
aihub,val,1,Training/01.원천데이터/TS_아토피_정면/H1_277484_P2_L0.png,H1_277484_P2_L0.png,H1_277484,bb9eb8c360d3480b374c58f9d0a7524606898b5474f611f3d102825a10ed262a
aihub,val,1,Training/01.원천데이터/TS_아토피_정면/H1_280157_P2_L0.png,H1_280157_P2_L0.png,H1_280157,2623e0e75eb8ad51175ba11ae5bd579573b16bfa0f19837a2ac824e5a4333ab3
aihub,val,1,Training/01.원천데이터/TS_아토피_정면/H1_283863_P8_L0.png,H1_283863_P8_L0.png,H1_283863,48fe6065b8c90f056c4e7cb866d08e56474336d30dc49330bd45d6b0253aeb66
aihub,val,1,Training/01.원천데이터/TS_아토피_정면/H1_286364_P4_L0.png,H1_286364_P4_L0.png,H1_286364,a45c65a867ee30c77bbe25b2efd21f48e2bbea46b34103cc03951a71fa1f8017
aihub,val,1,Training/01.원천데이터/TS_아토피_정면/H1_286419_P3_L0.png,H1_286419_P3_L0.png,H1_286419,1af5f9a7d0e4db8ff1c818b94b73e354d05481b8fff52385270f403d5c027a12
aihub,val,1,Training/01.원천데이터/TS_아토피_정면/H1_293554_P1_L0.png,H1_293554_P1_L0.png,H1_293554,4da16dbfdac662945c65b4cae0a95d8210bdaf1d57f65f89e69490f05e717607
aihub,val,1,Training/01.원천데이터/TS_아토피_정면/H1_297586_P2_L0.png,H1_297586_P2_L0.png,H1_297586,48e8d5fe0825ba4492fe59ca31ae2b1c193f1f55282dd9ce58409c0017fae4ed
aihub,val,1,Training/01.원천데이터/TS_아토피_정면/H1_300935_P1_L0.png,H1_300935_P1_L0.png,H1_300935,b44d32717f3142ecd3d957e2d54f6318cbc212d9333ecd8ecb763726a39432fa
aihub,val,1,Training/01.원천데이터/TS_아토피_정면/H1_313896_P8_L0.png,H1_313896_P8_L0.png,H1_313896,87b43ad57573e4a0918ef8998acc0e425417778dc630b104905dad128a5ed8d8
aihub,val,1,Training/01.원천데이터/TS_아토피_정면/H1_313896_P9_L0.png,H1_313896_P9_L0.png,H1_313896,1979aacdcc00d3f32d0c33da2a8b026c0a2e94254a0db659441de4f5bc1108a4
aihub,val,1,Training/01.원천데이터/TS_아토피_정면/H1_315102_P2_L0.png,H1_315102_P2_L0.png,H1_315102,9b984525c3ddaa2e10e1847861d39292b2a81c6f6dd571370ceabe410c56db72
aihub,val,1,Training/01.원천데이터/TS_아토피_정면/H1_315102_P3_L0.png,H1_315102_P3_L0.png,H1_315102,9547b7e279f6d44a3f613b018fe0c50422050452b73ac9c6481edc9b06e14f25
aihub,val,1,Training/01.원천데이터/TS_아토피_정면/H1_315126_P2_L0.png,H1_315126_P2_L0.png,H1_315126,3a798dc6356e14ef8769820df195aa94acaa52d03dc4c2626982b6d0ee5cbff3
aihub,val,1,Training/01.원천데이터/TS_아토피_정면/H1_315126_P3_L0.png,H1_315126_P3_L0.png,H1_315126,d2cde555c4420b9909f83576d53eefdbdc43d54e89d6e1a0b8106cb08080b5ef
aihub,val,1,Training/01.원천데이터/TS_아토피_정면/H1_325938_P1_L0.png,H1_325938_P1_L0.png,H1_325938,84686a17da0aac01a417c5975e6036c1cfde5b35bec542310f9fe366ef66d838
aihub,val,1,Training/01.원천데이터/TS_아토피_정면/H1_325938_P2_L0.png,H1_325938_P2_L0.png,H1_325938,f43eff6c3ea60b4137dc97a557a5e6593210fa80a29b0727a69e6731be10388f
aihub,val,1,Training/01.원천데이터/TS_아토피_정면/H1_328298_P1_L0.png,H1_328298_P1_L0.png,H1_328298,8e5372255b49067e924c978f103edc7a3617c57e0fd7be4a4a3bc6b75a27f771
aihub,val,1,Training/01.원천데이터/TS_아토피_정면/H1_328298_P2_L0.png,H1_328298_P2_L0.png,H1_328298,ca2e0c0c690388797bb18da737fa2e7edaf18cd8ca8b00885b04b739b6e194fb
aihub,val,1,Training/01.원천데이터/TS_아토피_정면/H1_329049_P3_L0.png,H1_329049_P3_L0.png,H1_329049,646b46fbb31dca3be15ecd7c0bd69075a66aad3271bd3101f02343eff311792e
aihub,val,1,Training/01.원천데이터/TS_아토피_정면/H1_329049_P4_L0.png,H1_329049_P4_L0.png,H1_329049,4312b6b685a09c09cc7931df4a5b340c7b69ebda8622f1a2badab21df2dcc858
aihub,val,1,Training/01.원천데이터/TS_아토피_정면/H1_351078_P9_L0.png,H1_351078_P9_L0.png,H1_351078,57a7e01a5b2ba31bd181a87610f65c221dc4646e7c9fe1ea4e57746cf6540808
aihub,val,1,Training/01.원천데이터/TS_아토피_정면/H1_353553_P14_L0.png,H1_353553_P14_L0.png,H1_353553,579533b9dda5e2649eb559221a3df22dd15dcbee28f18508cf146b06c0bc7698
aihub,val,1,Training/01.원천데이터/TS_아토피_정면/H1_371552_P5_L0.png,H1_371552_P5_L0.png,H1_371552,1025a12f62106be4c6dd5748979f6b83b9816ea054dd8277f62c8d4dd35c0f33
aihub,val,1,Training/01.원천데이터/TS_아토피_정면/H1_371652_P1_L0.png,H1_371652_P1_L0.png,H1_371652,4a83bf3a46f7ea92942bcdb35dfe50fb373764b61ec401ada1f5278ce57891fc
aihub,val,1,Training/01.원천데이터/TS_아토피_정면/H1_374250_P12_L0.png,H1_374250_P12_L0.png,H1_374250,078466a3689ad2118b7a6fbb5c61b097fbe8dff7d4bba0e3b6de5ddc633c317b
aihub,val,1,Training/01.원천데이터/TS_아토피_정면/H1_379995_P3_L0.png,H1_379995_P3_L0.png,H1_379995,6812520573b297f7f1ffb809369777d2ccfa38068a899df1983b0bd0d4c7d967
aihub,val,1,Training/01.원천데이터/TS_아토피_정면/H1_381744_P1_L0.png,H1_381744_P1_L0.png,H1_381744,7bc6d9d8e93f5f7d4a129b7df6714d26d3b19068d372d41b36b9cf5db3def6d4
aihub,val,1,Training/01.원천데이터/TS_아토피_정면/H1_381744_P2_L0.png,H1_381744_P2_L0.png,H1_381744,c504f0bacdfc0cb0abed9ab57502da88def00474e35c76355ceaaa2dffa7a5ea
aihub,val,1,Training/01.원천데이터/TS_아토피_정면/H1_383343_P1_L0.png,H1_383343_P1_L0.png,H1_383343,4dd439bdee1b1980ba6d8fd47a71773bdde1eeb020e0c3ef5dc4275f0c549636
aihub,val,1,Training/01.원천데이터/TS_아토피_정면/H1_383343_P2_L0.png,H1_383343_P2_L0.png,H1_383343,f2040abcd107cf66dce076bdf3eff1175bf5299bc153cae4e561684f232bd2aa
aihub,val,1,Training/01.원천데이터/TS_아토피_정면/H1_386496_P4_L0.png,H1_386496_P4_L0.png,H1_386496,bb7456bdab66105c50302a9abb53844984ebe7a9817f598902b85019ae6c14a5
aihub,val,1,Training/01.원천데이터/TS_아토피_정면/H1_388508_P1_L0.png,H1_388508_P1_L0.png,H1_388508,5ddf660cd4077ddb697b3e76b51d23c25013301ec7cc8c4e9ec7e45c7bbf002e
aihub,val,1,Training/01.원천데이터/TS_아토피_정면/H1_388508_P2_L0.png,H1_388508_P2_L0.png,H1_388508,e8ec555d63c53c24f49e2616379ede9f7ba9388b0cf95afeb865afde6929d440
aihub,val,1,Training/01.원천데이터/TS_아토피_정면/H1_394162_P1_L0.png,H1_394162_P1_L0.png,H1_394162,ee560aea2f8f011b4e1c0ccd68e5dc9cae0f23a38d5e8ebe9f99d54ca70fb7ec
aihub,val,1,Training/01.원천데이터/TS_아토피_정면/H1_394773_P2_L0.png,H1_394773_P2_L0.png,H1_394773,b63688c6750b7351170e0ec1bd6b0fe136d5661ccb4350002f4f6324f1f53de1
aihub,val,1,Training/01.원천데이터/TS_아토피_정면/H1_397343_P1_L0.png,H1_397343_P1_L0.png,H1_397343,c7723b4db6a411aa44ab46cac1ec5817409a140d9f8df6c241bd5c180ccffc4d
aihub,val,1,Training/01.원천데이터/TS_아토피_정면/H1_397437_P1_L0.png,H1_397437_P1_L0.png,H1_397437,290bf54cbed8574c22efb925154e67fd6e2c57fd6218d74369d9d120a220902d
aihub,val,1,Training/01.원천데이터/TS_아토피_정면/H1_397456_P1_L0.png,H1_397456_P1_L0.png,H1_397456,aae4b6531745d566d8fb476104c0e305578a243a6d5066c2defaeaf27ecf2fd9
aihub,val,1,Training/01.원천데이터/TS_아토피_정면/H1_397460_P1_L0.png,H1_397460_P1_L0.png,H1_397460,f0eff8c6a489d7b2b6d199eddd299a5fd5f7bcb87225861784a79a6c92ae6782
aihub,val,1,Training/01.원천데이터/TS_아토피_정면/H1_405237_P1_L0.png,H1_405237_P1_L0.png,H1_405237,4860041ca41d275f3d05e505e1f7ac229373f9e57f13ac29ba41f492ac68e94f
aihub,val,1,Training/01.원천데이터/TS_아토피_정면/H1_405239_P1_L0.png,H1_405239_P1_L0.png,H1_405239,785f0f526a2b5b6451de3ffff750222e84a3c592a7677efd36fdee1b173d21dc
aihub,val,1,Training/01.원천데이터/TS_아토피_정면/H1_405239_P3_L0.png,H1_405239_P3_L0.png,H1_405239,9a9855325eb2471eb2e5082f712f9d1b3e4cbe6361091bbc953be3cfd3273444
aihub,val,1,Training/01.원천데이터/TS_아토피_정면/H1_405409_P1_L0.png,H1_405409_P1_L0.png,H1_405409,667d032c19d92a38446fa2695b7287f3fa899e4fbaef21b4f0becfeca304423f
aihub,val,1,Training/01.원천데이터/TS_아토피_정면/H1_405900_P1_L0.png,H1_405900_P1_L0.png,H1_405900,f0326b9bb2d08efed2ba660cb9dedb700ac7f776daccaef692817ed306b73432
aihub,val,1,Training/01.원천데이터/TS_아토피_정면/H1_97545_P1_L2.png,H1_97545_P1_L2.png,H1_97545,5bd8de5353fb6efd97956f218faf50f5fa820d5742db7471446a5bc1fa3ad86f
aihub,val,1,Training/01.원천데이터/TS_아토피_정면/H1_97576_P13_L0.png,H1_97576_P13_L0.png,H1_97576,2e95ab54a5c39a359f6c7ba20a8faba70a245bc764f861d62073053dc18cd852
aihub,val,1,Training/01.원천데이터/TS_아토피_정면/H1_97576_P1_L0.png,H1_97576_P1_L0.png,H1_97576,49f94af076ac827897cfd6ec18c2a8bcdaf3a971151a49f2acc8099af64f2f2f
aihub,val,1,Training/01.원천데이터/TS_아토피_정면/H1_97580_P1_L0.png,H1_97580_P1_L0.png,H1_97580,b7813dad0188114b0f5d85dde0de057d8afd2cf09723acf6f736773d20f33033
aihub,val,1,Training/01.원천데이터/TS_아토피_정면/H1_97616_P1_L4.png,H1_97616_P1_L4.png,H1_97616,3b8ec68d110faafb63cdb3bc1621d77a88a72911ef33b5d00d8520d11c7cc98a
aihub,val,1,Training/01.원천데이터/TS_아토피_정면/H1_97619_P1_L1.png,H1_97619_P1_L1.png,H1_97619,0974cd040d7c832ba040335b8514c3d42e553981b6a49264b4e7ae43a53cde65
aihub,val,1,Training/01.원천데이터/TS_아토피_정면/H1_97622_P8_L3.png,H1_97622_P8_L3.png,H1_97622,e69ea7756ef1d023fdf65fff92566fb0746d81dcba3f91e59706ffb9f00e078b
aihub,val,1,Training/01.원천데이터/TS_아토피_정면/H1_97625_P1_L0.png,H1_97625_P1_L0.png,H1_97625,e973cf382ceb5fb0cf7949ee8ee5c81b57c00baedae9cd073d6ae13c4f633a7d
aihub,val,1,Training/01.원천데이터/TS_아토피_정면/H1_97639_P1_L7.png,H1_97639_P1_L7.png,H1_97639,f28202da9ef0976d214bf60824cd5f24779b85a52e6d053f221d44cc7abf896d
aihub,val,1,Training/01.원천데이터/TS_아토피_정면/H1_97647_P7_L0.png,H1_97647_P7_L0.png,H1_97647,f4171d706b1393412f4569c9f99684119e8a390c41f92bf76cbfd99cb4fe4aa6
aihub,val,1,Training/01.원천데이터/TS_아토피_정면/H1_97694_P12_L6.png,H1_97694_P12_L6.png,H1_97694,5be5cf719a7bff3445299e7f46dd31bae9a487446c033abcf72e1f7fee3e90ed
aihub,val,1,Training/01.원천데이터/TS_아토피_정면/H1_97763_P7_L0.png,H1_97763_P7_L0.png,H1_97763,bdef0d127bbfa59e8f47519a6eee4015cb7a9ca4c7f2de1e1b69b4ca4fa2d9e2
aihub,val,1,Training/01.원천데이터/TS_아토피_정면/H1_97788_P4_L9.png,H1_97788_P4_L9.png,H1_97788,abe25e5b29f70cab3bb291c809c2d0630e00115b934a67ecc7a0dc72f5cbb4cd
aihub,val,1,Training/01.원천데이터/TS_아토피_정면/H1_97836_P5_L3.png,H1_97836_P5_L3.png,H1_97836,ef1b7a9bc4b063b8ffdf634ef595cf0ad13117db3cb0f34314a8fc90a1006879
aihub,val,1,Training/01.원천데이터/TS_아토피_정면/H1_97877_P1_L0.png,H1_97877_P1_L0.png,H1_97877,2dba0e0c607b54487392f423b8696722336e2cc95d3eda6b4edec5a1885390f9
aihub,val,1,Training/01.원천데이터/TS_아토피_정면/H1_97906_P1_L0.png,H1_97906_P1_L0.png,H1_97906,e5521dceb09c4050f29588cd4a593e7588a7959d57e68e44125634a9c19fa5f0
aihub,val,1,Training/01.원천데이터/TS_아토피_정면/H2_18811_P3_L1.png,H2_18811_P3_L1.png,H2_18811,df961f467449d9ff64fa8180d3ebb9fb0ba62a6774594bbdd455101aaf464a2e
aihub,val,1,Training/01.원천데이터/TS_아토피_정면/H2_643_P7_L0.png,H2_643_P7_L0.png,H2_643,655804837e999dd9e69d1c4105aebf2527c6282b7e308ae002a98cd1705de93e
aihub,val,1,Training/01.원천데이터/TS_아토피_정면/H2_691_P2_L0.png,H2_691_P2_L0.png,H2_691,1ff6997195b5ec674caf59928619c68e28433cf5072de3308e066a2015ca6a1f
aihub,val,1,Training/01.원천데이터/TS_아토피_정면/H3_4046_P26_L3.png,H3_4046_P26_L3.png,H3_4046,c94192d120d06fb0f363b642eecb98fc9b729de59a253beef567a3b25b4e8004
aihub,val,1,Training/01.원천데이터/TS_아토피_정면/H3_4046_P40_L2.png,H3_4046_P40_L2.png,H3_4046,3160c784ee6a9262e2b38a3ce00e78fc6db99ed53c5775d88d1407654773f1f0
aihub,val,1,Training/01.원천데이터/TS_아토피_정면/H3_4054_P22_L2.png,H3_4054_P22_L2.png,H3_4054,963715d8221b92dced1163d83aa7e9f8d1123b4dd1abf13192fe91dbd127dea2
aihub,val,1,Training/01.원천데이터/TS_아토피_정면/H3_4054_P5_L1.png,H3_4054_P5_L1.png,H3_4054,d71deccebb81eab70f990db203164263f4cb4953ad64a3b4188cb1558749df05
aihub,val,1,Training/01.원천데이터/TS_아토피_정면/H3_4061_P29_L0.png,H3_4061_P29_L0.png,H3_4061,df9c2117c92e63b8737ccfe87e5db3c137003c38bd36de9d08b3da3118f957d3
aihub,val,1,Training/01.원천데이터/TS_아토피_정면/H3_4308_P17_L0.png,H3_4308_P17_L0.png,H3_4308,73db54cf1339ed0ebbd24edcb90ecfc1524bfda5f6e3f0b607e2f5cdc681ec5d
aihub,val,1,Training/01.원천데이터/TS_아토피_정면/H3_4368_P1_L3.png,H3_4368_P1_L3.png,H3_4368,cab8b57d5b634d09a6d0e4fb709d397133d3ef57fdd665b6b5ed32a547cf42a9
aihub,val,1,Training/01.원천데이터/TS_아토피_정면/H3_4870_P14_L0.png,H3_4870_P14_L0.png,H3_4870,a3122a2697c80a1a76458dc9a8a3326cb6cbd4fcb622b97807c17155c0c3e47e
aihub,val,1,Training/01.원천데이터/TS_아토피_정면/H3_5568_P2_L0.png,H3_5568_P2_L0.png,H3_5568,5429c6a06e9c5650b71ba58200257a957dea669dba69bac09a662ae5a9cbecd1
aihub,val,1,Training/01.원천데이터/TS_아토피_정면/H3_5569_P9_L2.png,H3_5569_P9_L2.png,H3_5569,76a730a0e6c09790ab82cab61f92256a237081bf63f1911ebd0e4d1dc31dbd95
aihub,val,1,Training/01.원천데이터/TS_아토피_정면/H4_3251_P1_L0.png,H4_3251_P1_L0.png,H4_3251,7e9f93a70ac50aea52b96fc7f335b3ecdbc375761e01cf081cdf87229aa5a18a
aihub,val,1,Training/01.원천데이터/TS_아토피_정면/H4_3303_P2_L2.png,H4_3303_P2_L2.png,H4_3303,dc7dec826fd92fe2f5ff5b369d09d1b74f3d65ef2b82ff2f432b41d1b8b901a6
aihub,val,1,Training/01.원천데이터/TS_아토피_정면/H4_3310_P1_L1.png,H4_3310_P1_L1.png,H4_3310,fb6085291365d1fbdf7a0dbb251dcf1b93119e2b04692ef893a83bc00351cc70
aihub,val,1,Training/01.원천데이터/TS_아토피_정면/H4_3328_P3_L1.png,H4_3328_P3_L1.png,H4_3328,468a12f2bacf3aa5c97955c517ee435375f470cb9b732d4ea5a7fed336a19887
aihub,val,1,Training/01.원천데이터/TS_아토피_정면/H4_3532_P70_L0.png,H4_3532_P70_L0.png,H4_3532,ca759ceb6f4a7765721b46dbf0bd443e0decd6c9e0d30ec9f10c43917bb7cf8e
aihub,val,1,Training/01.원천데이터/TS_아토피_정면/H4_3533_P4_L2.png,H4_3533_P4_L2.png,H4_3533,dc2f3583e25cf99d76ca78d7ed4adacc2650a302047d7991466d9515aa876d24
aihub,val,1,Training/01.원천데이터/TS_아토피_정면/H4_3533_P67_L0.png,H4_3533_P67_L0.png,H4_3533,12f97069d0a7f6b81a1669fdd546bb1b42856e9f002335e7353eb718e79007b6
aihub,val,1,Training/01.원천데이터/TS_아토피_정면/H4_3536_P30_L5.png,H4_3536_P30_L5.png,H4_3536,606f8e02eb25e3ae532869d7e8408d6b200179aeb4fcb0b448309d12d9cd2a34
aihub,val,1,Training/01.원천데이터/TS_아토피_정면/H4_6183_P5_L1.png,H4_6183_P5_L1.png,H4_6183,fbea3dfbb79b965a4a07ac11c31e82ba7c92939f8b99b2dd503655d623601453
aihub,val,1,Training/01.원천데이터/TS_아토피_정면/H4_6183_P6_L0.png,H4_6183_P6_L0.png,H4_6183,649ff5d5a11957827f097f192c8f8074f4b8a04b45bfed2e0aa328a1d9a44be9
aihub,val,1,Training/01.원천데이터/TS_아토피_정면/H4_6958_P7_L0.png,H4_6958_P7_L0.png,H4_6958,f12b0842488d12474b5d32e0d115335f3f9291e7b8f0d7f4049d0ac0cd448bab
aihub,val,1,Training/01.원천데이터/TS_아토피_정면/H4_6965_P2_L2.png,H4_6965_P2_L2.png,H4_6965,1cc7a8871ce9d48fdaa6301a20ee9cd897d315c02bf19bee55de5b0fbeb73442
aihub,val,1,Training/01.원천데이터/TS_아토피_정면/H4_6975_P1_L0.png,H4_6975_P1_L0.png,H4_6975,93c1afe75bc86c4eb601f65a6d340f7f1d19cdfded40b6154a9372b43567ffbf
aihub,val,1,Training/01.원천데이터/TS_아토피_정면/H4_6978_P1_L1.png,H4_6978_P1_L1.png,H4_6978,9c71bed7dac41db05f902b89ce62ea2d608ecfd6d6634a32141140c97c5699a8
aihub,val,1,Training/01.원천데이터/TS_아토피_정면/H4_6986_P5_L1.png,H4_6986_P5_L1.png,H4_6986,162457224f35bd274ee2afbc4438dfc3d717e250392addeda81871e6e1809962
aihub,val,1,Training/01.원천데이터/TS_아토피_정면/H4_6997_P3_L4.png,H4_6997_P3_L4.png,H4_6997,3cd476b66e80fef45791ebdb8788e87fd380918d4a9e51519de0904335bd9de8
aihub,val,1,Training/01.원천데이터/TS_아토피_정면/H4_7028_P2_L1.png,H4_7028_P2_L1.png,H4_7028,2faed997e9abe9df4fcc7779cb639ee77496b37435e594f3e471f8d74c6019f7
aihub,val,1,Training/01.원천데이터/TS_아토피_정면/H4_7028_P4_L2.png,H4_7028_P4_L2.png,H4_7028,bc6a7cead7cf7cbebd2222902e466bfca35ccbe32333ac2b3e16cbfd14d825d6
aihub,val,1,Training/01.원천데이터/TS_아토피_정면/H4_7038_P1_L5.png,H4_7038_P1_L5.png,H4_7038,a9430cfd069c9516194596ba8c99ef475f74312c9e4cb1736817f3fdf671dce4
aihub,val,1,Training/01.원천데이터/TS_아토피_측면/Z4_74014_P0_L0.png,Z4_74014_P0_L0.png,Z4_74014,1f0d97b92c9d517d33847f77609e03f019bc86a465b3d196d9ba63ae37dbc683
aihub,val,1,Training/01.원천데이터/TS_아토피_측면/Z4_74051_P0_L0.png,Z4_74051_P0_L0.png,Z4_74051,8138d43cb5208aaa07c97d5b61e0b3107a15fa687f345fbd771fb764c42f64f6
aihub,val,1,Training/01.원천데이터/TS_아토피_측면/Z4_74092_P0_L0.png,Z4_74092_P0_L0.png,Z4_74092,b9a831110d4e08d4cc78c417fd9642f68743415a46bcae93d6a6bb6ab518d8c8
aihub,val,1,Training/01.원천데이터/TS_아토피_측면/Z4_74096_P0_L0.png,Z4_74096_P0_L0.png,Z4_74096,ff092c02405eedf67805fc1be32b9f509c2124f5675b8d2ca4235f74cc4e08e3
aihub,val,1,Training/01.원천데이터/TS_아토피_측면/Z4_74102_P0_L0.png,Z4_74102_P0_L0.png,Z4_74102,2c50ff7168dcfb155dad83f9c0b3d39d9dd65c14b330261cf8cd07fa8e4eb522
aihub,val,1,Training/01.원천데이터/TS_아토피_측면/Z4_74177_P0_L0.png,Z4_74177_P0_L0.png,Z4_74177,f149765386384b4c2e1c7f8ad992467bfaaa8879e807a008e7a176909c6399eb
aihub,val,1,Training/01.원천데이터/TS_아토피_측면/Z4_74202_P0_L0.png,Z4_74202_P0_L0.png,Z4_74202,1c87ae09b8e3097ac13d9cda8cbf00c3c47441e1835e6a53bc3c3605c573aa7e
aihub,val,1,Training/01.원천데이터/TS_아토피_측면/Z4_74255_P0_L0.png,Z4_74255_P0_L0.png,Z4_74255,cfbe7b9b8b2bb371e930f9eec381ba892b89b4caaed751117c34e51e7daef5a3
aihub,val,1,Training/01.원천데이터/TS_아토피_측면/Z4_74264_P0_L0.png,Z4_74264_P0_L0.png,Z4_74264,b6f9c77e06e3167395fd391a29dbb9ba9df3fa6826685a416d805329dc4ed668
aihub,val,1,Training/01.원천데이터/TS_아토피_측면/Z4_74276_P0_L0.png,Z4_74276_P0_L0.png,Z4_74276,a18d16d37d9c10e25cba63eff6a7a4274011646037e4a3a8e3ac4438c85c4dc4
aihub,val,1,Training/01.원천데이터/TS_아토피_측면/Z4_74296_P0_L0.png,Z4_74296_P0_L0.png,Z4_74296,7fbee46d8032dfa9da2d9642534dd15e2d141633f1da3a532ea5d284891321cb
aihub,val,1,Training/01.원천데이터/TS_아토피_측면/Z4_74298_P0_L0.png,Z4_74298_P0_L0.png,Z4_74298,7b9a90ac011eacf5dcb5b38de2e15215694d13eea57dcac18a72a6c7963fd2c2
aihub,val,1,Training/01.원천데이터/TS_아토피_측면/Z4_74304_P0_L0.png,Z4_74304_P0_L0.png,Z4_74304,fbdf8398f04eb10200f3d93f8cab8b8bba456baf744e2d4ebdcfdf7fcd15b525
aihub,val,1,Training/01.원천데이터/TS_아토피_측면/Z4_74308_P0_L0.png,Z4_74308_P0_L0.png,Z4_74308,2fe1c342ab4e3dbd0dd6d4c4c57c6e39c6514d1ad96d5256f1fa557fdb34e417
aihub,val,1,Training/01.원천데이터/TS_아토피_측면/Z4_74321_P0_L0.png,Z4_74321_P0_L0.png,Z4_74321,eda6b8b55922632ad1b9eb7bb6d5810408f99d9ff3791211b6cd9381144d4492
aihub,val,1,Training/01.원천데이터/TS_아토피_측면/Z4_74325_P0_L0.png,Z4_74325_P0_L0.png,Z4_74325,5d6053ccc301c68ea055e61c39eb8ff9be4fc2b0f0dd9d0995fed560e0704e30
aihub,val,1,Training/01.원천데이터/TS_아토피_측면/Z4_74338_P0_L0.png,Z4_74338_P0_L0.png,Z4_74338,121804356ab3e987665a53ccc9dd01e6b0d1e5eb5ac70bd4b4a7768f4864845d
aihub,val,1,Training/01.원천데이터/TS_아토피_측면/Z4_74341_P0_L0.png,Z4_74341_P0_L0.png,Z4_74341,f0e911cb10e451411e3319bc88e1ada2ba620aad7277c607ef1ca1953f5218f7
aihub,val,1,Training/01.원천데이터/TS_아토피_측면/Z4_74345_P0_L0.png,Z4_74345_P0_L0.png,Z4_74345,e094f862f68926ffe14943bca90c76e9f4ea2ed98b90b70f26e3a21a13258bdb
aihub,val,1,Training/01.원천데이터/TS_아토피_측면/Z4_74346_P0_L0.png,Z4_74346_P0_L0.png,Z4_74346,32c0306b8010afad8c9e47bf717c72a8c2162958b2a1d6915cb2abe88ea3a9a1
aihub,val,1,Training/01.원천데이터/TS_아토피_측면/Z4_74352_P0_L0.png,Z4_74352_P0_L0.png,Z4_74352,6d9f84a48631b43f4ffc859c58406b021d9e81f66481d0165ea6b6405853db0b
aihub,val,1,Training/01.원천데이터/TS_아토피_측면/Z4_74354_P0_L0.png,Z4_74354_P0_L0.png,Z4_74354,a09cf5cfad2513accfbbd252d661e3458f07d80a1609578abf92bad3e183b95b
aihub,val,1,Training/01.원천데이터/TS_아토피_측면/Z4_74361_P0_L0.png,Z4_74361_P0_L0.png,Z4_74361,6ca6fa7ae2641234f16f882d702cc3c3986a299fad99bd95d99be8e4c953fec8
aihub,val,1,Training/01.원천데이터/TS_아토피_측면/Z4_74375_P0_L0.png,Z4_74375_P0_L0.png,Z4_74375,6577961e3058abd4dd52435137977d36506afbf595130028f46b145987d42008
aihub,val,1,Training/01.원천데이터/TS_아토피_측면/Z4_74380_P0_L0.png,Z4_74380_P0_L0.png,Z4_74380,5a2739f2487792bcec9546be9c8119f2d27836530c281f8ac0cb3b88c0133318
aihub,val,1,Training/01.원천데이터/TS_아토피_측면/Z4_74381_P0_L0.png,Z4_74381_P0_L0.png,Z4_74381,7e6745367254c152e800043f2a610beb426f10ce67ef2e05441c0eea7dcf93d2
aihub,val,1,Training/01.원천데이터/TS_아토피_측면/Z4_74398_P0_L0.png,Z4_74398_P0_L0.png,Z4_74398,b810a6976c374b8d29594bb5dff42f24cd34ed29279542731f9c4d38967702b9
aihub,val,1,Training/01.원천데이터/TS_아토피_측면/Z4_74410_P0_L0.png,Z4_74410_P0_L0.png,Z4_74410,027d12f82a5161364e861c2f08011baf5d6371cc5f30ea5167b9611ff7a78c33
aihub,val,1,Training/01.원천데이터/TS_아토피_측면/Z4_74443_P0_L0.png,Z4_74443_P0_L0.png,Z4_74443,cd8f08c03eb3f85cedaee630f3c8f10eb453ce84954df1e748786cc18bf7c779
aihub,val,1,Training/01.원천데이터/TS_아토피_측면/Z4_74463_P0_L0.png,Z4_74463_P0_L0.png,Z4_74463,cb65223b4f35f4f610292a2bf9005280fb8fcea5db3e545dfe457967b12956a3
aihub,val,1,Training/01.원천데이터/TS_아토피_측면/Z4_74476_P0_L0.png,Z4_74476_P0_L0.png,Z4_74476,4708ccd846097ca0f157c3d6294ecac7072fddd0d172299983bc0f418a562004
aihub,val,1,Training/01.원천데이터/TS_아토피_측면/Z4_74513_P0_L0.png,Z4_74513_P0_L0.png,Z4_74513,42cfac623d20e3e17e09350307f86b2b9fe679dc0505845b45e0d1064662cffd
aihub,val,1,Training/01.원천데이터/TS_아토피_측면/Z4_75138_P0_L0.png,Z4_75138_P0_L0.png,Z4_75138,b270da84a1d312eef136dd1dc558e9af81950c4408c75abb4a995f5d9132156a
aihub,val,1,Training/01.원천데이터/TS_아토피_측면/Z4_75383_P0_L0.png,Z4_75383_P0_L0.png,Z4_75383,30242497a15e8df624fe54a145bc4ae530d4c7bf9fbf47cacc5070032352d045
aihub,val,1,Training/01.원천데이터/TS_아토피_측면/Z4_75461_P0_L0.png,Z4_75461_P0_L0.png,Z4_75461,3e4e5b9dd087ece9d84e59d3fd31e74bdf7baaf38b5c815900c39e67b4592915
aihub,val,1,Training/01.원천데이터/TS_아토피_측면/Z4_75497_P0_L0.png,Z4_75497_P0_L0.png,Z4_75497,7089be8652a47a0cb2523bdc10b2585c7409925e2df998f7334b26b26c383e3e
aihub,val,1,Training/01.원천데이터/TS_아토피_측면/Z4_75572_P0_L0.png,Z4_75572_P0_L0.png,Z4_75572,92089c9f6809af0861a0ef82befe50541ebb6571bfc459756a3b2291c3a9b05d
aihub,val,1,Training/01.원천데이터/TS_아토피_측면/Z4_75634_P0_L0.png,Z4_75634_P0_L0.png,Z4_75634,182abf2edbe2accd401fdfebccbab2486535010173e7c22c59204697e22268f2
aihub,val,1,Training/01.원천데이터/TS_아토피_측면/Z4_75656_P0_L0.png,Z4_75656_P0_L0.png,Z4_75656,fe18ec72819e87a4d2facf9629c8e379aca786e3a1f117a71f1e8d35ac4568c9
aihub,val,1,Training/01.원천데이터/TS_아토피_측면/Z4_75674_P0_L0.png,Z4_75674_P0_L0.png,Z4_75674,05de5a534ac72683af8265f27059642495515456d3bccafd58fde204a3420e42
aihub,val,1,Training/01.원천데이터/TS_아토피_측면/Z4_75686_P0_L0.png,Z4_75686_P0_L0.png,Z4_75686,e77903dec1c506240c80b3030af6dddaeb385928ac5ae2a83dfe27787f4f4aa6
aihub,val,1,Training/01.원천데이터/TS_아토피_측면/Z4_75788_P0_L0.png,Z4_75788_P0_L0.png,Z4_75788,ba859e809a5381eb6f5138f7bc1f42106e6ce45e3bdefcf2f2ed5eb2916e598e
aihub,val,1,Training/01.원천데이터/TS_아토피_측면/Z4_75789_P0_L0.png,Z4_75789_P0_L0.png,Z4_75789,14b67641ea6cfeb8d648de2af5128c8a42146cc5c6011b72333e6473b64f76d7
aihub,val,1,Training/01.원천데이터/TS_아토피_측면/Z4_75809_P0_L0.png,Z4_75809_P0_L0.png,Z4_75809,42ce19ea878d191da1bf9ff3cab03b3f9adff851e387a3125d12be4b3c98d55e
aihub,val,1,Training/01.원천데이터/TS_아토피_측면/Z4_75843_P0_L0.png,Z4_75843_P0_L0.png,Z4_75843,40511542d2f44fea9d8a8700ee003154cd5ad45c68838787a32db657183960f0
aihub,val,1,Training/01.원천데이터/TS_아토피_측면/Z4_75855_P0_L0.png,Z4_75855_P0_L0.png,Z4_75855,6c29f9be69c6618ddbbbd87297b38be76dc15e19b7d7df82436c37099b28e2a8
aihub,val,1,Training/01.원천데이터/TS_아토피_측면/Z4_75898_P0_L0.png,Z4_75898_P0_L0.png,Z4_75898,59bffbec06c0172581cc188a7e144f050e07d53cbe1f624183f4d9c5d1edb95e
aihub,val,1,Training/01.원천데이터/TS_아토피_측면/Z4_75909_P0_L0.png,Z4_75909_P0_L0.png,Z4_75909,2ef586c85e8fa43ee20e69bda3108d1327a96fbd10ead4b297a37ba7a20ea0ae
aihub,val,1,Training/01.원천데이터/TS_아토피_측면/Z4_75930_P0_L0.png,Z4_75930_P0_L0.png,Z4_75930,ad96352d3e19927d7243e5f5aaa42e0738e83be15e412957b87bb598ac7cfa07
aihub,val,1,Training/01.원천데이터/TS_아토피_측면/Z4_75941_P0_L0.png,Z4_75941_P0_L0.png,Z4_75941,f9ed4c858b6f9d59c5b3b74a76cf8dec5b7644b8cfbfa6f1c5be50e222965f0d
aihub,val,1,Training/01.원천데이터/TS_아토피_측면/Z4_75943_P0_L0.png,Z4_75943_P0_L0.png,Z4_75943,e448db9acb5bb6fd22a19887d66103681201cf96fa5784659f9815aed7617540
aihub,val,1,Training/01.원천데이터/TS_아토피_측면/Z4_75966_P0_L0.png,Z4_75966_P0_L0.png,Z4_75966,eb36cded33e5edbf3372c8a22684b2155c0cd26b82d01fb7d47975902d048d85
aihub,val,1,Training/01.원천데이터/TS_아토피_측면/Z4_75998_P0_L0.png,Z4_75998_P0_L0.png,Z4_75998,6d84fddac779ff67ef4b2776bab21a4ff7e14f0e1b338c2f93b1c9952f3920e9
aihub,val,1,Training/01.원천데이터/TS_아토피_측면/Z4_76000_P0_L0.png,Z4_76000_P0_L0.png,Z4_76000,6c061dba7867682feb8638cfb11270e8df3fead3a485b9a2a075e221d852c016
aihub,val,1,Training/01.원천데이터/TS_아토피_측면/Z4_76004_P0_L0.png,Z4_76004_P0_L0.png,Z4_76004,c695f4afc641f64a2b53b2ed939e8c143e9326c14cd0de10af69200402546894
aihub,val,1,Training/01.원천데이터/TS_아토피_측면/Z4_76034_P0_L0.png,Z4_76034_P0_L0.png,Z4_76034,ecc73fe4ec7fbe54dd0640a55be59952fec340c9b51270fd883f5bc4e2f5807b
aihub,val,1,Training/01.원천데이터/TS_아토피_측면/Z4_76036_P0_L0.png,Z4_76036_P0_L0.png,Z4_76036,2e593cf0fa497d020ecd194e75c73c71feb1c80307b6271bcf76f0aa1e3ad21d
aihub,val,1,Training/01.원천데이터/TS_아토피_측면/Z4_76038_P0_L0.png,Z4_76038_P0_L0.png,Z4_76038,0e1528261a1b1218626d54b37615577740bfe795c52aec4dbad947fe1629064a
aihub,val,1,Training/01.원천데이터/TS_아토피_측면/Z4_76042_P0_L0.png,Z4_76042_P0_L0.png,Z4_76042,149a4d7e25288994e24fc3a10c4ce143409688cb81027b872ff935a3d8a05e2e
aihub,val,1,Training/01.원천데이터/TS_아토피_측면/Z4_76051_P0_L0.png,Z4_76051_P0_L0.png,Z4_76051,31e8c834b599d4fa541461c007c9f0ad5fbb48230595a95849e3309f4aa1e3e3
aihub,val,1,Training/01.원천데이터/TS_아토피_측면/Z4_76058_P0_L0.png,Z4_76058_P0_L0.png,Z4_76058,158cded6d4c2850d11a8a6b81114366e4c7340cc4672d593e458b842c9e79828
aihub,val,1,Training/01.원천데이터/TS_아토피_측면/Z4_76088_P0_L0.png,Z4_76088_P0_L0.png,Z4_76088,80a62ccc3f384c8b18685ff6cf438835b635b8998d7f6a466a84496edde26a7a
aihub,val,1,Training/01.원천데이터/TS_아토피_측면/Z4_76129_P0_L0.png,Z4_76129_P0_L0.png,Z4_76129,44c5fe5b96e50d6680cf1662c01b14579ed48d2827c249e865bae66f9e1be997
aihub,val,1,Training/01.원천데이터/TS_아토피_측면/Z4_76134_P0_L0.png,Z4_76134_P0_L0.png,Z4_76134,1952efc5de3ea6307f2a1316f4444a650956d84468c8fb90f0f95969d600519a
aihub,val,1,Training/01.원천데이터/TS_아토피_측면/Z4_76152_P0_L0.png,Z4_76152_P0_L0.png,Z4_76152,d1c5eb3d5eaf33e1c2d5eec265afd3ddfbc4d6bd62c9249a7f46ea9bee3c010d
aihub,val,1,Training/01.원천데이터/TS_아토피_측면/Z4_76157_P0_L0.png,Z4_76157_P0_L0.png,Z4_76157,104f5085d979376c2735f95e20bafdf7626ec69d51983442fc485821b08797bc
aihub,val,1,Training/01.원천데이터/TS_아토피_측면/Z4_76161_P0_L0.png,Z4_76161_P0_L0.png,Z4_76161,7cfd38bb90e935965f10ce2e7d2290f55412777def565c4111e37ba9440fac55
aihub,val,1,Training/01.원천데이터/TS_아토피_측면/Z4_76170_P0_L0.png,Z4_76170_P0_L0.png,Z4_76170,28c23490e162212ec754d704db92ffe69719a5309f8a96147e1d9af2284b99fd
aihub,val,1,Training/01.원천데이터/TS_아토피_측면/Z4_76189_P0_L0.png,Z4_76189_P0_L0.png,Z4_76189,d844e2ee5f78d39d74e864b4c4311c1a69a1be61bc4346ec20e271467c691712
aihub,val,1,Training/01.원천데이터/TS_아토피_측면/Z4_76192_P0_L0.png,Z4_76192_P0_L0.png,Z4_76192,55fbac65c7039cff285ef5ddd4c425d8c2ab1864a4362ded1f915c27d6ce86c1
aihub,val,1,Training/01.원천데이터/TS_아토피_측면/Z4_76207_P0_L0.png,Z4_76207_P0_L0.png,Z4_76207,4296a501bfcb6a395854d24b41fe100c0ac0fbd63ba14eceb93e6c7289fea416
aihub,val,1,Training/01.원천데이터/TS_아토피_측면/Z4_76218_P0_L0.png,Z4_76218_P0_L0.png,Z4_76218,a39fec42d2dbe3bee0f16b5e1bd54e4734fc15ce418a5ea0078724d5e08011d5
aihub,val,1,Training/01.원천데이터/TS_아토피_측면/Z4_76236_P0_L0.png,Z4_76236_P0_L0.png,Z4_76236,29aefbdb5fb476fa729f531ef3a02dee4a5a6f3ec1f4191d68beb3c860945b81
aihub,val,1,Training/01.원천데이터/TS_아토피_측면/Z4_76243_P0_L0.png,Z4_76243_P0_L0.png,Z4_76243,e88280849ed27238a9ba63e7c3b60a40fbbd78cdeed646daed1cf1861abff0e6
aihub,val,1,Training/01.원천데이터/TS_아토피_측면/Z4_76264_P0_L0.png,Z4_76264_P0_L0.png,Z4_76264,c5985d6d9d42cca913f661617d670dad7aa521102f1204f10ff8301fbbfa428e
aihub,val,1,Training/01.원천데이터/TS_아토피_측면/Z4_76268_P0_L0.png,Z4_76268_P0_L0.png,Z4_76268,5c2372fbe8f30942c0dc139b7adef4daf0ba8adf808231423d065de11bc0faa5
aihub,val,1,Training/01.원천데이터/TS_아토피_측면/Z4_76286_P0_L0.png,Z4_76286_P0_L0.png,Z4_76286,e8ebd0adab643031d2eba54437d306d9bfb1054773e2591b4c91876647d22bd2
aihub,val,1,Training/01.원천데이터/TS_아토피_측면/Z4_76297_P0_L0.png,Z4_76297_P0_L0.png,Z4_76297,5e5ba2ebf6884169cb5d98c4f143db7771e44d98de3865187dad7461e18c5b19
aihub,val,1,Training/01.원천데이터/TS_아토피_측면/Z4_76298_P0_L0.png,Z4_76298_P0_L0.png,Z4_76298,76a91a1788914f94ee5f5df819bd4f7130fb4ebda174c7a739e2165027674da8
aihub,val,1,Training/01.원천데이터/TS_아토피_측면/Z4_76313_P0_L0.png,Z4_76313_P0_L0.png,Z4_76313,40f5759b1cffb36fd33a28e4f19098a4825e7dcdf1b4b29a2f5fe390c6778b51
aihub,val,1,Training/01.원천데이터/TS_아토피_측면/Z4_76327_P0_L0.png,Z4_76327_P0_L0.png,Z4_76327,f8ee3749b0d2693d605e4fb020b1b7e6a365139b1bca33be66894e053dce02c7
aihub,val,1,Training/01.원천데이터/TS_아토피_측면/Z4_76329_P0_L0.png,Z4_76329_P0_L0.png,Z4_76329,a158bc43cb9a00cf902f21fac6fcbacf61fd2f87d73126b0c03c209fa5e3bcb2
aihub,val,1,Training/01.원천데이터/TS_아토피_측면/Z4_76371_P0_L0.png,Z4_76371_P0_L0.png,Z4_76371,6663fb3e5b8a117127e9f4627150ec9fecc928dcba2c75c64f548270bae24c21
aihub,val,1,Training/01.원천데이터/TS_아토피_측면/Z4_76429_P0_L0.png,Z4_76429_P0_L0.png,Z4_76429,346d822c38f1a7ee16fde994b0c5637101c5e54b2aca99461f6d7e5f8a458f4c
aihub,val,1,Training/01.원천데이터/TS_아토피_측면/Z4_76432_P0_L0.png,Z4_76432_P0_L0.png,Z4_76432,b548272581fd7f7dd36ccfb5883f02fa593a75e3dc53e240dbafd209864f1dc0
aihub,val,1,Training/01.원천데이터/TS_아토피_측면/Z4_76446_P0_L0.png,Z4_76446_P0_L0.png,Z4_76446,f809d6746f884c3ece1bf9711656d6bbdfced5a04cbe75bdb5505f03a942c6bb
aihub,val,1,Training/01.원천데이터/TS_아토피_측면/Z4_76488_P0_L0.png,Z4_76488_P0_L0.png,Z4_76488,cf38bbe148f078718f4d03a70d16c9b3b028f3669496ea6af2264a3efb926c46
aihub,val,1,Training/01.원천데이터/TS_아토피_측면/Z4_76493_P0_L0.png,Z4_76493_P0_L0.png,Z4_76493,30a5c211e54cb4db27bd9dc2154854447910ff68b25525404e305482ec5ea356
aihub,val,1,Training/01.원천데이터/TS_아토피_측면/Z4_76509_P0_L0.png,Z4_76509_P0_L0.png,Z4_76509,2b09eb07ccdcf6eb6477b64d537b93a1ae5d4f80867b9b566320eb9da6ec64a1
aihub,val,1,Training/01.원천데이터/TS_아토피_측면/Z4_76515_P0_L0.png,Z4_76515_P0_L0.png,Z4_76515,6fff0a0164f5ccb332c230855e8f5566a6a98003ec0b90e1603554ab46bb670c
aihub,val,1,Training/01.원천데이터/TS_아토피_측면/Z4_76552_P0_L0.png,Z4_76552_P0_L0.png,Z4_76552,daa06dca06b4e5e2ffc9cd62637665cfe2f386f9c863d4e3e11c9cf43d13b93c
aihub,val,1,Training/01.원천데이터/TS_아토피_측면/Z4_76557_P0_L0.png,Z4_76557_P0_L0.png,Z4_76557,2676f70824bae5fe1dcc6833617cc3dc9b90baffa0a30f8b23f3e23560068606
aihub,val,1,Training/01.원천데이터/TS_아토피_측면/Z4_76567_P0_L0.png,Z4_76567_P0_L0.png,Z4_76567,855d4a1782864a4868180d51d260f18fcbfcafa1fb1f43aba86f77c7c6d1d12b
aihub,val,1,Training/01.원천데이터/TS_아토피_측면/Z4_76569_P0_L0.png,Z4_76569_P0_L0.png,Z4_76569,403993759f0654d29a08b63ef19b0aa2347c5c82140f249649e3a96a1fb38dd9
aihub,val,1,Training/01.원천데이터/TS_아토피_측면/Z4_76583_P0_L0.png,Z4_76583_P0_L0.png,Z4_76583,c39f61cd6fcc8c033bc12f26435bc13dafecf2e92151edb3c9c6bd3b73f2316b
aihub,val,1,Training/01.원천데이터/TS_아토피_측면/Z4_76604_P0_L0.png,Z4_76604_P0_L0.png,Z4_76604,39f0f4e82fa2f56d63b9efa51b81387b0029ee898453415fa3f975602f7f8ffb
aihub,val,1,Training/01.원천데이터/TS_아토피_측면/Z4_76605_P0_L0.png,Z4_76605_P0_L0.png,Z4_76605,dc089ddfa17390b1034825b68d5cb185ce0d4aa8e5130343f50683f7b75b3fac
aihub,val,1,Training/01.원천데이터/TS_아토피_측면/Z4_76624_P0_L0.png,Z4_76624_P0_L0.png,Z4_76624,e4a2a56bc4e0c1a260c9a891d33d2cb4bc85eec05d865760f59bf7a007628e3e
aihub,val,1,Training/01.원천데이터/TS_아토피_측면/Z4_76665_P0_L0.png,Z4_76665_P0_L0.png,Z4_76665,c3931acbcbf512bbb95d0a1da80dea39d37c925d9fa4799b4b60b2060cf104ab
aihub,val,1,Training/01.원천데이터/TS_아토피_측면/Z4_76672_P0_L0.png,Z4_76672_P0_L0.png,Z4_76672,9f70ebb55f487d8925bf9e58e38ed98603cfa9aa25b2253da45664eab68c5a95
aihub,val,1,Training/01.원천데이터/TS_아토피_측면/Z4_76699_P0_L0.png,Z4_76699_P0_L0.png,Z4_76699,7fe87b940c3c139f58f129ce6ce1ff44c9ec3f1e1b98ede9c801926598ff6147
aihub,val,1,Training/01.원천데이터/TS_아토피_측면/Z4_76771_P0_L0.png,Z4_76771_P0_L0.png,Z4_76771,d69e5456a8803e591bacb00ac227a4cb618ce8a6991cbc623777c48ea39063be
aihub,val,1,Training/01.원천데이터/TS_아토피_측면/Z4_76775_P0_L0.png,Z4_76775_P0_L0.png,Z4_76775,740cdca7bd38d2ccece87e83221c98531bf9efd204a933419a38312e2cd66a20
aihub,val,1,Training/01.원천데이터/TS_아토피_측면/Z4_76806_P0_L0.png,Z4_76806_P0_L0.png,Z4_76806,5991240b7f15207484f9f6768f2d8c13cebe0483d60da1050b4f64ecd97bd797
aihub,val,1,Training/01.원천데이터/TS_아토피_측면/Z4_76808_P0_L0.png,Z4_76808_P0_L0.png,Z4_76808,f3db4cf017642eda7b20f77695e4aee79b835c8311496589c9669cfb0936aa94
aihub,val,1,Training/01.원천데이터/TS_아토피_측면/Z4_76812_P0_L0.png,Z4_76812_P0_L0.png,Z4_76812,5bf5dfe1fa08401cd4b5741a162adb103912686fb751f089add95e93d2d0246c
aihub,val,1,Training/01.원천데이터/TS_아토피_측면/Z4_76824_P0_L0.png,Z4_76824_P0_L0.png,Z4_76824,e0fa2388e57a23ff006ff65f1db171c680b83d4d2fc6f83bf2bed2377218982c
aihub,val,1,Training/01.원천데이터/TS_아토피_측면/Z4_76853_P0_L0.png,Z4_76853_P0_L0.png,Z4_76853,6f8b2c9cd799296cf57945b2fbce8815a9c02713f2f00144c20905e74a15f354
aihub,val,1,Training/01.원천데이터/TS_아토피_측면/Z4_76886_P0_L0.png,Z4_76886_P0_L0.png,Z4_76886,cfcf7ca15be3d1072a54745df834b7b4e55e548ca72dd1fa2b68fed58b9ab719
aihub,val,1,Training/01.원천데이터/TS_아토피_측면/Z4_76901_P0_L0.png,Z4_76901_P0_L0.png,Z4_76901,33bf6a1710beda0181d8ad1b45593fddd55a3a0a74e348f7f803f666cad21ab3
aihub,val,1,Training/01.원천데이터/TS_아토피_측면/Z4_76944_P0_L0.png,Z4_76944_P0_L0.png,Z4_76944,2c935c31123bb7a98c7232b2daece838f7aae9b2673eb8aed373cec87e249aa9
aihub,val,1,Training/01.원천데이터/TS_아토피_측면/Z4_77028_P0_L0.png,Z4_77028_P0_L0.png,Z4_77028,56a261e96f8840f1d7b869774b0051563986015d415a7f0e7968c0f25c6c056e
aihub,val,1,Training/01.원천데이터/TS_아토피_측면/Z4_77040_P0_L0.png,Z4_77040_P0_L0.png,Z4_77040,0602817cabeff9021dcc88fe8f2f1899d19a10be6baf46bce61c1ff66daa9e93
aihub,val,1,Training/01.원천데이터/TS_아토피_측면/Z4_77062_P0_L0.png,Z4_77062_P0_L0.png,Z4_77062,5fddacdde5eba9346ae3f7362934da87cc0881f42f8dbe31a3e537a61e2af82b
aihub,val,1,Training/01.원천데이터/TS_아토피_측면/Z4_77200_P0_L0.png,Z4_77200_P0_L0.png,Z4_77200,a276e1ed06721ba87c52eea788e3f9007394f65d45be08d965f1fba25fc72aac
aihub,val,1,Training/01.원천데이터/TS_아토피_측면/Z4_77288_P0_L0.png,Z4_77288_P0_L0.png,Z4_77288,78c4c81511c3b37efa7ffcdaddae5750c715c231e127d92c025d6cced60d8232
aihub,val,1,Training/01.원천데이터/TS_아토피_측면/Z4_77298_P0_L0.png,Z4_77298_P0_L0.png,Z4_77298,63f4cfc120ec7cd69840c68254e59b1e6cf15b4df1f49dfdc669d63a08b9b2bf
aihub,val,1,Training/01.원천데이터/TS_아토피_측면/Z4_77329_P0_L0.png,Z4_77329_P0_L0.png,Z4_77329,77ed4300120486572659e07b0f2d6e28492d586d768b01af794643c9ed6e4f1e
aihub,val,1,Training/01.원천데이터/TS_아토피_측면/Z4_77483_P0_L0.png,Z4_77483_P0_L0.png,Z4_77483,5f4946963e0a9d0eb87e45b9361f499d013125b9320ccd31f1737830233973b5
aihub,val,1,Training/01.원천데이터/TS_아토피_측면/Z4_77532_P0_L0.png,Z4_77532_P0_L0.png,Z4_77532,a1c4e10e73a13fef340a819e2b94a34749a0691e0dce09a7b7b446c85d86f3bd
aihub,val,1,Training/01.원천데이터/TS_아토피_측면/Z4_77602_P0_L0.png,Z4_77602_P0_L0.png,Z4_77602,6244e9ca5f9f70c8284b91eac08d5b9aae7bfdfc4420262e9eae8e5e759b34aa
aihub,val,1,Training/01.원천데이터/TS_아토피_측면/Z4_77630_P0_L0.png,Z4_77630_P0_L0.png,Z4_77630,e5948f0f4205410208353888375f9250d670609d2375a4b67ff05d0d4a4ad3af
aihub,val,1,Training/01.원천데이터/TS_아토피_측면/Z4_77639_P0_L0.png,Z4_77639_P0_L0.png,Z4_77639,c47c2212148e6bcef89360d37221424fb9d0d0e0481a92363b65162651a21d2d
aihub,val,1,Training/01.원천데이터/TS_아토피_측면/Z4_77668_P0_L0.png,Z4_77668_P0_L0.png,Z4_77668,341bd82382dcbf966def56fa685d63d3ba9d081cc1278b3e432333fcd9f6ea2d
aihub,val,1,Training/01.원천데이터/TS_아토피_측면/Z4_77669_P0_L0.png,Z4_77669_P0_L0.png,Z4_77669,e300925a1fe94f7ebbbba0f80509820f0ac8e4bf74334db41598fb662943b1f1
aihub,val,1,Training/01.원천데이터/TS_아토피_측면/Z4_77701_P0_L0.png,Z4_77701_P0_L0.png,Z4_77701,8876085743c9751c05cbd81ef8cdcfd7c78009cc3cc2b8311ae874dcf2083682
aihub,val,1,Training/01.원천데이터/TS_아토피_측면/Z4_77727_P0_L0.png,Z4_77727_P0_L0.png,Z4_77727,77dd302158bcf9fac81e2788860dde93a8e8f6a68d5cb2932e334b652f07d132
aihub,val,1,Training/01.원천데이터/TS_아토피_측면/Z4_77728_P0_L0.png,Z4_77728_P0_L0.png,Z4_77728,fd0768547ded458b01e44e5fdaa68bbf68584b2a0bd2588a3496788520645cbd
aihub,val,1,Training/01.원천데이터/TS_아토피_측면/Z4_77869_P0_L0.png,Z4_77869_P0_L0.png,Z4_77869,3e0226f0b68baf5a09fb73b3863bb444f669f534e2428898dd5bfbe186cb30aa
aihub,val,1,Training/01.원천데이터/TS_아토피_측면/Z4_77926_P0_L0.png,Z4_77926_P0_L0.png,Z4_77926,503f22b44e43e78be6e5998f28705e3b3c586acc555ce12ed29123b5518319ea
aihub,val,1,Training/01.원천데이터/TS_아토피_측면/Z4_77943_P0_L0.png,Z4_77943_P0_L0.png,Z4_77943,1ba3593019aaddae8688bc07d2b2d8d025f4f7e7806c3c45466053370aaee911
aihub,val,1,Training/01.원천데이터/TS_아토피_측면/Z4_77950_P0_L0.png,Z4_77950_P0_L0.png,Z4_77950,7361cffefb7c8c292dbed60fd83c0da628d7bd90be33e3480953b3e4c5011754
aihub,val,1,Training/01.원천데이터/TS_아토피_측면/Z4_78041_P0_L0.png,Z4_78041_P0_L0.png,Z4_78041,88545fc566d24fdbb777347512de326d9fdc907339e3647477ce30054cac09da
aihub,val,1,Training/01.원천데이터/TS_아토피_측면/Z4_78084_P0_L0.png,Z4_78084_P0_L0.png,Z4_78084,12050507d5fa1697922baf74ee8a0b3f68235bbe9d51615bf3c9fae1eabdc6f3
aihub,val,1,Training/01.원천데이터/TS_아토피_측면/Z4_78091_P0_L0.png,Z4_78091_P0_L0.png,Z4_78091,f2e8a60882e45496d5961b4c7cf760b37bea419e02d0d53dc4225d1c70907079
aihub,val,1,Training/01.원천데이터/TS_아토피_측면/Z4_78112_P0_L0.png,Z4_78112_P0_L0.png,Z4_78112,d7abf6286c17ec18c891ef5f4e3d3b0d747bb6b9ff01ed8f8fce16e2bd0fe4d6
aihub,val,1,Training/01.원천데이터/TS_아토피_측면/Z4_78125_P0_L0.png,Z4_78125_P0_L0.png,Z4_78125,3bf8f709e9499c4b22d3338f942c96fdc9e5aaf5bbd56aaa004eb0d3767e817d
aihub,val,1,Validation/01.원천데이터/VS_아토피_정면/H5_1010_P1_L0.png,H5_1010_P1_L0.png,H5_1010,c233a133298b5b9b203b4204bba43614cffecef6cf3ec21230f91a38c5d9922b
aihub,val,1,Validation/01.원천데이터/VS_아토피_정면/H5_1417_P9_L1.png,H5_1417_P9_L1.png,H5_1417,1f071599f0626a980665768ab8f62f96d3552b606e8ee2e86c8b16f12ef0bad1
aihub,val,1,Validation/01.원천데이터/VS_아토피_정면/H5_1450_P9_L1.png,H5_1450_P9_L1.png,H5_1450,f7aeaf86ce8a38370c724b1fe1d9cd6c9a9de09c912753b26611f160f5620dab
aihub,val,1,Validation/01.원천데이터/VS_아토피_정면/H5_1497_P3_L0.png,H5_1497_P3_L0.png,H5_1497,272ea6c4d807722658b7f1065df279397b8392f4a6e94eda04be5ebb09866214
aihub,val,1,Validation/01.원천데이터/VS_아토피_정면/H5_1515_P5_L0.png,H5_1515_P5_L0.png,H5_1515,fca9ed756a06768a9252431d42c8fad3a18803481709d0d060965b03c3b15f18
aihub,val,1,Validation/01.원천데이터/VS_아토피_정면/H5_1584_P1_L0.png,H5_1584_P1_L0.png,H5_1584,ea6181ec707ccef269c20c18f50becdc284fd5005d8c32430ab46bd24ab1aff6
aihub,val,1,Validation/01.원천데이터/VS_아토피_정면/H5_1591_P9_L3.png,H5_1591_P9_L3.png,H5_1591,ca26f1ae7962a5f56d03be046b9fb7d52652d762dea19e362fe7dccec4d47573
aihub,val,1,Validation/01.원천데이터/VS_아토피_정면/H7_2234_P2_L1.png,H7_2234_P2_L1.png,H7_2234,b028e09b122d5974bf276f41d3a1f398700b2a859b62a78812f106842a7aa0a4
aihub,val,1,Validation/01.원천데이터/VS_아토피_정면/H7_5021_P4_L3.png,H7_5021_P4_L3.png,H7_5021,b74c22b2088230a4a61e3606fe4b3479a19a6a001eb32c6cb25cb4858c653894
aihub,val,1,Validation/01.원천데이터/VS_아토피_정면/H7_5021_P5_L2.png,H7_5021_P5_L2.png,H7_5021,30f196d55e530cfcb392f217b6a32bdd9ed4a06f2c4f1d739e65aad1eb2ee4f5
aihub,val,1,Validation/01.원천데이터/VS_아토피_정면/H7_5025_P3_L0.png,H7_5025_P3_L0.png,H7_5025,4c6fa9eee20334d0e8c940ec049e9cc63846511b3679332f49a6ebd4f5c9fab3
aihub,val,1,Validation/01.원천데이터/VS_아토피_정면/H7_5025_P4_L1.png,H7_5025_P4_L1.png,H7_5025,447e3b68cadd87cfcd8ccda06461d869e76bd20bbca6571abb5ba2d765362c22
aihub,val,1,Validation/01.원천데이터/VS_아토피_정면/H7_5025_P5_L1.png,H7_5025_P5_L1.png,H7_5025,86380968b9afa305e68d35cd343055b11ed9d195b81a47e1e94aae7b975971ec
aihub,val,1,Validation/01.원천데이터/VS_아토피_정면/H7_5031_P3_L0.png,H7_5031_P3_L0.png,H7_5031,aa908834e5f2338c6c57df45470bf8ebb0f17647e1e6e52339b3e0b55765ad81
aihub,val,1,Validation/01.원천데이터/VS_아토피_정면/H7_5031_P5_L0.png,H7_5031_P5_L0.png,H7_5031,97cb5267e2d62564c36180aa68e15b4bcf819f1538dd343777cfae5102473008
aihub,val,1,Validation/01.원천데이터/VS_아토피_정면/H7_5041_P6_L3.png,H7_5041_P6_L3.png,H7_5041,f9321eedb2455be965613896d27753d4f4b174ff2cc93cd5a8b12cb85cd2f65f
aihub,val,1,Validation/01.원천데이터/VS_아토피_정면/H7_5046_P2_L0.png,H7_5046_P2_L0.png,H7_5046,cb9e222276203147f4dd122873848ead42d699d71a6036158f8d79a9495929a1
aihub,val,1,Validation/01.원천데이터/VS_아토피_정면/H7_5060_P5_L0.png,H7_5060_P5_L0.png,H7_5060,1a155791d7b614c094d9b161a9878abf443da28cf6dc4c0245fad936e250d3aa
aihub,val,1,Validation/01.원천데이터/VS_아토피_정면/H7_5062_P2_L0.png,H7_5062_P2_L0.png,H7_5062,faef02322fbfa7cc2bdd30df863c4f2388bbc6fc053b5b33ce5498aab44d98c2
aihub,val,1,Validation/01.원천데이터/VS_아토피_정면/H7_5066_P20_L2.png,H7_5066_P20_L2.png,H7_5066,9dc5cde0d0762c079c4b9f1fbb93432e92800cc6fb878cc7c153abdd73802f2c
aihub,val,1,Validation/01.원천데이터/VS_아토피_정면/H7_5070_P2_L2.png,H7_5070_P2_L2.png,H7_5070,e13c139cd7d3fe24f692ffcf4af049a51ea1093995ef3fdc5ceb0bd54aad1ed9
aihub,val,1,Validation/01.원천데이터/VS_아토피_정면/H7_5317_P12_L0.png,H7_5317_P12_L0.png,H7_5317,62c7b12a78016c171a13a79e3bbf3aa45b8092740ba367607dab0b1b83930d30
aihub,val,1,Validation/01.원천데이터/VS_아토피_정면/H7_604_P4_L4.png,H7_604_P4_L4.png,H7_604,7d45200a6ba9868c065e1a3f5461d5a0a7bfc59b8136350a2e5091c362a0468b
aihub,val,1,Validation/01.원천데이터/VS_아토피_측면/Z4_78193_P0_L0.png,Z4_78193_P0_L0.png,Z4_78193,71bfde77108b764bb08cc06e92edfe1f918e596a24733d5b1ef016a89745c322
aihub,val,1,Validation/01.원천데이터/VS_아토피_측면/Z4_78263_P0_L0.png,Z4_78263_P0_L0.png,Z4_78263,a9c5d70e18f015ce3b55001fbb8d9d5bc82ac60d79f3e4614d5a81d64a1e892b
aihub,val,1,Validation/01.원천데이터/VS_아토피_측면/Z4_78267_P0_L0.png,Z4_78267_P0_L0.png,Z4_78267,43d0a9f728481f2dd0bf208d912f03498d38024bcc23144441d2bac76896150b
aihub,val,1,Validation/01.원천데이터/VS_아토피_측면/Z4_78272_P0_L0.png,Z4_78272_P0_L0.png,Z4_78272,68ba021f3a214725216048d20f657c49f8e5c8d49b4474be7a3452fbac439230
aihub,val,1,Validation/01.원천데이터/VS_아토피_측면/Z4_78287_P0_L0.png,Z4_78287_P0_L0.png,Z4_78287,d86a8a384398b63dab54c592e61478daa02949de109c12b5ea97295366b1aa3d
aihub,val,1,Validation/01.원천데이터/VS_아토피_측면/Z4_78292_P0_L0.png,Z4_78292_P0_L0.png,Z4_78292,bf0322438d5d4bfce81b82c6ddb048b59b1f1926f06b61283596b4fd659eedec
aihub,val,1,Validation/01.원천데이터/VS_아토피_측면/Z4_78321_P0_L0.png,Z4_78321_P0_L0.png,Z4_78321,30e9f499823270db2a581168fa88109153eece1e77435d5a0f3424f45a48a67c
aihub,val,1,Validation/01.원천데이터/VS_아토피_측면/Z4_78325_P0_L0.png,Z4_78325_P0_L0.png,Z4_78325,29a6f356cbabf39bb17fe95b2338d06d67b7d01e2496853fda544859e59bdf46
aihub,val,1,Validation/01.원천데이터/VS_아토피_측면/Z4_78329_P0_L0.png,Z4_78329_P0_L0.png,Z4_78329,6b3b76413258e4a2d4d2d492d4a7bd126947210f3e4822f8465d619bae20679a
aihub,val,1,Validation/01.원천데이터/VS_아토피_측면/Z4_78333_P0_L0.png,Z4_78333_P0_L0.png,Z4_78333,7d5948aff38f431faffc566d3e8856c1b9718ad5cd958fa154b35b73a3bfbf39
aihub,val,1,Validation/01.원천데이터/VS_아토피_측면/Z4_78367_P0_L0.png,Z4_78367_P0_L0.png,Z4_78367,08796570ec7283ec1804645f0d8faf9178bde31cd4af9790b5a8547caa246439
aihub,val,1,Validation/01.원천데이터/VS_아토피_측면/Z4_78369_P0_L0.png,Z4_78369_P0_L0.png,Z4_78369,06e65679723606c226c15464cacb432a1cc414be4d0ce3dea7e467bc6dd07ee5
aihub,val,1,Validation/01.원천데이터/VS_아토피_측면/Z4_78374_P0_L0.png,Z4_78374_P0_L0.png,Z4_78374,3809cab7ec133e08c3fd8ee4986679630996fb703ae2005e7ad9f7b56feaa60b
aihub,val,1,Validation/01.원천데이터/VS_아토피_측면/Z4_78386_P0_L0.png,Z4_78386_P0_L0.png,Z4_78386,a86bf1ca33d402175925e18f46b6a84f38f0988d1d00d1a3d28c54db44a4af52
aihub,val,1,Validation/01.원천데이터/VS_아토피_측면/Z4_78407_P0_L0.png,Z4_78407_P0_L0.png,Z4_78407,24388a43ef42b44f6b2f660aba8077e86274265867c80fe3721e80a42fe16d32
aihub,val,1,Validation/01.원천데이터/VS_아토피_측면/Z4_78425_P0_L0.png,Z4_78425_P0_L0.png,Z4_78425,5b49667997043e8f44fee8f3a5738f167927603fe9967300212a71154b77775c
aihub,val,1,Validation/01.원천데이터/VS_아토피_측면/Z4_78429_P0_L0.png,Z4_78429_P0_L0.png,Z4_78429,f5302346b84dd7295cd4c74305447563c173ae4afdccdffba6c7d686f15de40e
aihub,val,1,Validation/01.원천데이터/VS_아토피_측면/Z4_78479_P0_L0.png,Z4_78479_P0_L0.png,Z4_78479,2cb61e95440e5ccd362e53df149ac949752883641aca08135ac3d32c3d271db2
aihub,val,1,Validation/01.원천데이터/VS_아토피_측면/Z4_78481_P0_L0.png,Z4_78481_P0_L0.png,Z4_78481,137535da13169531e12efa9b2f648a248d970fe7ba334ba2ede9deffbda06c4d
aihub,val,1,Validation/01.원천데이터/VS_아토피_측면/Z4_78488_P0_L0.png,Z4_78488_P0_L0.png,Z4_78488,73307aae1fcaad7134571032cc65a88106637b6c92ee843efa3c21d1f5891c06
aihub,val,1,Validation/01.원천데이터/VS_아토피_측면/Z4_78490_P0_L0.png,Z4_78490_P0_L0.png,Z4_78490,04eba6fca29bd90bccf6d0865ac72e6180bbddb81b4a16729089531b041c4c33
aihub,val,1,Validation/01.원천데이터/VS_아토피_측면/Z4_78500_P0_L0.png,Z4_78500_P0_L0.png,Z4_78500,799cab6729d3153a2b3fbcc5a6d9b979f20225dbeeb4efdfd37f7e9f2eeff060
aihub,val,1,Validation/01.원천데이터/VS_아토피_측면/Z4_78504_P0_L0.png,Z4_78504_P0_L0.png,Z4_78504,7b365ec5541c7d2b586a852a82ce7088378e6710fc975bd8fa84b44c900bc8c9
aihub,val,1,Validation/01.원천데이터/VS_아토피_측면/Z4_78518_P0_L0.png,Z4_78518_P0_L0.png,Z4_78518,ccf73b3f432e78bc535b599c034e92ccd4f6fa17865459e546378018d809b0d2
aihub,val,1,Validation/01.원천데이터/VS_아토피_측면/Z4_78541_P0_L0.png,Z4_78541_P0_L0.png,Z4_78541,4337fa71654f3d3fd29bb18cea618de24cf85d0b94cd318c572903141f461fd3
aihub,val,0,Training/01.원천데이터/TS_정상_정면/H4_3452_P65_L0.png,H4_3452_P65_L0.png,H4_3452,eebebf6baaef86a98892ba85030a71a4445300e968c276b9ec9397c00c3bab8d
aihub,val,0,Training/01.원천데이터/TS_정상_측면/Z4_83348_P0_L0.png,Z4_83348_P0_L0.png,Z4_83348,095cc2c264f6805fc853b7c5f2d4d720860dead9f149cc759b639e841071d3f0
aihub,val,0,Training/01.원천데이터/TS_정상_정면/H0_205990_P14_L0.png,H0_205990_P14_L0.png,H0_205990,62d4b743eb512dea22a8f4f06fa5b6c605f6035975bb8cc7445229e6016bc49b
aihub,val,0,Training/01.원천데이터/TS_정상_측면/Z4_83001_P0_L0.png,Z4_83001_P0_L0.png,Z4_83001,3a8050566bf930c5f025830a047e0d5f909b9ff4e52b73a67c1746dde05478cb
aihub,val,0,Validation/01.원천데이터/VS_정상_측면/Z4_117264_P0_L0.png,Z4_117264_P0_L0.png,Z4_117264,56493f266f158dd14c1922c2c92ad692f6175e3cd5cd88d1ee9e76c4d2394eb9
aihub,val,0,Training/01.원천데이터/TS_정상_측면/Z4_79280_P0_L0.png,Z4_79280_P0_L0.png,Z4_79280,b568af2e86efb7bf53812476d44b75436de6e6d461401929430bed64e131612f
aihub,val,0,Training/01.원천데이터/TS_정상_정면/H0_206353_P9_L0.png,H0_206353_P9_L0.png,H0_206353,f14b8d1d08e4fec82a1b8ff3e0825ed08526c75a1e89c9c79b24c9f9b2e1aaf3
aihub,val,0,Training/01.원천데이터/TS_정상_정면/H8_1362_P6_L0.png,H8_1362_P6_L0.png,H8_1362,3e4625b3c8a8497c8306f78814c2be53956b089322bf858d05b749d0f923da14
aihub,val,0,Training/01.원천데이터/TS_정상_정면/H8_1406_P1_L0.png,H8_1406_P1_L0.png,H8_1406,7c6d4c9f897f6102daa3bbc659a773774e2ea13bc1b7f0ab15a04f33aa18078b
aihub,val,0,Training/01.원천데이터/TS_정상_측면/Z4_80892_P0_L0.png,Z4_80892_P0_L0.png,Z4_80892,f20f6751b6e014b01cc3d7150088e53c2a7d27b35fcb3824565279d4fa8bb601
aihub,val,0,Training/01.원천데이터/TS_정상_측면/Z4_79360_P0_L0.png,Z4_79360_P0_L0.png,Z4_79360,0e30e876ea8538105ce4b50a1f1892946f3a739478f52fc34cf9a613b63960e7
aihub,val,0,Training/01.원천데이터/TS_정상_정면/H0_206186_P9_L0.png,H0_206186_P9_L0.png,H0_206186,0f5958d8ef94c30c126831e0a939dbf7afcaaba888fc5ec9c9857e7a47f5e5b5
aihub,val,0,Training/01.원천데이터/TS_정상_정면/H0_206101_P12_L0.png,H0_206101_P12_L0.png,H0_206101,fc16fe5f4c4e072eaa93f915c116c2b80089fa930cf9f8536f7e98e1cf9345e6
aihub,val,0,Training/01.원천데이터/TS_정상_측면/Z4_81124_P0_L0.png,Z4_81124_P0_L0.png,Z4_81124,14f57f515244240c3a4d661ecaa3902a76c8f96441ce186978a4895e4fb879d3
aihub,val,0,Training/01.원천데이터/TS_정상_측면/Z4_80599_P0_L0.png,Z4_80599_P0_L0.png,Z4_80599,33470a6ff1b92e94bd7d7b852b8ff48aed7af6cae5f99a088ec95916930e11ab
aihub,val,0,Training/01.원천데이터/TS_정상_정면/H0_206102_P9_L0.png,H0_206102_P9_L0.png,H0_206102,4c4449633ab5e534a8616902cb016aca653e26934bb66f785bee4a32bd3e3045
aihub,val,0,Training/01.원천데이터/TS_정상_정면/H9_3586_P5_L0.png,H9_3586_P5_L0.png,H9_3586,fb48ffa68fd1c2749e9663622e7e58e96bbd8f7626c4fb3890be6c641affb98d
aihub,val,0,Training/01.원천데이터/TS_정상_측면/Z4_83008_P0_L0.png,Z4_83008_P0_L0.png,Z4_83008,eae1ed1db348cbc571e0e09982a29576be74269d0b96208030243e5834c29683
aihub,val,0,Training/01.원천데이터/TS_정상_측면/Z4_81883_P0_L0.png,Z4_81883_P0_L0.png,Z4_81883,6191b6549f4e975536692ab1403b501e198d45a73b8f03000a8bf7d4f412c82c
aihub,val,0,Training/01.원천데이터/TS_정상_정면/H0_206087_P14_L0.png,H0_206087_P14_L0.png,H0_206087,b19818c833f1039d0d44016c2bbea3cfba6dfc43f4ee6bea14d06f7fcdcf62c8
aihub,val,0,Training/01.원천데이터/TS_정상_정면/H0_206379_P1_L0.png,H0_206379_P1_L0.png,H0_206379,dc8c20176a0ca492ae88dc765177003f55c875df8a3859b9e551ddc8a73f9e93
aihub,val,0,Validation/01.원천데이터/VS_정상_측면/Z4_117314_P0_L0.png,Z4_117314_P0_L0.png,Z4_117314,1f16c1603c0f69eac83a66d54121c916bcf4fdf1bda6891392290aa9e5bded3c
aihub,val,0,Training/01.원천데이터/TS_정상_정면/H9_3923_P11_L0.png,H9_3923_P11_L0.png,H9_3923,1d011828b006729b931699bd368768683eddaf44388d727675751c807182b0e8
aihub,val,0,Training/01.원천데이터/TS_정상_측면/Z4_82844_P0_L0.png,Z4_82844_P0_L0.png,Z4_82844,cb2d0cf242ee0fa89ea76d09a6f87ab0052f5e59a6bd25c1c8935317c69d4578
aihub,val,0,Training/01.원천데이터/TS_정상_측면/Z4_115440_P0_L0.png,Z4_115440_P0_L0.png,Z4_115440,a507ecbfef42104d67562577805ae74359d78be604c0a30ddae1737089911079
aihub,val,0,Training/01.원천데이터/TS_정상_측면/Z4_83175_P0_L0.png,Z4_83175_P0_L0.png,Z4_83175,a4a79aa4f7b2b978830553d3972f19de310376bd2a10dd27692e4342287e0b3e
aihub,val,0,Training/01.원천데이터/TS_정상_측면/Z4_79732_P0_L0.png,Z4_79732_P0_L0.png,Z4_79732,35fb834c024624eb99bbdc33bd27be0adbba8b7dbd835b6d2075dfe63914146f
aihub,val,0,Training/01.원천데이터/TS_정상_측면/Z4_81307_P0_L0.png,Z4_81307_P0_L0.png,Z4_81307,e43efa43614a2e21fc1138013b2bd390828acb2e980df7a3e1b740edc9408545
aihub,val,0,Training/01.원천데이터/TS_정상_정면/H0_206067_P9_L0.png,H0_206067_P9_L0.png,H0_206067,e8b83508bd45b7efc2f5b64ce8665e7fd2d1cd837ca120966c0fa2fbfd24231e
aihub,val,0,Training/01.원천데이터/TS_정상_정면/H9_3936_P1_L0.png,H9_3936_P1_L0.png,H9_3936,ca8b8d9e2bdea6c3813011cebea2986de5062885a3541b1b88f80d377bf39314
aihub,val,0,Training/01.원천데이터/TS_정상_측면/Z4_83455_P0_L0.png,Z4_83455_P0_L0.png,Z4_83455,81f1a86d410c59099030f43c85fb0578f4e3680d603da76b8a512b3e85caa15c
aihub,val,0,Training/01.원천데이터/TS_정상_정면/H7_2290_P2_L0.png,H7_2290_P2_L0.png,H7_2290,060bf99afbf6ca79eb1db6ac926645b115ed92c0cf0abbf3be1086703d58c292
aihub,val,0,Training/01.원천데이터/TS_정상_측면/Z4_80094_P0_L0.png,Z4_80094_P0_L0.png,Z4_80094,022f66be1f250865a294d9354f8f80c01f6f6e89109540b82e735feb33a5e4b7
aihub,val,0,Training/01.원천데이터/TS_정상_정면/H2_2740_P6_L0.png,H2_2740_P6_L0.png,H2_2740,da7053f41f025ce7fa1ff49f48d89df50e897f7d236556a4d9c0192a00d0d39f
aihub,val,0,Training/01.원천데이터/TS_정상_측면/Z4_80120_P0_L0.png,Z4_80120_P0_L0.png,Z4_80120,42203c6833a523c9b62f6d00fafeebfbc6ece669bf6f37ef513d938173ee7729
aihub,val,0,Training/01.원천데이터/TS_정상_정면/H0_206188_P9_L0.png,H0_206188_P9_L0.png,H0_206188,be7e95cd413f6c925ad4369e21022fc6461ef43b3b31f07ddab7543ae8ed45bd
aihub,val,0,Training/01.원천데이터/TS_정상_정면/H0_206068_P6_L0.png,H0_206068_P6_L0.png,H0_206068,d823fa4bdb219088f69b441108ed9a54793c87ff66a5ed260f97543844af9d36
aihub,val,0,Training/01.원천데이터/TS_정상_정면/H1_92575_P7_L2.png,H1_92575_P7_L2.png,H1_92575,0f08795af124b6fdb3564a9b2f980cee1effef9bd272a7458710333a1d702062
aihub,val,0,Training/01.원천데이터/TS_정상_측면/Z4_81384_P0_L0.png,Z4_81384_P0_L0.png,Z4_81384,ac1090d775538400b0a3a0dfdb0879ca9dcd68403af75469963f57ba910f5da0
aihub,val,0,Training/01.원천데이터/TS_정상_정면/H1_91235_P5_L1.png,H1_91235_P5_L1.png,H1_91235,ddf8b6307cc1e57a44bd685d4c73589064ee8aa8b05d5774b6609cb130966b45
aihub,val,0,Training/01.원천데이터/TS_정상_측면/Z4_79911_P0_L0.png,Z4_79911_P0_L0.png,Z4_79911,cf871126bdcdc50ab94aa2ddace8388424bda49a14fd44ca461d4cae0c5bfcc8
aihub,val,0,Training/01.원천데이터/TS_정상_정면/H2_2725_P12_L0.png,H2_2725_P12_L0.png,H2_2725,1088066093d8fa699bddb04e85aeed5321bcda9e46e6542747e3652c720457e9
aihub,val,0,Training/01.원천데이터/TS_정상_정면/H4_3466_P65_L0.png,H4_3466_P65_L0.png,H4_3466,3bc0cb10c8a7b6169334a619113e1698091e606990081569e7614906a71374bd
aihub,val,0,Training/01.원천데이터/TS_정상_측면/Z4_79679_P0_L0.png,Z4_79679_P0_L0.png,Z4_79679,8d9eff37d59e236753b22c4348d63522a0647208c1b4e48fe7d37e368ab340f6
aihub,val,0,Training/01.원천데이터/TS_정상_정면/H0_206207_P14_L0.png,H0_206207_P14_L0.png,H0_206207,442f36b74b4049594ea972cd4cc70feeef77396b3c89acb576e29a95d5257ca1
aihub,val,0,Training/01.원천데이터/TS_정상_측면/Z4_83217_P0_L0.png,Z4_83217_P0_L0.png,Z4_83217,d807f97ec8e171b41e19a897c7284025ff9db9130d50f37357e97ed1101dbf6b
aihub,val,0,Training/01.원천데이터/TS_정상_측면/Z4_80562_P0_L0.png,Z4_80562_P0_L0.png,Z4_80562,dac46fc891d4f27b54d0a75921268ec0e5bd74a143771502b576e50498997871
aihub,val,0,Training/01.원천데이터/TS_정상_측면/Z4_83307_P0_L0.png,Z4_83307_P0_L0.png,Z4_83307,42e20be83282b59697c33e1881134c65511a9288ee695b6e6b486e0819a34852
aihub,val,0,Training/01.원천데이터/TS_정상_정면/H0_206428_P2_L0.png,H0_206428_P2_L0.png,H0_206428,3f03292d06aa1de8a3eee8d2354113b8a6f058495858cf413ee98c5eb4177a21
aihub,val,0,Training/01.원천데이터/TS_정상_정면/H0_206127_P9_L0.png,H0_206127_P9_L0.png,H0_206127,8ca5662e73774ffc126e73a0c35c1814452ab1bc60a1ccb82acc0f089f7ce5a0
aihub,val,0,Training/01.원천데이터/TS_정상_측면/Z4_82418_P0_L0.png,Z4_82418_P0_L0.png,Z4_82418,75f74af48e319c4598a1b95dd857fcd01af1787f7a453c7f0170ebad5ef2dd95
aihub,val,0,Training/01.원천데이터/TS_정상_측면/Z4_82666_P0_L0.png,Z4_82666_P0_L0.png,Z4_82666,de2f974d485bc19838c15736b44d33b7626c8bd10419d2d4f9bd7fbed1c71a8d
aihub,val,0,Training/01.원천데이터/TS_정상_측면/Z4_83242_P0_L0.png,Z4_83242_P0_L0.png,Z4_83242,585ff63e2a167f207ec16ad7310be7a1d5bd2a8eaaab5fd312e7dd282aa1bb5f
aihub,val,0,Training/01.원천데이터/TS_정상_정면/H8_1362_P3_L0.png,H8_1362_P3_L0.png,H8_1362,34f1153826d93000712e7b5c9ebdcd639ab2841c870c51ede7c87e376afbe092
aihub,val,0,Training/01.원천데이터/TS_정상_정면/H0_206231_P14_L0.png,H0_206231_P14_L0.png,H0_206231,17e918eeb04dc56901af33bfa77f7cbd0eb78e1a7266b59ea65126918d7028e0
aihub,val,0,Training/01.원천데이터/TS_정상_측면/Z4_83365_P0_L0.png,Z4_83365_P0_L0.png,Z4_83365,9972cfc8b9581ba4aecc95f452a9ee2d8441c1b8223f9c30935d513a027fd9ca
aihub,val,0,Training/01.원천데이터/TS_정상_측면/Z4_79235_P0_L0.png,Z4_79235_P0_L0.png,Z4_79235,09747c543a781d4b9ef6893fd47bfff60b00d645c14d3fd6bdc69c7b7047f498
aihub,val,0,Training/01.원천데이터/TS_정상_정면/H0_205893_P5_L0.png,H0_205893_P5_L0.png,H0_205893,f6c3163b7444d9c283214261cd00bef1aa035765d9cbfa1f2aae71a09fd384b8
aihub,val,0,Validation/01.원천데이터/VS_정상_측면/Z4_117239_P0_L0.png,Z4_117239_P0_L0.png,Z4_117239,9b39c3f34d7297e640b52bb064d7674e6808e5754cec2e674efdd31c272be6c6
aihub,val,0,Training/01.원천데이터/TS_정상_측면/Z4_115707_P0_L0.png,Z4_115707_P0_L0.png,Z4_115707,15b575ff2857c039fd7c331ca856cad0ab79744f16dbe5d636c9d5864c364418
aihub,val,0,Training/01.원천데이터/TS_정상_측면/Z4_79623_P0_L0.png,Z4_79623_P0_L0.png,Z4_79623,15b82b9787f67ed64e5279e8b6ad1323ddc04f58554ff232c408cd9f57b69f9e
aihub,val,0,Training/01.원천데이터/TS_정상_측면/Z4_79335_P0_L0.png,Z4_79335_P0_L0.png,Z4_79335,a6cafb06f280383741d0ae9474c5952cd65f8971bdddca59056c940723dd0ded
aihub,val,0,Training/01.원천데이터/TS_정상_정면/H1_397433_P1_L0.png,H1_397433_P1_L0.png,H1_397433,50dd62e5b62e228c421a5b6395de027620398d5c853962757c96eec0f77f2492
aihub,val,0,Training/01.원천데이터/TS_정상_측면/Z4_80627_P0_L0.png,Z4_80627_P0_L0.png,Z4_80627,2b0cb893aad782400ffa4670967ca27dd35b1388a833c0207adbdfc69e389c3e
aihub,val,0,Training/01.원천데이터/TS_건선_측면/Z4_69938_P0_L0.png,Z4_69938_P0_L0.png,Z4_69938,91bb3a8edae54c83c05521b3150d3e09615dc467c2a45618723a702898b395fa
aihub,val,0,Validation/01.원천데이터/VS_건선_측면/Z4_72244_P0_L0.png,Z4_72244_P0_L0.png,Z4_72244,5d091cc9180ff29bb83627ef811b06131c3ac925f480d12c06b5226778358b33
aihub,val,0,Training/01.원천데이터/TS_건선_정면/H1_250653_P1_L0.png,H1_250653_P1_L0.png,H1_250653,7540c34f1d4fe341f6f91e9382add4e373f67ce058b5c29e90e9052392501fba
aihub,val,0,Training/01.원천데이터/TS_건선_정면/H0_57537_P2_L0.png,H0_57537_P2_L0.png,H0_57537,ab36df0b44dec2892ae1decee209b2ee8fdbfe983feca417df6c51fd943ad92f
aihub,val,0,Training/01.원천데이터/TS_건선_정면/H0_51167_P2_L0.png,H0_51167_P2_L0.png,H0_51167,33c0c9da1d0137704869fc22161bd0365ca5cc4ed90e23e777438edd7a652ac0
aihub,val,0,Validation/01.원천데이터/VS_건선_측면/Z4_72345_P0_L0.png,Z4_72345_P0_L0.png,Z4_72345,33b19756123585a5143fb2162d53cd36dd8a3536cfd7e2a7ef4c4f897864b2d4
aihub,val,0,Training/01.원천데이터/TS_건선_정면/H1_202403_P2_L0.png,H1_202403_P2_L0.png,H1_202403,15b6bc89948bea72e0cc9d90e6591141df035069231b05cdcf8bb67fb6e4f3c7
aihub,val,0,Training/01.원천데이터/TS_건선_측면/Z4_69173_P0_L0.png,Z4_69173_P0_L0.png,Z4_69173,cab64628b67b79f7ad245b247b14ac3c59a00b39996ce8c46d9e495bb717e1cc
aihub,val,0,Training/01.원천데이터/TS_건선_측면/Z4_71129_P0_L0.png,Z4_71129_P0_L0.png,Z4_71129,7a196d569bcaa02aae08d9402d0d657bca1e4a94ba6d65cefab2a7d8d2e0e42d
aihub,val,0,Training/01.원천데이터/TS_건선_측면/Z4_70535_P0_L0.png,Z4_70535_P0_L0.png,Z4_70535,8d6960ff5b54cb77cb8887bd3ba55b03813317ea76a62dd083aeb895c073804b
aihub,val,0,Training/01.원천데이터/TS_건선_정면/H1_312575_P2_L2.png,H1_312575_P2_L2.png,H1_312575,ec8fc6d6df81dab60189b74aded6edebb550ed0de3ecda98e3486ae62a66a41e
aihub,val,0,Training/01.원천데이터/TS_건선_정면/H1_322895_P18_L0.png,H1_322895_P18_L0.png,H1_322895,a23d9758be4bef1b6e57099db0bda774633feaf81a7c2390f844aab81528d9c8
aihub,val,0,Training/01.원천데이터/TS_건선_측면/Z4_71219_P0_L0.png,Z4_71219_P0_L0.png,Z4_71219,1e181eedc13255349bdf24e15993d9d10b085f8eac52d13c9a7c8d2107ed04f2
aihub,val,0,Training/01.원천데이터/TS_건선_측면/Z4_71031_P0_L0.png,Z4_71031_P0_L0.png,Z4_71031,50c44fa4c623c26dacbf24ab39ad9706c3a224923650d6cd79320faa958e5775
aihub,val,0,Validation/01.원천데이터/VS_건선_측면/Z4_72350_P0_L0.png,Z4_72350_P0_L0.png,Z4_72350,ddacdc354d5a1d98fca521a07449e2d208ee8c74f4a4ee39172ca2f16d085cb4
aihub,val,0,Training/01.원천데이터/TS_건선_정면/H1_200176_P16_L2.png,H1_200176_P16_L2.png,H1_200176,b4ac956cf8547d727ca1445aa689c29bdda8ad73a4c8facb6beb62660ff67fb1
aihub,val,0,Training/01.원천데이터/TS_건선_정면/H1_200230_P11_L1.png,H1_200230_P11_L1.png,H1_200230,5900b839e28aa312e4a65eac111210ad9608e9a84824196b83419970ceba833c
aihub,val,0,Training/01.원천데이터/TS_건선_정면/H1_277203_P44_L0.png,H1_277203_P44_L0.png,H1_277203,3bbc712f9aa88ca7bce2296885f1164e0eb5313db52c9152caf7c3b19c9b65c1
aihub,val,0,Training/01.원천데이터/TS_건선_정면/H1_222599_P5_L2.png,H1_222599_P5_L2.png,H1_222599,5f1fa2e8c648540e0adf46baa7dbeed247c00a3b6bed0c3d5b561a092ce411f8
aihub,val,0,Training/01.원천데이터/TS_건선_정면/H1_371382_P2_L2.png,H1_371382_P2_L2.png,H1_371382,0d96f72311d94d5a30b04c8fe94f54214342693946cffe3e3139c684a6385cb6
aihub,val,0,Training/01.원천데이터/TS_건선_측면/Z4_71088_P0_L0.png,Z4_71088_P0_L0.png,Z4_71088,9bd9139f12bea8ee88e3cc97c0a0bea31a82645164996f58d847068c1d0a9960
aihub,val,0,Training/01.원천데이터/TS_건선_측면/Z4_71193_P0_L0.png,Z4_71193_P0_L0.png,Z4_71193,b0e2f364f0fbc6bf3f671cdfabbf680c6c4cf1503e321a5961c1243f682eb227
aihub,val,0,Training/01.원천데이터/TS_건선_정면/H1_213256_P18_L2.png,H1_213256_P18_L2.png,H1_213256,7308a848b81585c9931682872080b92ffd5b93ced6e5532d37043507408b7a98
aihub,val,0,Training/01.원천데이터/TS_건선_정면/H1_223106_P9_L0.png,H1_223106_P9_L0.png,H1_223106,2db9c2231b42ffa9659dbde8753fe6a543e66d7779a16e4fc91f7a5eed91cb75
aihub,val,0,Training/01.원천데이터/TS_건선_정면/H1_336927_P11_L0.png,H1_336927_P11_L0.png,H1_336927,686a6514dbf124b75a0b8f000b2c511a1fb531824f2eba8eb8b7f9eb8214a1ae
aihub,val,0,Training/01.원천데이터/TS_건선_정면/H1_370876_P10_L0.png,H1_370876_P10_L0.png,H1_370876,bdf9c6115f78b86ba5f2d4e204d77d225f7192dd151075e14f2069bc7509f04e
aihub,val,0,Training/01.원천데이터/TS_건선_측면/Z4_70690_P0_L0.png,Z4_70690_P0_L0.png,Z4_70690,e8a9c2c3d0a1ea463b8e86fabc2bb62a20be4e3eb992550b1ba8e5d2352413f9
aihub,val,0,Training/01.원천데이터/TS_건선_정면/H1_275581_P21_L1.png,H1_275581_P21_L1.png,H1_275581,e10eaa5c7d1a08fdb60d619a07a4333815defffab05f60861be2ef79b17c7b81
aihub,val,0,Training/01.원천데이터/TS_건선_측면/Z4_71301_P0_L0.png,Z4_71301_P0_L0.png,Z4_71301,2fd7897318527f5480714d057869862fd6bf2460545eaae11aa6598d4346a2df
aihub,val,0,Training/01.원천데이터/TS_건선_정면/H1_322639_P1_L0.png,H1_322639_P1_L0.png,H1_322639,69e9cb082a274cfed817d76447c5b0c9ebb7373c0630f106e9748099f9063dbc
aihub,val,0,Training/01.원천데이터/TS_건선_정면/H1_315130_P6_L0.png,H1_315130_P6_L0.png,H1_315130,e1b6168e629adab95d28536e7334e854be971a147e7b8cbdb61f395bf293e7d6
aihub,val,0,Training/01.원천데이터/TS_건선_정면/H1_208241_P5_L1.png,H1_208241_P5_L1.png,H1_208241,b834757c528a74bdbf9cd48c9f69b1ad3261090b2ad4bf99140aeeff1265420f
aihub,val,0,Training/01.원천데이터/TS_건선_측면/Z4_70950_P0_L0.png,Z4_70950_P0_L0.png,Z4_70950,449240d1458ceb0ed7d1a32052d281ce0c6cad04f95d098b7f26bcabd0fd80a6
aihub,val,0,Training/01.원천데이터/TS_건선_측면/Z4_71695_P0_L0.png,Z4_71695_P0_L0.png,Z4_71695,5cdb65b677a7455d3a6b9a142081d838045e0eb6ac75936c5ebcfbdf193f59aa
aihub,val,0,Training/01.원천데이터/TS_건선_측면/Z4_70334_P0_L0.png,Z4_70334_P0_L0.png,Z4_70334,dda9a5fa6c4c1b06672469469b9382dd7dcc20fa0db35d962161abfd6afad194
aihub,val,0,Training/01.원천데이터/TS_건선_정면/H1_377101_P9_L0.png,H1_377101_P9_L0.png,H1_377101,3b76661ccabb56941b483c2ac8e0dab013236eff2741f9bef11da1cc21fc3eb2
aihub,val,0,Training/01.원천데이터/TS_건선_정면/H1_275581_P21_L0.png,H1_275581_P21_L0.png,H1_275581,89201395ea882c961703b96f3af4c21a01d8aa5e590c87d0b9145c1e7fdfac7a
aihub,val,0,Training/01.원천데이터/TS_건선_측면/Z4_71276_P0_L0.png,Z4_71276_P0_L0.png,Z4_71276,4d50a83ee31c76c4e20d16b5f640fb36c66ead64f1a1d5907cb9e8860fe4d510
aihub,val,0,Training/01.원천데이터/TS_건선_정면/H1_314733_P1_L0.png,H1_314733_P1_L0.png,H1_314733,eee8ccc270eb0bd9cfc7681582f31040af5384bf96e83bbeb5600d1c744f760d
aihub,val,0,Training/01.원천데이터/TS_건선_정면/H1_213256_P18_L0.png,H1_213256_P18_L0.png,H1_213256,d6dcdd0ae9f1a867a71ce8922cfbab4933f4926a08097155964766e24a1ae382
aihub,val,0,Training/01.원천데이터/TS_건선_측면/Z4_70331_P0_L0.png,Z4_70331_P0_L0.png,Z4_70331,770087bd6e9f28484d920a9ccedcb2d3bcfd7743cfbaff4f59f225509492c5a9
aihub,val,0,Training/01.원천데이터/TS_건선_정면/H1_249203_P7_L3.png,H1_249203_P7_L3.png,H1_249203,2bd6f8cb663857612587ac555487c4ea6c5de61066903edb726dd3e33b1271d9
aihub,val,0,Training/01.원천데이터/TS_건선_측면/Z4_71672_P0_L0.png,Z4_71672_P0_L0.png,Z4_71672,866d8db13f79fd1ee65f44ff5a6762222fb30c772af68e3698d28b2230f51d68
aihub,val,0,Training/01.원천데이터/TS_건선_정면/H1_484066_P1_L0.png,H1_484066_P1_L0.png,H1_484066,36b01da6b87b6ffa2729f2f6fff5ca8ee1489650a4dadc57a1492fbe0e56b716
aihub,val,0,Training/01.원천데이터/TS_건선_정면/H1_297450_P2_L0.png,H1_297450_P2_L0.png,H1_297450,2438cbac0f22279a60216dc200ff10650c92f4c3602c72db38913ae579871420
aihub,val,0,Training/01.원천데이터/TS_건선_정면/H1_370184_P8_L0.png,H1_370184_P8_L0.png,H1_370184,e6700f32f664c240fdb8c6d5b608509d72e16765acfa35f81c6034fc8845e244
aihub,val,0,Training/01.원천데이터/TS_건선_측면/Z4_71949_P0_L0.png,Z4_71949_P0_L0.png,Z4_71949,c88e90146d1e0a7d184c961e40967b95e6e8df0d8197cc8af85a9fdba812aefc
aihub,val,0,Validation/01.원천데이터/VS_건선_측면/Z4_72348_P0_L0.png,Z4_72348_P0_L0.png,Z4_72348,204a0bdcf4ae8dd8a77919eff570bc516642b61ac5ef5c77c225d49df4be897f
aihub,val,0,Training/01.원천데이터/TS_건선_정면/H1_213917_P4_L0.png,H1_213917_P4_L0.png,H1_213917,fddc2d19cca6fc2a03a6e16b0862df1279669d645aa796d18e442829232d2812
aihub,val,0,Training/01.원천데이터/TS_건선_측면/Z4_69281_P0_L0.png,Z4_69281_P0_L0.png,Z4_69281,af1e03e72e9634c0186e7ec67dc4f93ec1334d68890f250856fe7eaaa329959a
aihub,val,0,Training/01.원천데이터/TS_건선_측면/Z4_70700_P0_L0.png,Z4_70700_P0_L0.png,Z4_70700,feb063dc2156da69335777651888a632fe2bcbd37df977a034150b968712f1cf
aihub,val,0,Training/01.원천데이터/TS_건선_정면/H1_98612_P4_L2.png,H1_98612_P4_L2.png,H1_98612,607acf1b4018abea116daf37e44ab2f2af87944fbe5982509a2cfa5e35fbf2da
aihub,val,0,Training/01.원천데이터/TS_건선_측면/Z4_71407_P0_L0.png,Z4_71407_P0_L0.png,Z4_71407,9cd09cfa022b257aa97aa3098732f3534abd4b9e9805c776f95848951f0cb66d
aihub,val,0,Training/01.원천데이터/TS_건선_정면/H1_272921_P9_L1.png,H1_272921_P9_L1.png,H1_272921,a93015534fe00fac7982bfaebcfd8678827ab98aac948e626d922d6bb73ec2ec
aihub,val,0,Training/01.원천데이터/TS_건선_정면/H1_495852_P1_L0.png,H1_495852_P1_L0.png,H1_495852,3c015529baf79fbad4bb28465620202b37e6fcbfb71ee40b4513f5e2a52898aa
aihub,val,0,Training/01.원천데이터/TS_건선_정면/H1_374864_P21_L0.png,H1_374864_P21_L0.png,H1_374864,8f523614771f3492aec3ef3ddb8c6cf3acb2ea79e0af1a960850a8fb3de2e3d6
aihub,val,0,Training/01.원천데이터/TS_건선_정면/H1_377323_P16_L1.png,H1_377323_P16_L1.png,H1_377323,050b4aa0992cf6a23adaea8f31c02dd7eaf9e45a7ac3c82e3039ed6d8616dd17
aihub,val,0,Validation/01.원천데이터/VS_건선_정면/H2_2835_P1_L0.png,H2_2835_P1_L0.png,H2_2835,466f1aebd718de2447a69974abc9729648c706a9ea4e7b28e37d401e3d64d705
aihub,val,0,Validation/01.원천데이터/VS_건선_측면/Z4_72087_P0_L0.png,Z4_72087_P0_L0.png,Z4_72087,364795b995385111df8763282c3620eddea9d640997a627b4e0e491cf27d7b7e
aihub,val,0,Training/01.원천데이터/TS_건선_정면/H1_375907_P1_L8.png,H1_375907_P1_L8.png,H1_375907,72c24bfc3928a972eda6f39fb8c581a2c5b92f6900e99a9b8647079123603895
aihub,val,0,Validation/01.원천데이터/VS_건선_정면/H2_4867_P2_L0.png,H2_4867_P2_L0.png,H2_4867,d47f0055a89448a823901cf65d7e3e3b8f6d0ea2f748b11cf571866089aabf92
aihub,val,0,Training/01.원천데이터/TS_건선_측면/Z4_70499_P0_L0.png,Z4_70499_P0_L0.png,Z4_70499,747ef89ba4c088c6d0aaac23eafb9c8007799ae083d2cfd9408e3d66a8824575
aihub,val,0,Training/01.원천데이터/TS_건선_측면/Z4_71099_P0_L0.png,Z4_71099_P0_L0.png,Z4_71099,b5e56b32e69941e3e175948e34a9caa7171d3f35bb90b1d020ca3d689dda7a4f
aihub,val,0,Training/01.원천데이터/TS_건선_정면/H1_389692_P2_L0.png,H1_389692_P2_L0.png,H1_389692,01dc9f9766e3c8f542ab522ea465677ec2179d6a778f86ac8a5d1ab13bd72a8f
aihub,val,0,Training/01.원천데이터/TS_건선_측면/Z4_69511_P0_L0.png,Z4_69511_P0_L0.png,Z4_69511,b75cc8b979e8958ac9f8e3dd48a20d513830abce6c21ed733eaed7f71d87de91
aihub,val,0,Training/01.원천데이터/TS_건선_정면/H1_203803_P1_L0.png,H1_203803_P1_L0.png,H1_203803,01cd573ed02b95d4230a8e8444c54018f6f96d5612cec6dcae19557b6e0246b0
aihub,val,0,Training/01.원천데이터/TS_건선_정면/H1_371382_P2_L0.png,H1_371382_P2_L0.png,H1_371382,abd426f2a55e1fe9176e848f8c0272005d6e4d3b6efd91468ae3abc559e4bbff
aihub,val,0,Training/01.원천데이터/TS_건선_정면/H1_200230_P11_L0.png,H1_200230_P11_L0.png,H1_200230,9af314c10663fbbe8d9dc1eeadee2497822dd29840d4160f826fe7ff8186cd80
aihub,val,0,Training/01.원천데이터/TS_건선_측면/Z4_70479_P0_L0.png,Z4_70479_P0_L0.png,Z4_70479,f81cb494ab0ac5d3125e92681cd0535cf4c71c0a12db50e3cc67bee4ae1b471f
aihub,val,0,Validation/01.원천데이터/VS_건선_정면/H1_501674_P1_L0.png,H1_501674_P1_L0.png,H1_501674,92b5bb92619e23f9f9e0db3dfe6824fd619375407f8fd1d8e8bbeb554d722944
aihub,val,0,Training/01.원천데이터/TS_건선_측면/Z4_71105_P0_L0.png,Z4_71105_P0_L0.png,Z4_71105,f9ebee80fc52612d2dddec6d1d430067d2929078df07b33255805757ded26754
aihub,val,0,Training/01.원천데이터/TS_건선_정면/H0_120402_P7_L0.png,H0_120402_P7_L0.png,H0_120402,d9dc4319acdd7b75e69bec1700668178b4f528fb66747b189d7ea7efe29422fc
aihub,val,0,Training/01.원천데이터/TS_건선_정면/H1_249203_P21_L0.png,H1_249203_P21_L0.png,H1_249203,b746cfe64c0f1aef63fc45a0a45024731d77335c20612286e8c871ed44b11623
aihub,val,0,Training/01.원천데이터/TS_건선_측면/Z4_69499_P0_L0.png,Z4_69499_P0_L0.png,Z4_69499,d85ab4f79ea2c95518041ede4abb702ccfdb4ef2f69f81a1c0201d140f35da4e
aihub,val,0,Validation/01.원천데이터/VS_건선_측면/Z4_72561_P0_L0.png,Z4_72561_P0_L0.png,Z4_72561,b83e84e9ba21705a29d57f88b04618b4fe8cac0c9ffa2affb90d0bb26e19f27b
aihub,val,0,Training/01.원천데이터/TS_건선_측면/Z4_69430_P0_L0.png,Z4_69430_P0_L0.png,Z4_69430,5182d6ac1af637e77f791c197bc44b06c3a46e5517ff189e2abcfa920bd8bb0a
aihub,val,0,Training/01.원천데이터/TS_건선_측면/Z4_70626_P0_L0.png,Z4_70626_P0_L0.png,Z4_70626,a22190f69d154ddc376e28ed21cd36279842091500dd15aa1405cdea1dfa0a33
aihub,val,0,Training/01.원천데이터/TS_건선_정면/H1_386874_P2_L0.png,H1_386874_P2_L0.png,H1_386874,4f27f49bfd9b0b4d551956598a9bf47438af9705f427fdac1ea383fefca6853b
aihub,val,0,Training/01.원천데이터/TS_건선_측면/Z4_69374_P0_L0.png,Z4_69374_P0_L0.png,Z4_69374,0f505522c396f2b401566c42520f701a7f59953d30a47bbf0ef4d3636e440877
aihub,val,0,Training/01.원천데이터/TS_건선_정면/H1_200927_P1_L1.png,H1_200927_P1_L1.png,H1_200927,5859f8e62262ca8042472b23464560557295d4e5d31ab3d6e904c599e513b1d5
aihub,val,0,Training/01.원천데이터/TS_여드름_측면/Z4_90377_P0_L0.png,Z4_90377_P0_L0.png,Z4_90377,c25da16d9809ab0e377eba667b1d4126e2ff68fcfc6bbb6ee61232ba05283ff0
aihub,val,0,Training/01.원천데이터/TS_여드름_정면/H1_100742_P1_L3.png,H1_100742_P1_L3.png,H1_100742,8ceeacc04825aea35e8cd007b5f620c4fa0d2632fe8ab19eca0c9b1b339fe233
aihub,val,0,Training/01.원천데이터/TS_여드름_측면/Z4_91482_P0_L0.png,Z4_91482_P0_L0.png,Z4_91482,cb1cd6d8027b99346a159dbfed6bfcc234d14a37b6f33e25114e0ef6040915cb
aihub,val,0,Training/01.원천데이터/TS_여드름_정면/H0_45446_P1_L0.png,H0_45446_P1_L0.png,H0_45446,04d5cffbc9afcf7f0e2ec0e7848c8dd66b618d6fbb5a9c1a7e313d27b85d5f73
aihub,val,0,Training/01.원천데이터/TS_여드름_측면/Z4_89252_P0_L0.png,Z4_89252_P0_L0.png,Z4_89252,689d0d72e6591e5740abcaf2910d4e27145e62525dedf7abef97eda457e5060c
aihub,val,0,Training/01.원천데이터/TS_여드름_측면/Z4_91485_P0_L0.png,Z4_91485_P0_L0.png,Z4_91485,c4a7bf4b43e4bb1c4bc86aeb20d65570735687257c006a676cf07c0c7210458c
aihub,val,0,Training/01.원천데이터/TS_여드름_측면/Z4_91921_P0_L0.png,Z4_91921_P0_L0.png,Z4_91921,dafbd4b05a336a6bee020b416ab811065efa556da7cf3861f0577ead0b9ce31d
aihub,val,0,Training/01.원천데이터/TS_여드름_정면/H0_205934_P1_L2.png,H0_205934_P1_L2.png,H0_205934,f07b98122f141990bd1968f9cca8c6768e1113b17fb48c1cc835e9c70f38c6ff
aihub,val,0,Training/01.원천데이터/TS_여드름_정면/H1_279799_P1_L0.png,H1_279799_P1_L0.png,H1_279799,96da03490734e02027a8cfd1146a6faa82aab2fe1f9687451da42fa5adb8cd08
aihub,val,0,Training/01.원천데이터/TS_여드름_정면/H2_779_P1_L0.png,H2_779_P1_L0.png,H2_779,2f4709db081ba7e90c4c97020dfcd1afec1a54fe1c2570001f8c8370cd4f26b5
aihub,val,0,Training/01.원천데이터/TS_여드름_측면/Z4_90364_P0_L0.png,Z4_90364_P0_L0.png,Z4_90364,f6766655ad60c89e2b4ba570d8609e7acbfe5e03de7a4b71967555ea70e80450
aihub,val,0,Training/01.원천데이터/TS_여드름_측면/Z4_91745_P0_L0.png,Z4_91745_P0_L0.png,Z4_91745,ebd34a91d28d82ffb34a91c0fa318b0eeff543c3b43b3609e3a521169226f8aa
aihub,val,0,Training/01.원천데이터/TS_여드름_측면/Z4_90394_P0_L0.png,Z4_90394_P0_L0.png,Z4_90394,58c03d7bfced9ff11e6a934c123ab88f748cdaee497b7e0b243cbb752bb68207
aihub,val,0,Training/01.원천데이터/TS_여드름_측면/Z4_89967_P0_L0.png,Z4_89967_P0_L0.png,Z4_89967,e4e71cf414b428af514a50c3858ac16b1d544d94aa5a232f83b8aa0a0e38b500
aihub,val,0,Training/01.원천데이터/TS_여드름_측면/Z4_91390_P0_L0.png,Z4_91390_P0_L0.png,Z4_91390,4a0057a077f2d9bd73fba59c3f6afbd205867df0c8d2608b529312e0b665499b
aihub,val,0,Training/01.원천데이터/TS_여드름_측면/Z4_91691_P0_L0.png,Z4_91691_P0_L0.png,Z4_91691,f0dc928a74be97d41626802426c39613c64b081ce0cffdb9d0936fc9662ffe8d
aihub,val,0,Training/01.원천데이터/TS_여드름_측면/Z4_90635_P0_L0.png,Z4_90635_P0_L0.png,Z4_90635,760dc8399dbbfeebe3f92b860d67360fb3fca7d6c3f9f2b6b76c817a2b5a056c
aihub,val,0,Training/01.원천데이터/TS_여드름_정면/H0_46017_P1_L1.png,H0_46017_P1_L1.png,H0_46017,1c47d175e17a86cb22438826eb4b946a7293be99a75d033c25223c446ba47f77
aihub,val,0,Training/01.원천데이터/TS_여드름_측면/Z4_90837_P0_L0.png,Z4_90837_P0_L0.png,Z4_90837,7462a575ab9b6bf7bd41c80ec3ca3cad55b57fb9a9a2a69f8ef317ef7e31857a
aihub,val,0,Training/01.원천데이터/TS_여드름_측면/Z4_90369_P0_L0.png,Z4_90369_P0_L0.png,Z4_90369,cf0f2dbfb02d42e92130c3071d9b6a059fb9b1bfe20c401f3f6f6015dceeba6f
aihub,val,0,Training/01.원천데이터/TS_여드름_측면/Z4_89913_P0_L0.png,Z4_89913_P0_L0.png,Z4_89913,80eed163e35a31e3a5b154d7593dcb0f49b191d76dbbb12b5ca7b64d928bcb90
aihub,val,0,Training/01.원천데이터/TS_여드름_측면/Z4_89881_P0_L0.png,Z4_89881_P0_L0.png,Z4_89881,9ca89adea4e156ef75da58fcc510a628f9aaf8d6543298265332424b9b3d3393
aihub,val,0,Validation/01.원천데이터/VS_여드름_측면/Z4_92239_P0_L0.png,Z4_92239_P0_L0.png,Z4_92239,c8e59cdfa46df3fda922e10d492159a8ce05327e2efd0f064852c918e223b57d
aihub,val,0,Training/01.원천데이터/TS_여드름_정면/H0_47095_P1_L0.png,H0_47095_P1_L0.png,H0_47095,ad3425bf031a6954cf075ce56ac2cdfea799f9ed236b653fd23c2ea8c75cc044
aihub,val,0,Training/01.원천데이터/TS_여드름_정면/H1_297048_P1_L0.png,H1_297048_P1_L0.png,H1_297048,130738027751a8e6ae6e2024551107c941db8c7dfe8dc60a3773e6397ff5dc19
aihub,val,0,Training/01.원천데이터/TS_여드름_측면/Z4_91424_P0_L0.png,Z4_91424_P0_L0.png,Z4_91424,8f84fb6ea952eda8eb3f02453c46e00ba66e58843d0aeec1f0b1e9f2a18b0408
aihub,val,0,Training/01.원천데이터/TS_여드름_측면/Z4_91286_P0_L0.png,Z4_91286_P0_L0.png,Z4_91286,e0d6fbaf74b0abfbf3f7da9f50e26417bfb9dad05a30d91ebe26aa21577e3b76
aihub,val,0,Training/01.원천데이터/TS_여드름_정면/H1_391577_P2_L0.png,H1_391577_P2_L0.png,H1_391577,570fee8b6b90f6923adddd08307fbda81a2a06394b34bdb8fa50a6314cf3c67e
aihub,val,0,Training/01.원천데이터/TS_여드름_측면/Z4_90212_P0_L0.png,Z4_90212_P0_L0.png,Z4_90212,f46fc368049a65406fb773a112ea0cee318e6f912aa945c02f6c103748837e52
aihub,val,0,Validation/01.원천데이터/VS_여드름_측면/Z4_92430_P0_L0.png,Z4_92430_P0_L0.png,Z4_92430,73ef75dc16f936657adb101b210fb991fe7eae3166a704db0e8ddda9af03ce8b
aihub,val,0,Training/01.원천데이터/TS_여드름_정면/H1_217525_P1_L0.png,H1_217525_P1_L0.png,H1_217525,1298c295e394a08dc290df35f31b851afc16772b696328ebaad105164a7e56ad
aihub,val,0,Training/01.원천데이터/TS_여드름_정면/H0_206163_P6_L1.png,H0_206163_P6_L1.png,H0_206163,398e1737fa606c5f6c8cf4543e1be455ac644045c066118be8cf6c3ed0c8684f
aihub,val,0,Validation/01.원천데이터/VS_여드름_측면/Z4_92210_P0_L0.png,Z4_92210_P0_L0.png,Z4_92210,b32dcde19527efa8abd64dddabaf3c10d6514f7cb1467f5bc104df71b2aff67e
aihub,val,0,Training/01.원천데이터/TS_여드름_측면/Z4_91507_P0_L0.png,Z4_91507_P0_L0.png,Z4_91507,94152fdde58e50ec41710ac6941f23bbbad01de5b13f474f5eb6f04ebc9ca85e
aihub,val,0,Training/01.원천데이터/TS_여드름_정면/H0_205972_P14_L3.png,H0_205972_P14_L3.png,H0_205972,b83f9e388d348c3bbaa77adb3d4ce782174731cef813450f4c1d0cadea40f07b
aihub,val,0,Training/01.원천데이터/TS_여드름_측면/Z4_90186_P0_L0.png,Z4_90186_P0_L0.png,Z4_90186,b36f8e8d7f000b5c4ac1b30d29f6d12e20f2c8c9c97b32e5846d20ea71d987df
aihub,val,0,Training/01.원천데이터/TS_여드름_정면/H0_62363_P3_L0.png,H0_62363_P3_L0.png,H0_62363,5f5a8b1c97df16e134057d2fe0502cbdd2864bfba92ef04707a6768099c13108
aihub,val,0,Training/01.원천데이터/TS_여드름_정면/H0_46069_P1_L0.png,H0_46069_P1_L0.png,H0_46069,1f4f5a4f1093ffe1976f027f8f198ecfea54d572d9afa82f6734f1c71874d887
aihub,val,0,Training/01.원천데이터/TS_여드름_측면/Z4_89184_P0_L0.png,Z4_89184_P0_L0.png,Z4_89184,11ce932205ff31f7b63e337979bb1ed1363b981373b048c3d781c230855f0b99
aihub,val,0,Training/01.원천데이터/TS_여드름_정면/H1_213581_P2_L0.png,H1_213581_P2_L0.png,H1_213581,1d346a5a061d6c39598f39563ff456788f5769cd19e203535399068bf5ff8d16
aihub,val,0,Training/01.원천데이터/TS_여드름_측면/Z4_91623_P0_L0.png,Z4_91623_P0_L0.png,Z4_91623,0dff1078482ee6c50014aaa6fc80f06b0b095a9de8729c0928990ebdd1511e8e
aihub,val,0,Training/01.원천데이터/TS_여드름_측면/Z4_89998_P0_L0.png,Z4_89998_P0_L0.png,Z4_89998,404da4d91962607cca043c526cc7d77841104498ffc7e9af64716a9fd1857da8
aihub,val,0,Training/01.원천데이터/TS_여드름_정면/H0_206090_P9_L1.png,H0_206090_P9_L1.png,H0_206090,811fa470b24db7fcc136781adeb9775613c4b9718cfbe06a0516192c23b0e29f
aihub,val,0,Training/01.원천데이터/TS_여드름_정면/H0_46666_P1_L2.png,H0_46666_P1_L2.png,H0_46666,7419c023780268ade5234867ab7627bb02bb6878db049d0c84c99fe7c5fe5a6a
aihub,val,0,Training/01.원천데이터/TS_여드름_정면/H1_276747_P5_L0.png,H1_276747_P5_L0.png,H1_276747,8b5c27e5e59528a16007d69333d18acc328a0ea4cefd0d2f0aecca0bef707eec
aihub,val,0,Training/01.원천데이터/TS_여드름_정면/H1_100524_P5_L2.png,H1_100524_P5_L2.png,H1_100524,1af868c54d7efb91ddce198c37cd8bea55c83c0632b35461776dbfdc21a5f963
aihub,val,0,Training/01.원천데이터/TS_여드름_측면/Z4_91307_P0_L0.png,Z4_91307_P0_L0.png,Z4_91307,257ebbf4b431f91ba297f161209203628417c409d940bcd001ab959c5e1f3c30
aihub,val,0,Training/01.원천데이터/TS_여드름_측면/Z4_90448_P0_L0.png,Z4_90448_P0_L0.png,Z4_90448,d67481c3373a4e33f8cff3b8acc1f8881db44dc41d933a705c795d1d7d91dab3
aihub,val,0,Validation/01.원천데이터/VS_여드름_측면/Z4_92778_P0_L0.png,Z4_92778_P0_L0.png,Z4_92778,3bfde5064f5de8806f3624d5aa2b743baae7bb923e49809e218656dd2e5114c5
aihub,val,0,Validation/01.원천데이터/VS_여드름_측면/Z4_92550_P0_L0.png,Z4_92550_P0_L0.png,Z4_92550,9f64b2ea12ef7ea82af6de4f41056f9cf2f478f9205d29afaa19d45d2b3251d6
aihub,val,0,Training/01.원천데이터/TS_여드름_정면/H1_221925_P1_L0.png,H1_221925_P1_L0.png,H1_221925,3cb3fc891a0f1860e3bc7a41a80f79fb8e07cf1d9dcb4f71c2d0a4f43f10a9ed
aihub,val,0,Training/01.원천데이터/TS_여드름_정면/H1_326100_P1_L0.png,H1_326100_P1_L0.png,H1_326100,c1ff8057d820e3f148e14c1e4875202608e2f4f91f057fb786ec39adb27d23fb
aihub,val,0,Training/01.원천데이터/TS_여드름_정면/H0_47972_P1_L0.png,H0_47972_P1_L0.png,H0_47972,6960fa4996c83c92cd8ab1b55594676b9d7501c46ccd4cac20da8a1f105ce3e0
aihub,val,0,Training/01.원천데이터/TS_여드름_정면/H0_206314_P1_L1.png,H0_206314_P1_L1.png,H0_206314,26c965dbeed203df142e66b3f46453aac2e7f291d4c8dd2b83fd2ed1b7451aed
aihub,val,0,Training/01.원천데이터/TS_여드름_측면/Z4_90539_P0_L0.png,Z4_90539_P0_L0.png,Z4_90539,0f695164a3458bcf3b326a6a7640fa410007a77a9fceb276fbaef3573f279a7d
aihub,val,0,Training/01.원천데이터/TS_여드름_측면/Z4_89897_P0_L0.png,Z4_89897_P0_L0.png,Z4_89897,69d6bb3fc1a42e860cb583609daf2686813095d3f99aee64ca17fed81e365ec9
aihub,val,0,Training/01.원천데이터/TS_여드름_측면/Z4_89936_P0_L0.png,Z4_89936_P0_L0.png,Z4_89936,65324f9721924d6a8e27288703be3a603d083c13ebb731fdd027d490b097671b
aihub,val,0,Training/01.원천데이터/TS_여드름_측면/Z4_91992_P0_L0.png,Z4_91992_P0_L0.png,Z4_91992,aaf9ebb1ddf83d3e184a11a0dd71eb93a9b73b33590ec0449e8a6a2c02b75aab
aihub,val,0,Training/01.원천데이터/TS_여드름_측면/Z4_89927_P0_L0.png,Z4_89927_P0_L0.png,Z4_89927,ddd34276d884ad698ab979325aab151c25b67ecfa6ae21a805f2199cba51f55c
aihub,val,0,Training/01.원천데이터/TS_여드름_정면/H0_57661_P1_L0.png,H0_57661_P1_L0.png,H0_57661,43477f4ae763dc44235bff736a3271fdc42ad03a0387def4d23b502f7505d528
aihub,val,0,Training/01.원천데이터/TS_여드름_정면/H0_46048_P1_L0.png,H0_46048_P1_L0.png,H0_46048,056e3ca3f476336b3fa79cc6d4009ac5147d5c1454c78553841dc51e63968ae0
aihub,val,0,Training/01.원천데이터/TS_여드름_정면/H0_47962_P1_L0.png,H0_47962_P1_L0.png,H0_47962,db8e569b6a2f2cc8123acc5476abfaf55bcdc433fd7b12c345a2f42c7ca6574b
aihub,val,0,Training/01.원천데이터/TS_여드름_측면/Z4_89259_P0_L0.png,Z4_89259_P0_L0.png,Z4_89259,04f65127460862bddecacd2e22dcd69fae46b43a97f7829623d2a9d8d093663c
aihub,val,0,Training/01.원천데이터/TS_여드름_측면/Z4_90707_P0_L0.png,Z4_90707_P0_L0.png,Z4_90707,8e1d3e70ddffd85678dcb1936d4e822005c349fe9c0e01b48e8e1e7f4376a8ce
aihub,val,0,Training/01.원천데이터/TS_여드름_측면/Z4_90219_P0_L0.png,Z4_90219_P0_L0.png,Z4_90219,b120dcbe4a34e0553f3805b38a34f55fdb7ce8aede9c52adc66fd507e049d39e
aihub,val,0,Validation/01.원천데이터/VS_여드름_측면/Z4_92566_P0_L0.png,Z4_92566_P0_L0.png,Z4_92566,d32837e43564c878f35009a55fe0d6c95779c6ee2515bde43afefbd1927ef55a
aihub,val,0,Training/01.원천데이터/TS_여드름_정면/H1_277285_P1_L0.png,H1_277285_P1_L0.png,H1_277285,bf9135a370524c8dc6f4c5dbe1510da050563011b205dcaaa5efddfd975e3c8d
aihub,val,0,Training/01.원천데이터/TS_여드름_측면/Z4_90716_P0_L0.png,Z4_90716_P0_L0.png,Z4_90716,e044bd6217d41362a78b615a122851f27c642b96facbf60f7a18e21c81561919
aihub,val,0,Training/01.원천데이터/TS_여드름_정면/H0_46969_P2_L0.png,H0_46969_P2_L0.png,H0_46969,05fe352c6919eb019de40c8bd190a1fb71bf340c587fdefe3175541b17f3b964
aihub,val,0,Training/01.원천데이터/TS_여드름_정면/H0_64561_P2_L0.png,H0_64561_P2_L0.png,H0_64561,c7bb321fe97444d9b8626a00677ff24ec4d32f0fbb06de6437a049eb563cfad6
aihub,val,0,Training/01.원천데이터/TS_여드름_정면/H0_64652_P1_L2.png,H0_64652_P1_L2.png,H0_64652,b8dedca060083a8e9fe0d47fc9d4b6ba1da1929f57960210fb62a79ee9746fa0
aihub,val,0,Training/01.원천데이터/TS_여드름_정면/H0_45796_P1_L0.png,H0_45796_P1_L0.png,H0_45796,d698466643a724fb00201440bdc538dea70396dac5447516632a57b232d56495
aihub,val,0,Training/01.원천데이터/TS_여드름_정면/H0_57718_P1_L0.png,H0_57718_P1_L0.png,H0_57718,4c8c8e6508b59907f9230ddee02498541d35f0c2a91ccbbc1c4adf5161849c96
aihub,val,0,Training/01.원천데이터/TS_여드름_정면/H0_58493_P1_L2.png,H0_58493_P1_L2.png,H0_58493,bf49cb0fec1420fc84f0d3aecc53265b1e72bf67247b9edaf8bbeae64fee6c07
aihub,val,0,Training/01.원천데이터/TS_주사_측면/Z4_85378_P0_L0.png,Z4_85378_P0_L0.png,Z4_85378,7fe6eb3785c57c8338ef731e3b394914a99ccd83250160a9113a5567cd54eedd
aihub,val,0,Training/01.원천데이터/TS_주사_정면/H0_153042_P1_L0.png,H0_153042_P1_L0.png,H0_153042,e24d96a5f2cbf6da17bea571d5956857d9b76fcbfe04c008ba4601f201bae621
aihub,val,0,Training/01.원천데이터/TS_주사_정면/H0_184427_P6_L0.png,H0_184427_P6_L0.png,H0_184427,8a2c0f9ad187bc6c27f5ea9eb7717b5bf1fb557a833133fb953a244a3834be2a
aihub,val,0,Training/01.원천데이터/TS_주사_정면/H0_206337_P7_L1.png,H0_206337_P7_L1.png,H0_206337,cc0e14d5f44fec2eed9c5bc15f3955f877b367ea64289c410901b40f9473fb73
aihub,val,0,Training/01.원천데이터/TS_주사_측면/Z4_84739_P0_L0.png,Z4_84739_P0_L0.png,Z4_84739,49d282952cc1d674f13b7123e647203fc1c34e14d65d8eb1216a4ed5e8bbe03b
aihub,val,0,Training/01.원천데이터/TS_주사_정면/H0_181752_P5_L0.png,H0_181752_P5_L0.png,H0_181752,0642355b9d3f27dd04b203fcf8670c9910628be5fc1c2f8338f24d5a1c3ed3be
aihub,val,0,Training/01.원천데이터/TS_주사_정면/H0_17534_P1_L0.png,H0_17534_P1_L0.png,H0_17534,2ea679ce71d8d34c3bba1174472451a7873d48b219c1d559b5356c03268247aa
aihub,val,0,Training/01.원천데이터/TS_주사_정면/H0_183857_P1_L0.png,H0_183857_P1_L0.png,H0_183857,b70e01d46a25629be4df7840268f9093a217a7975b876d90ffa6a2913bf18570
aihub,val,0,Training/01.원천데이터/TS_주사_측면/Z4_85125_P0_L0.png,Z4_85125_P0_L0.png,Z4_85125,c2bfe0c7ea08d5291519b3f33608b1015294c5855c872b5b74d25e996a0fd27f
aihub,val,0,Validation/01.원천데이터/VS_주사_정면/H1_388997_P1_L0.png,H1_388997_P1_L0.png,H1_388997,a554728c8f6b215f6f488b8de7ad2dfcdb10b824d7e05ef5a8017eb891332e4d
aihub,val,0,Training/01.원천데이터/TS_주사_정면/H0_158291_P1_L0.png,H0_158291_P1_L0.png,H0_158291,5b2b64eca15240d0029b18eaef2c2b5442857b00e21e80a3efae2423003e5867
aihub,val,0,Training/01.원천데이터/TS_주사_정면/H0_176995_P1_L0.png,H0_176995_P1_L0.png,H0_176995,fdef747de4d8c0bbdd170b7a67a749f14966c0e741c903e99c0ec3c30e50dfcb
aihub,val,0,Training/01.원천데이터/TS_주사_측면/Z4_84211_P0_L0.png,Z4_84211_P0_L0.png,Z4_84211,3b442756d7ed8b807ac7f933e007f9f91fa10d6f7764883a96b96e701ebb8be3
aihub,val,0,Training/01.원천데이터/TS_주사_측면/Z4_85432_P0_L0.png,Z4_85432_P0_L0.png,Z4_85432,d07f911f3ed4f5d15c8eaae7c3dfdf6848dcd87bc834f7363e1519f7ba6dee7e
aihub,val,0,Training/01.원천데이터/TS_주사_측면/Z4_84031_P0_L0.png,Z4_84031_P0_L0.png,Z4_84031,5d0abc6a0501c4833d8be6f09539ef38d339c4106d166f6438ed920f040b3a03
aihub,val,0,Training/01.원천데이터/TS_주사_정면/H0_163843_P1_L0.png,H0_163843_P1_L0.png,H0_163843,6d78aaa65a898f8aa1387d2bd306a9528f8bdf8ec363666ae3f7aaa73caeef41
aihub,val,0,Training/01.원천데이터/TS_주사_정면/H0_153924_P1_L0.png,H0_153924_P1_L0.png,H0_153924,64d6e0351d4bfa2bcfa66011438a290ee955bbe05f5f1b6fd60ca3c433f97f9d
aihub,val,0,Training/01.원천데이터/TS_주사_측면/Z4_85654_P0_L0.png,Z4_85654_P0_L0.png,Z4_85654,781161dbaf1a36572b36adf346419b8c97de5de1935fd44eef607f1739ed62be
aihub,val,0,Training/01.원천데이터/TS_주사_정면/H0_151646_P1_L0.png,H0_151646_P1_L0.png,H0_151646,9bd8952cfe00aaa0f5f1d0a657e001479c67bc0cde9df63b6a4f6774280541f2
aihub,val,0,Validation/01.원천데이터/VS_주사_측면/Z4_86031_P0_L0.png,Z4_86031_P0_L0.png,Z4_86031,3aedb7241b4a56110991b9bfccb41c091171f9e3c8384cb860533a235bd981f9
aihub,val,0,Training/01.원천데이터/TS_주사_측면/Z4_85294_P0_L0.png,Z4_85294_P0_L0.png,Z4_85294,1d0c3c50972acdc850e116289adc58e5b81af47a72d3172829591628eea47f42
aihub,val,0,Training/01.원천데이터/TS_주사_정면/H0_206288_P7_L0.png,H0_206288_P7_L0.png,H0_206288,f1948f15fbd5ec5f6380e3631e6ec1afccfb057135e85269f15b0c61c894c137
aihub,val,0,Training/01.원천데이터/TS_주사_정면/H0_180168_P1_L0.png,H0_180168_P1_L0.png,H0_180168,49022011f4a0ed816cc0388cc3348d395ea13177b94ce2c4f400cd06a0d75659
aihub,val,0,Validation/01.원천데이터/VS_주사_측면/Z4_86232_P0_L0.png,Z4_86232_P0_L0.png,Z4_86232,f0e1c0f244babb81b6747a4e3be9e4ece6d7d09bf63da8130a20213ef1ad1d2f
aihub,val,0,Training/01.원천데이터/TS_주사_정면/H0_179099_P3_L0.png,H0_179099_P3_L0.png,H0_179099,d37456d73aad34512d520043ac36f829b54c048aaa78db6bff74cb0a4b25845f
aihub,val,0,Training/01.원천데이터/TS_주사_측면/Z4_85404_P0_L0.png,Z4_85404_P0_L0.png,Z4_85404,023d6825f4ec16633bd5fd10b772d8d48defc55cabbfe19ab84359e1ced5d1cb
aihub,val,0,Validation/01.원천데이터/VS_주사_정면/H1_382849_P1_L0.png,H1_382849_P1_L0.png,H1_382849,0b25d10945ddf88f5561db68087f8279bd356f4815dc0ea9b827e4fc9f847f5f
aihub,val,0,Training/01.원천데이터/TS_주사_정면/H0_197267_P3_L0.png,H0_197267_P3_L0.png,H0_197267,8808aee32ea5680be7c6cd2ae5c6bea9bd5def9cc78b6fd06ec3f3049afa3a99
aihub,val,0,Training/01.원천데이터/TS_주사_정면/H1_270188_P1_L0.png,H1_270188_P1_L0.png,H1_270188,61e6364b163b2e36be395fab1c8f1727d0afb48eed483455598bba56587d7d6a
aihub,val,0,Training/01.원천데이터/TS_주사_측면/Z4_84366_P0_L0.png,Z4_84366_P0_L0.png,Z4_84366,b1ed1817ede90b92cd74950e88abd8d1fad79f76a2271deeb3173fafc5125ca4
aihub,val,0,Training/01.원천데이터/TS_주사_측면/Z4_84386_P0_L0.png,Z4_84386_P0_L0.png,Z4_84386,9197ed539b05f86c9006d3bbbc097a98715d72d9a9ab17131136348582d87329
aihub,val,0,Training/01.원천데이터/TS_주사_측면/Z4_84977_P0_L0.png,Z4_84977_P0_L0.png,Z4_84977,657c9fdea5be7f858b6e0edb307cde55e9cab6b3926fb618cd702483e665ab88
aihub,val,0,Training/01.원천데이터/TS_주사_측면/Z4_84311_P0_L0.png,Z4_84311_P0_L0.png,Z4_84311,c747206c818268ae91b3d0373c5227600656c0aa2e0fb62137e2f2d0d001ee85
aihub,val,0,Training/01.원천데이터/TS_주사_정면/H0_177392_P1_L0.png,H0_177392_P1_L0.png,H0_177392,51089e5ba656eb2f298d55380f9386c18032ceb6f5f452980b6c75bf733b92b3
aihub,val,0,Training/01.원천데이터/TS_주사_측면/Z4_84119_P0_L0.png,Z4_84119_P0_L0.png,Z4_84119,0345c72a79a1652702e324d28260e9c6cdc09c31d1ace09cefed5e047cd2437a
aihub,val,0,Training/01.원천데이터/TS_주사_측면/Z4_85424_P0_L0.png,Z4_85424_P0_L0.png,Z4_85424,7956482bf44487c301c20272931dae28ee70c9ab9db64a66c88d26dedc9edfd2
aihub,val,0,Training/01.원천데이터/TS_주사_정면/H0_152538_P3_L0.png,H0_152538_P3_L0.png,H0_152538,3696784acbe07b4f5bf256e224e79cda5ae695e43aba528cdad0b37e7e890a60
aihub,val,0,Training/01.원천데이터/TS_주사_측면/Z4_84997_P0_L0.png,Z4_84997_P0_L0.png,Z4_84997,ed4d1dc48fa99ca11efa898fbdc6ef890125254ae6334d1839fe07ba20cd6244
aihub,val,0,Validation/01.원천데이터/VS_주사_정면/H1_370086_P1_L0.png,H1_370086_P1_L0.png,H1_370086,4531ea74ba96b7f7e7ff081ea359ce080912fe2f33b4b383012cdf17ea553050
aihub,val,0,Training/01.원천데이터/TS_주사_정면/H0_185997_P3_L0.png,H0_185997_P3_L0.png,H0_185997,ee46758af49e47818482ae6fd12aff5a7133e093338eb6c9a8d4c889a9b36e28
aihub,val,0,Training/01.원천데이터/TS_주사_정면/H0_178998_P6_L0.png,H0_178998_P6_L0.png,H0_178998,b38c34c990f2db338722b20b75b178051279807b50d527302911fa8f6f1dc7a5
aihub,val,0,Training/01.원천데이터/TS_주사_측면/Z4_84508_P0_L0.png,Z4_84508_P0_L0.png,Z4_84508,2634fb37793f6a48721bba8ea837f38e10c708bbf32439f4fd1fc35cd7aa2f0f
aihub,val,0,Validation/01.원천데이터/VS_주사_정면/H1_370139_P1_L0.png,H1_370139_P1_L0.png,H1_370139,b898a435e44fbdfcba011de1a0effda19cca7c17aadb28b96d74a485993c4e38
aihub,val,0,Training/01.원천데이터/TS_주사_측면/Z4_84818_P0_L0.png,Z4_84818_P0_L0.png,Z4_84818,7f740182f0c91515d390db2ae126079ddc5fa84b8339937aec35c01f4441037d
aihub,val,0,Training/01.원천데이터/TS_주사_정면/H0_177954_P1_L0.png,H0_177954_P1_L0.png,H0_177954,e05b6b4d6d7e026eaf1a56a52bbe8b9d52dfc598cd290decbca19e31219de4dd
aihub,val,0,Training/01.원천데이터/TS_주사_정면/H0_160715_P1_L0.png,H0_160715_P1_L0.png,H0_160715,242e4bd6ecb52c8a1b4d149dccb797f3cffcd4a9e83c9b563e91b41693f26975
aihub,val,0,Training/01.원천데이터/TS_주사_정면/H0_206286_P5_L1.png,H0_206286_P5_L1.png,H0_206286,6953562d9eac2907a436ba267896925758897a0ccb9f703961240d3630498320
aihub,val,0,Training/01.원천데이터/TS_주사_정면/H1_273687_P3_L0.png,H1_273687_P3_L0.png,H1_273687,104fe28e7e7d6c1c7eccd91c79af69e619fccb9abdf37bb75e43592fbf3aa18d
aihub,val,0,Training/01.원천데이터/TS_주사_정면/H1_200049_P1_L2.png,H1_200049_P1_L2.png,H1_200049,d1cd82b1f7917b0287f0663ed15c97ac6df5accebdaca916b4238477e80f4139
aihub,val,0,Training/01.원천데이터/TS_주사_측면/Z4_84267_P0_L0.png,Z4_84267_P0_L0.png,Z4_84267,56ddebf94c1337890167b3f698cc9d5915222776916325a116b84e32a5533791
aihub,val,0,Training/01.원천데이터/TS_주사_정면/H1_313466_P3_L0.png,H1_313466_P3_L0.png,H1_313466,63acd486a02ea0537cc8aee66480d6587cf4c1fad20a2b6ab0fb5f83a74914ed
aihub,val,0,Training/01.원천데이터/TS_주사_정면/H0_180621_P1_L0.png,H0_180621_P1_L0.png,H0_180621,64218a7f9819e7af408adb0b49e353012845f533d91a8882aedccb5bd9bfa5d3
aihub,val,0,Training/01.원천데이터/TS_주사_정면/H0_185996_P1_L0.png,H0_185996_P1_L0.png,H0_185996,10778bf3477a04944eaef1f7c5fa5400f1c31997564337ef599881b29e394e51
aihub,val,0,Training/01.원천데이터/TS_주사_측면/Z4_84052_P0_L0.png,Z4_84052_P0_L0.png,Z4_84052,e2fbec5276846984f5e515bf44e3e25fb9d7c0fa0ce66965a0f0e6090c86c94d
aihub,val,0,Training/01.원천데이터/TS_주사_측면/Z4_85785_P0_L0.png,Z4_85785_P0_L0.png,Z4_85785,47a3823d6d421adeb82708a4bb00ae0072ee92947b10518cde4762e00d801ca9
aihub,val,0,Training/01.원천데이터/TS_주사_측면/Z4_85147_P0_L0.png,Z4_85147_P0_L0.png,Z4_85147,694728497a83efe121144ee0dad3d6c0544f88180eba7f47d98c6a4381a3ad6a
aihub,val,0,Training/01.원천데이터/TS_주사_측면/Z4_84326_P0_L0.png,Z4_84326_P0_L0.png,Z4_84326,85c7a1dc3a4127335e066cb400c24791da0df027b691aa58c09118d0deeaf436
aihub,val,0,Training/01.원천데이터/TS_주사_측면/Z4_84740_P0_L0.png,Z4_84740_P0_L0.png,Z4_84740,9060891dde1118daed4a3348210e3359a49b581bd6d65ea90551ac20cc493120
aihub,val,0,Validation/01.원천데이터/VS_주사_측면/Z4_86255_P0_L0.png,Z4_86255_P0_L0.png,Z4_86255,db20103a57c7d579d945d530887a56ee86a3b00f4a626ca570edfef3acf27642
aihub,val,0,Training/01.원천데이터/TS_주사_측면/Z4_84214_P0_L0.png,Z4_84214_P0_L0.png,Z4_84214,e7d2cfe1133ef1f28ee166678b252f9033ff29b26c6e310e76cff96f5f619efb
aihub,val,0,Training/01.원천데이터/TS_주사_측면/Z4_84019_P0_L0.png,Z4_84019_P0_L0.png,Z4_84019,09a9c57c2fc0bd5cb85a874abee4796936b28a86e6561c2ad381c9cb3a3f56c5
aihub,val,0,Training/01.원천데이터/TS_주사_측면/Z4_84442_P0_L0.png,Z4_84442_P0_L0.png,Z4_84442,a85f9cd92c095f3fd09f46e02d33a6e05d8da1b8b532459b52a78a8ecb1aa9af
aihub,val,0,Training/01.원천데이터/TS_주사_정면/H0_184044_P1_L0.png,H0_184044_P1_L0.png,H0_184044,edc5ace0ac45d8a95fdd9e8190fcd9b3b3b0736062441b6ad04fcea4388d1c23
aihub,val,0,Training/01.원천데이터/TS_주사_측면/Z4_84109_P0_L0.png,Z4_84109_P0_L0.png,Z4_84109,9744e1e8fad1f2b36d8bdd777c99f0a384b037f0a89917a2de2885225e27e1de
aihub,val,0,Training/01.원천데이터/TS_주사_측면/Z4_85406_P0_L0.png,Z4_85406_P0_L0.png,Z4_85406,16a0490b30729615856474e53448b05f83ebe7dd1fada7914909176f30f7ecad
aihub,val,0,Training/01.원천데이터/TS_주사_정면/H0_155448_P1_L0.png,H0_155448_P1_L0.png,H0_155448,47899a5686e6208d7e4b3b09dc971c20a61c003c16209fb36b33d51e6e5942cc
aihub,val,0,Training/01.원천데이터/TS_주사_정면/H0_157102_P5_L0.png,H0_157102_P5_L0.png,H0_157102,32a964954d4fa579579fc7f23411512e9dd60c5650c0caf572407ad8d0165b29
aihub,val,0,Training/01.원천데이터/TS_주사_정면/H1_276715_P2_L0.png,H1_276715_P2_L0.png,H1_276715,3f695ac79c55ddd4f37013d8e522bc297fe719240dcd24f2cbbd84aadd67f331
aihub,val,0,Training/01.원천데이터/TS_주사_측면/Z4_84101_P0_L0.png,Z4_84101_P0_L0.png,Z4_84101,7b628085f53a1e01f2f6bad886ff96e96367b5a7527271b2e56fa8df67e0973b
aihub,val,0,Training/01.원천데이터/TS_주사_정면/H0_188380_P1_L0.png,H0_188380_P1_L0.png,H0_188380,55711ebbf1db8028384d02f7ed674f9ee791fdb44a8b28eeafe26e86ea31700d
aihub,val,0,Validation/01.원천데이터/VS_주사_정면/H1_389854_P1_L0.png,H1_389854_P1_L0.png,H1_389854,6de445e2180e1c00d18ca4562f1284105b545715cd1de13345821495d7e7c48b
aihub,val,0,Training/01.원천데이터/TS_주사_측면/Z4_84572_P0_L0.png,Z4_84572_P0_L0.png,Z4_84572,e223a134f3e59a96033cce26de3d4301aa63a725983d8473c5c0df0466fd69d9
aihub,val,0,Training/01.원천데이터/TS_주사_정면/H0_179497_P1_L0.png,H0_179497_P1_L0.png,H0_179497,40846d26a923273377b3cc80628befe434e14a75727b01794ed12b70ffde3a31
aihub,val,0,Training/01.원천데이터/TS_주사_정면/H0_184428_P6_L0.png,H0_184428_P6_L0.png,H0_184428,a9006597142830898fc2cceb4c4fcb21c5d0d065c6434c5f79fb74815cffc15a
aihub,val,0,Training/01.원천데이터/TS_주사_측면/Z4_84186_P0_L0.png,Z4_84186_P0_L0.png,Z4_84186,88b9ddd733d7ea37b141e15c4fbdab166c347daa0025a6a7d1b6fac3dff64371
aihub,val,0,Training/01.원천데이터/TS_주사_측면/Z4_85253_P0_L0.png,Z4_85253_P0_L0.png,Z4_85253,db4da087adcd974e8754aa5eb41976913155e6c60eab29deb6cbd5939dfa232d
aihub,val,0,Training/01.원천데이터/TS_주사_측면/Z4_84727_P0_L0.png,Z4_84727_P0_L0.png,Z4_84727,f7d81adf4b3068da1f6927f5cf8ecf1ee2b8449a5866921843959b52e61b94a6
aihub,val,0,Training/01.원천데이터/TS_주사_측면/Z4_84084_P0_L0.png,Z4_84084_P0_L0.png,Z4_84084,7f2315eb323b5d67c855b3b2bd63a649d0f7c25f1a1b42a8d644c4c2f695defa
aihub,val,0,Training/01.원천데이터/TS_주사_정면/H1_315252_P2_L0.png,H1_315252_P2_L0.png,H1_315252,bdd80d9478eb525a426618086aa2c88ab716ff1f96b23b645b4e3fe66520bff3
aihub,val,0,Training/01.원천데이터/TS_주사_정면/H0_185681_P1_L0.png,H0_185681_P1_L0.png,H0_185681,214b5f7cb183f0cd09ad3117b4044fcac70da2a545ce77fbea49e58845c994bb
aihub,val,0,Training/01.원천데이터/TS_주사_정면/H0_46057_P1_L0.png,H0_46057_P1_L0.png,H0_46057,3053108533a72232a2e14a22f752169841a0280d38c1366dc5efed0eaaa711c4
aihub,val,0,Training/01.원천데이터/TS_주사_측면/Z4_85199_P0_L0.png,Z4_85199_P0_L0.png,Z4_85199,8cb2202501f033ca6ace571f58632c23f2a84d08917038272f5ab9cebc6cae29
aihub,val,0,Training/01.원천데이터/TS_주사_측면/Z4_85361_P0_L0.png,Z4_85361_P0_L0.png,Z4_85361,a5c6b6d32bc0f59cf42bde958313dcbcdb5545c1934d2d61dec4a2483242484e
aihub,val,0,Training/01.원천데이터/TS_지루_정면/H1_286119_P1_L0.png,H1_286119_P1_L0.png,H1_286119,8a7353e177d83f98f5e68dfdc81c622de6e010c7e24f19cbb993a66b7f5dd007
aihub,val,0,Training/01.원천데이터/TS_지루_측면/Z4_95956_P0_L0.png,Z4_95956_P0_L0.png,Z4_95956,6eee57a2a853961a4b1cfc193f17595ae1f977eea307211b19237057c6a75421
aihub,val,0,Training/01.원천데이터/TS_지루_측면/Z4_94917_P0_L0.png,Z4_94917_P0_L0.png,Z4_94917,09de7da570d465715a142033b50e4d219f8073fb9ea64e95c1c361d84f54ded1
aihub,val,0,Training/01.원천데이터/TS_지루_정면/H1_99176_P5_L0.png,H1_99176_P5_L0.png,H1_99176,75484f6300c511731616c425d04489a08d0a18a6a5457e634c28d092eaba8d49
aihub,val,0,Training/01.원천데이터/TS_지루_정면/H0_46017_P1_L0.png,H0_46017_P1_L0.png,H0_46017,a60e7fc8fbabfc2a716860ef766f808200f769afb20f2ee94c3e5eda91d9c435
aihub,val,0,Training/01.원천데이터/TS_지루_측면/Z4_94077_P0_L0.png,Z4_94077_P0_L0.png,Z4_94077,af7d5486ab841b888162a0f28690c548eb4e2db5a2cecec691c1745ecce56348
aihub,val,0,Training/01.원천데이터/TS_지루_정면/H1_99176_P5_L3.png,H1_99176_P5_L3.png,H1_99176,bb3728d73811282c5973e89ad52ed57e0b4193794b9ad8dddff21588bc0fc2fe
aihub,val,0,Training/01.원천데이터/TS_지루_정면/H1_394891_P1_L0.png,H1_394891_P1_L0.png,H1_394891,6fce7d331f6649cce89322ff71ac43c39afb918e416aa342c73e528597cd5e02
aihub,val,0,Validation/01.원천데이터/VS_지루_정면/H5_928_P1_L1.png,H5_928_P1_L1.png,H5_928,268d15db305ae5f8f84b78b2083bc625d28adbea3c653af66fe69685460e9be6
aihub,val,0,Training/01.원천데이터/TS_지루_정면/H0_179359_P1_L0.png,H0_179359_P1_L0.png,H0_179359,0ce37c5a48362bc96de33b1e8c8df6afbf7195505a6bea021fb9ff3ac5496813
aihub,val,0,Training/01.원천데이터/TS_지루_측면/Z4_95975_P0_L0.png,Z4_95975_P0_L0.png,Z4_95975,713460aca517627b7b63292933dba617de977f54267bd503d7513d4fee9a5b2a
aihub,val,0,Training/01.원천데이터/TS_지루_측면/Z4_94021_P0_L0.png,Z4_94021_P0_L0.png,Z4_94021,5991b220eb9534ebc9916e390f486c44c36da2333d58cc43652576e8af06c814
aihub,val,0,Validation/01.원천데이터/VS_지루_측면/Z4_98405_P0_L0.png,Z4_98405_P0_L0.png,Z4_98405,c42d6ef6db97cbc89cc4d31568033df2b258e3ee1cb289a3c80213cec09afd27
aihub,val,0,Training/01.원천데이터/TS_지루_측면/Z4_94736_P0_L0.png,Z4_94736_P0_L0.png,Z4_94736,9707612c2fe5ba51b15d876f8ea89ebd8762da3d89028520e4b55b9762dd99cf
aihub,val,0,Validation/01.원천데이터/VS_지루_정면/H3_2111_P2_L0.png,H3_2111_P2_L0.png,H3_2111,3f4d70143ba8f3b51d832fa1d0e02785a897318e103a5b5e75bc3ea37c49d720
aihub,val,0,Training/01.원천데이터/TS_지루_측면/Z4_94015_P0_L0.png,Z4_94015_P0_L0.png,Z4_94015,e19acb8485a99f0f89578f079be9976e2c6815949bb0f2a9047d835512a09566
aihub,val,0,Training/01.원천데이터/TS_지루_정면/H0_155320_P3_L0.png,H0_155320_P3_L0.png,H0_155320,88814e19a829c7cb8f36865355dfca16ff2cd5281d858127621297d50980f4ca
aihub,val,0,Training/01.원천데이터/TS_지루_정면/H1_293730_P1_L0.png,H1_293730_P1_L0.png,H1_293730,d16abdf796683e761895516f8a9517c894d66830783c7633d614a56388dba673
aihub,val,0,Training/01.원천데이터/TS_지루_측면/Z4_94474_P0_L0.png,Z4_94474_P0_L0.png,Z4_94474,eddac1dade9253ccfb75e5bf88bfb15d0f3e87205a6c7f99676d6822c37313c1
aihub,val,0,Training/01.원천데이터/TS_지루_정면/H0_206336_P3_L0.png,H0_206336_P3_L0.png,H0_206336,bf0563b9ed81744bff57f7040781251a5880ed2437fa046e774948a2292ecbce
aihub,val,0,Training/01.원천데이터/TS_지루_측면/Z4_94188_P0_L0.png,Z4_94188_P0_L0.png,Z4_94188,b993de63171f5b63afdb21300ab90daa282aab5fb6dc88889a95f3082f99f50a
aihub,val,0,Training/01.원천데이터/TS_지루_측면/Z4_94995_P0_L0.png,Z4_94995_P0_L0.png,Z4_94995,5ad24a6b5ab92c40a858b7a6eff6187b5d6fa37acb04711e8646f8f7a0fac767
aihub,val,0,Training/01.원천데이터/TS_지루_측면/Z4_95398_P0_L0.png,Z4_95398_P0_L0.png,Z4_95398,52e5faf19999d1d1864fbd144b3ee7cf40e55095798ba57abd4f53d99931dcf3
aihub,val,0,Training/01.원천데이터/TS_지루_정면/H2_2204_P6_L0.png,H2_2204_P6_L0.png,H2_2204,4972ef01743d36e3d9dba620d9b587640929f21d05e999a648ae02ea74ddb0ab
aihub,val,0,Training/01.원천데이터/TS_지루_정면/H1_277721_P3_L0.png,H1_277721_P3_L0.png,H1_277721,f110f9fc60c9136621495f76059e04c1ff344fbf42eed2e70c367ee22c9d2b69
aihub,val,0,Training/01.원천데이터/TS_지루_정면/H1_386496_P5_L0.png,H1_386496_P5_L0.png,H1_386496,f973561d768cc564cfd6baddb1a605d576c1dfe04ee924baaf8c68f87f1354f2
aihub,val,0,Training/01.원천데이터/TS_지루_정면/H1_273449_P5_L0.png,H1_273449_P5_L0.png,H1_273449,378b2e8418449bf3c018de2c834d23539e59cde82e8a71fac82de89a3861f974
aihub,val,0,Training/01.원천데이터/TS_지루_측면/Z4_95783_P0_L0.png,Z4_95783_P0_L0.png,Z4_95783,48274fe86ddf2db8e782a11a2bcad8692ef75bcb40a127079a1244a4a62c4edd
aihub,val,0,Training/01.원천데이터/TS_지루_측면/Z4_95458_P0_L0.png,Z4_95458_P0_L0.png,Z4_95458,eb82f7acc218e1eba5196017904b4ca579e996c417a08ab858320ef7e8c12301
aihub,val,0,Training/01.원천데이터/TS_지루_정면/H0_167476_P6_L0.png,H0_167476_P6_L0.png,H0_167476,d259ec3941fc2a0d95173c0623db28bd24e832de2d1403bd842624794ec1cdea
aihub,val,0,Training/01.원천데이터/TS_지루_측면/Z4_96072_P0_L0.png,Z4_96072_P0_L0.png,Z4_96072,b5dcafa629088cee06e56c6a3ef2416a9910d0ac6ae6bf365fec11cbbc50e41d
aihub,val,0,Training/01.원천데이터/TS_지루_측면/Z4_95760_P0_L0.png,Z4_95760_P0_L0.png,Z4_95760,1601e23b66a00627c0c4b58fc043240470e082c4e58266ad047a97dcb3738e8f
aihub,val,0,Training/01.원천데이터/TS_지루_정면/H0_188435_P1_L0.png,H0_188435_P1_L0.png,H0_188435,f72d1a09cdeae58c7ee66cd7ab8ac325e3e25ecd321241e5d4ad5ee5338bdacc
aihub,val,0,Training/01.원천데이터/TS_지루_정면/H0_164939_P6_L0.png,H0_164939_P6_L0.png,H0_164939,43b90a00a187d0364f9c3c56c24935206cf382a049159970c46f2f1cd4b0bd64
aihub,val,0,Training/01.원천데이터/TS_지루_측면/Z4_94156_P0_L0.png,Z4_94156_P0_L0.png,Z4_94156,53dd6d94225fee567fdf09c323730c6b2266672995992de45625ea10d577c7a4
aihub,val,0,Training/01.원천데이터/TS_지루_정면/H0_206309_P14_L1.png,H0_206309_P14_L1.png,H0_206309,ad62246555e0cc58f351631d63b44a91f01250458bc667b76b3d9538e39375d6
aihub,val,0,Training/01.원천데이터/TS_지루_정면/H0_182478_P10_L0.png,H0_182478_P10_L0.png,H0_182478,19964bac08076666498484c0600649193e616a0ad0b2ef3b13e9330eb6cf2233
aihub,val,0,Training/01.원천데이터/TS_지루_정면/H1_271356_P2_L0.png,H1_271356_P2_L0.png,H1_271356,55270efba0026d058dc89ae461c6fccccf91056fec3b642df251784dc6380f92
aihub,val,0,Training/01.원천데이터/TS_지루_정면/H1_267114_P1_L0.png,H1_267114_P1_L0.png,H1_267114,560b4a1a5b45d67d4bb4905f54dd4c89a07b14e263f57a973ce166722f52f42d
aihub,val,0,Training/01.원천데이터/TS_지루_측면/Z4_94682_P0_L0.png,Z4_94682_P0_L0.png,Z4_94682,1f3da8299e8a63348a953508688034ea4010d90940e9aa2f3d87aba5d8e09a03
aihub,val,0,Training/01.원천데이터/TS_지루_정면/H1_277667_P1_L0.png,H1_277667_P1_L0.png,H1_277667,e5be450b1b66d7396fca4f6594f4dbd90e8612c970fcbd2a623a66dcbb7fceea
aihub,val,0,Validation/01.원천데이터/VS_지루_측면/Z4_98484_P0_L0.png,Z4_98484_P0_L0.png,Z4_98484,ebd268b7cccf81b6e723f264b21f8f67f446aa82188d91574731428ebadcc8a0
aihub,val,0,Training/01.원천데이터/TS_지루_측면/Z4_95072_P0_L0.png,Z4_95072_P0_L0.png,Z4_95072,b7c7e33d8ff661ff826c2995739657dd2d10128a160e8e3bab822085b583ff95
aihub,val,0,Training/01.원천데이터/TS_지루_정면/H0_156549_P1_L0.png,H0_156549_P1_L0.png,H0_156549,2c812a752494444be42cbb6cbf046aaee588064f29ebc9d9e5191a809278d569
aihub,val,0,Training/01.원천데이터/TS_지루_측면/Z4_96069_P0_L0.png,Z4_96069_P0_L0.png,Z4_96069,da2fbc5e7f9d6b9d4df2fa2eaa932fe5bfdacd0577987b3f2fac4be6b7571997
aihub,val,0,Training/01.원천데이터/TS_지루_측면/Z4_94364_P0_L0.png,Z4_94364_P0_L0.png,Z4_94364,0cf452b5dcfec7728654d418013129fce66d19b92692791f26c56040d8a7f484
aihub,val,0,Training/01.원천데이터/TS_지루_정면/H1_326889_P1_L0.png,H1_326889_P1_L0.png,H1_326889,0fdd2de4658fa216ee22e6a7ab09a4651be61a395364897618037dabcc2f4ba3
aihub,val,0,Training/01.원천데이터/TS_지루_측면/Z4_94276_P0_L0.png,Z4_94276_P0_L0.png,Z4_94276,fe82db855bbe666dab06232c6f70035d4a2ef03dab93cf4ad17d0538d84049b5
aihub,val,0,Training/01.원천데이터/TS_지루_측면/Z4_94108_P0_L0.png,Z4_94108_P0_L0.png,Z4_94108,955e24d69d494fb5da633a129ffc3dd7431a6ff6f868e5365d350cf0d4675e2b
aihub,val,0,Training/01.원천데이터/TS_지루_측면/Z4_95698_P0_L0.png,Z4_95698_P0_L0.png,Z4_95698,60adf644ae33d3b70dbe42cfb157c87680bed762a6379605bc92fedc7a0b22ef
aihub,val,0,Training/01.원천데이터/TS_지루_측면/Z4_95350_P0_L0.png,Z4_95350_P0_L0.png,Z4_95350,1fbcb8966f544891cc4405b592d639c7c1f0c71f1440faaa7e9c8299b9ffb292
aihub,val,0,Training/01.원천데이터/TS_지루_측면/Z4_95153_P0_L0.png,Z4_95153_P0_L0.png,Z4_95153,8e4200bbd2111b357dc4e8ac7d09017e2479714da295480639e2135e279cf860
aihub,val,0,Training/01.원천데이터/TS_지루_측면/Z4_94446_P0_L0.png,Z4_94446_P0_L0.png,Z4_94446,6e5828116dbf98f3fd0f2ede4a8c151dfa1f27592ade90365d8f0ee6ef2c1ccd
aihub,val,0,Validation/01.원천데이터/VS_지루_정면/H7_395_P3_L2.png,H7_395_P3_L2.png,H7_395,83e507f96706be1304243aa958ba24fd355ad39d4660b9811c6687f9e626dd7f
aihub,val,0,Training/01.원천데이터/TS_지루_측면/Z4_94370_P0_L0.png,Z4_94370_P0_L0.png,Z4_94370,4178ca4c56d4ab9fd05381ede6ce5423906b5e7f102cf15ca1b78c05165ec94a
aihub,val,0,Validation/01.원천데이터/VS_지루_측면/Z4_98515_P0_L0.png,Z4_98515_P0_L0.png,Z4_98515,30d1edb3d2c6bb2756f2eb11b57837b594afc561e84464e50c73e20d39f418ea
aihub,val,0,Training/01.원천데이터/TS_지루_측면/Z4_94174_P0_L0.png,Z4_94174_P0_L0.png,Z4_94174,744866b5803e0aba38c9883d7b64668dd559f255799188ef225b452ed7a46dc8
aihub,val,0,Training/01.원천데이터/TS_지루_측면/Z4_94073_P0_L0.png,Z4_94073_P0_L0.png,Z4_94073,35446ae53288267f861a00f1e87ef19eda1e30b7f8ee472d454cc4bccb629495
aihub,val,0,Training/01.원천데이터/TS_지루_측면/Z4_94078_P0_L0.png,Z4_94078_P0_L0.png,Z4_94078,f9369b19cd514e6461e154ec044a7e1a1d1e2aaa654fb052c62745d9622d6b0c
aihub,val,0,Training/01.원천데이터/TS_지루_측면/Z4_94109_P0_L0.png,Z4_94109_P0_L0.png,Z4_94109,abc2d1fbc35a39ca33ee7829c1da1d2d37c562ae5697f6a24943d00eee854312
aihub,val,0,Training/01.원천데이터/TS_지루_측면/Z4_96294_P0_L0.png,Z4_96294_P0_L0.png,Z4_96294,8b64e7a23029d6e7caeb6d0354b787aea887f2e60077448b506a86ad664d1247
aihub,val,0,Training/01.원천데이터/TS_지루_정면/H0_94827_P1_L1.png,H0_94827_P1_L1.png,H0_94827,b7e80658c714858edd5fb7537644c06ba810143dd86f2d3ecde04d8745b3727b
aihub,val,0,Training/01.원천데이터/TS_지루_정면/H2_2260_P1_L1.png,H2_2260_P1_L1.png,H2_2260,60377856d02e07a460e94963515386ab1c5d1fbcb80d1bd1800508e01f64d985
aihub,val,0,Training/01.원천데이터/TS_지루_측면/Z4_94776_P0_L0.png,Z4_94776_P0_L0.png,Z4_94776,6d61226987b643f684e9e03170f84912c9a33c28a11d5295ad144e5fd7c223cc
aihub,val,0,Training/01.원천데이터/TS_지루_측면/Z4_94065_P0_L0.png,Z4_94065_P0_L0.png,Z4_94065,3ebfb008fdeff59f03eee9afd519ca99466b493aefd8a6e5fc3c12d5eec7f052
aihub,val,0,Training/01.원천데이터/TS_지루_정면/H1_274463_P1_L0.png,H1_274463_P1_L0.png,H1_274463,6951741c5c7a705590655252691bcc2faf1d9ff53d5a451f8f8f7912469d799c
aihub,val,0,Training/01.원천데이터/TS_지루_측면/Z4_96046_P0_L0.png,Z4_96046_P0_L0.png,Z4_96046,582bda41ce785205114c051a695f1d0409fb8d310ee3ab7bde8fbd7a7a7ef77b
aihub,val,0,Training/01.원천데이터/TS_지루_정면/H0_162087_P6_L0.png,H0_162087_P6_L0.png,H0_162087,cd39612cdb8a8865868e9aac8e6886b718c0272359f7a4f50b444c4af70d07a6
aihub,val,0,Training/01.원천데이터/TS_지루_측면/Z4_95747_P0_L0.png,Z4_95747_P0_L0.png,Z4_95747,576b4b9f46266b99a45dd5e8cefa9e75fb0f925b797be05ad15ae3f229114ed5
aihub,val,0,Training/01.원천데이터/TS_지루_정면/H1_294246_P2_L0.png,H1_294246_P2_L0.png,H1_294246,06f8b1ffa25f32ea76d1f18af16adb8b17323bc9dd4cc1e18b65879cdae49ba4
aihub,val,0,Training/01.원천데이터/TS_지루_측면/Z4_95803_P0_L0.png,Z4_95803_P0_L0.png,Z4_95803,76141f9955b508359b1d149a64d5231bb5ff4bb3d642cf83e1029ec8d347b7d3
aihub,val,0,Validation/01.원천데이터/VS_지루_측면/Z4_98497_P0_L0.png,Z4_98497_P0_L0.png,Z4_98497,01213eae29ca0ce2558386300d291bcdbfe38730d8d5771767598795325271a6
aihub,val,0,Training/01.원천데이터/TS_지루_정면/H1_395010_P1_L0.png,H1_395010_P1_L0.png,H1_395010,a0abeb689b78f14e8631f4c7188931b18e7b92294922b7cf78aa73f63869521f
aihub,val,0,Training/01.원천데이터/TS_지루_정면/H0_87934_P1_L0.png,H0_87934_P1_L0.png,H0_87934,a89f6ab713bd351f30255c821b59bf780df964af0139b538b6faa65c98f37aa9
aihub,val,0,Training/01.원천데이터/TS_지루_정면/H0_178158_P1_L0.png,H0_178158_P1_L0.png,H0_178158,f5885f78e1d91ae0c1d0387550df7b18e63713d562f150a8aa7777737ff3d65d
aihub,val,0,Validation/01.원천데이터/VS_지루_정면/H5_928_P8_L1.png,H5_928_P8_L1.png,H5_928,2e8d501b94bb4aadaabfce880606fa4265cb36fc9124773f2bb4ce47ddb124b1
aihub,test,1,Training/01.원천데이터/TS_아토피_정면/H0_119305_P2_L0.png,H0_119305_P2_L0.png,H0_119305,45c9b4676e8a08de371d6740431bdb060cd2215c26da29f2faec9d7aea4c872b
aihub,test,1,Training/01.원천데이터/TS_아토피_정면/H0_139928_P1_L0.png,H0_139928_P1_L0.png,H0_139928,07df948530786cc4bea7ed66f7454db044ec9e685128189a6d5eba90ead83602
aihub,test,1,Training/01.원천데이터/TS_아토피_정면/H0_140568_P3_L0.png,H0_140568_P3_L0.png,H0_140568,ae650325d813199be75510e94aa87b5b39886bb755891609f987844839f0bdac
aihub,test,1,Training/01.원천데이터/TS_아토피_정면/H0_141272_P6_L0.png,H0_141272_P6_L0.png,H0_141272,35b4a29a310ad8ff09cbf82d70a25284806c8cdbed53e4f650bba6b651f9f248
aihub,test,1,Training/01.원천데이터/TS_아토피_정면/H0_141399_P6_L0.png,H0_141399_P6_L0.png,H0_141399,841647f1b293bbb57bfc4ec2d61b70e82a89f1fd41e3d78273f54d787ebd076d
aihub,test,1,Training/01.원천데이터/TS_아토피_정면/H0_182903_P11_L0.png,H0_182903_P11_L0.png,H0_182903,73ff2eafa9a881482bda04769b875212373bb114c6f8455ff6300031bb77e457
aihub,test,1,Training/01.원천데이터/TS_아토피_정면/H0_190267_P3_L0.png,H0_190267_P3_L0.png,H0_190267,9e7d707830a8ef91d906f59e6fa8aa6d160464b7e1362aead3938a87c2fe61dc
aihub,test,1,Training/01.원천데이터/TS_아토피_정면/H0_191328_P1_L2.png,H0_191328_P1_L2.png,H0_191328,f49254e654ee32f8507313da40e0852c161612b1bb1c973429d3c431ae127218
aihub,test,1,Training/01.원천데이터/TS_아토피_정면/H0_192116_P6_L0.png,H0_192116_P6_L0.png,H0_192116,01dc6fb02c9fb79d6d685d1ba3cd4ac67dd32e441137600889891302ab1bb7b4
aihub,test,1,Training/01.원천데이터/TS_아토피_정면/H0_195311_P3_L0.png,H0_195311_P3_L0.png,H0_195311,9587ca925183c917a7da94f787e7ef0af7670fb321c1b54b2cda834dd0498c65
aihub,test,1,Training/01.원천데이터/TS_아토피_정면/H0_197286_P3_L0.png,H0_197286_P3_L0.png,H0_197286,52e720ca7c0744764219afe7a69c8a6abcf3f914a4bed5fa880f8e274f41da79
aihub,test,1,Training/01.원천데이터/TS_아토피_정면/H0_197289_P4_L0.png,H0_197289_P4_L0.png,H0_197289,486f5ac5b3ea6ad81189796930986c05c968c51aee816340288f7ec75b33b24b
aihub,test,1,Training/01.원천데이터/TS_아토피_정면/H0_197327_P1_L0.png,H0_197327_P1_L0.png,H0_197327,ad40e4660d9b5925839c5b78bdcf0d3fa869cd4b1af136aa6f24e208be092a5e
aihub,test,1,Training/01.원천데이터/TS_아토피_정면/H0_197690_P3_L0.png,H0_197690_P3_L0.png,H0_197690,80b309c68bfb756a729c99efdc0d43cfbb67db9a42149479e437bee7ff3561d7
aihub,test,1,Training/01.원천데이터/TS_아토피_정면/H0_197806_P2_L0.png,H0_197806_P2_L0.png,H0_197806,9c0b186c07d552e374ed24eaf6a7bf7450b4c16592f5d130ee0eb6c4b36cb5ac
aihub,test,1,Training/01.원천데이터/TS_아토피_정면/H0_197847_P3_L0.png,H0_197847_P3_L0.png,H0_197847,f64fc6c0172bf9fda0293d05f2cb4a326b9c1652cb96456dd33dbba362675283
aihub,test,1,Training/01.원천데이터/TS_아토피_정면/H0_198024_P3_L0.png,H0_198024_P3_L0.png,H0_198024,a394d218bab452e2f158d29f692e5f99221f458761fe77a9939affb83e5b8eaa
aihub,test,1,Training/01.원천데이터/TS_아토피_정면/H0_198597_P1_L0.png,H0_198597_P1_L0.png,H0_198597,3b00e51c51ebcce452bc705a37de34279baa0c15122ccfc888dbca913334b589
aihub,test,1,Training/01.원천데이터/TS_아토피_정면/H0_199123_P2_L0.png,H0_199123_P2_L0.png,H0_199123,5223ecc91285a88cd953fbbe9baaf56ddff06f51cf016b951a51b0cf7b6ef7fa
aihub,test,1,Training/01.원천데이터/TS_아토피_정면/H0_199345_P1_L1.png,H0_199345_P1_L1.png,H0_199345,f72920c933ed0d9f3ede54d2630651e4980cf447c56f666d19e6f10e185638dd
aihub,test,1,Training/01.원천데이터/TS_아토피_정면/H0_199698_P2_L0.png,H0_199698_P2_L0.png,H0_199698,41e19e1eb4bd2323499f5f5056d318605fc1fce9961c45c2ad1f5e6efdc2d40d
aihub,test,1,Training/01.원천데이터/TS_아토피_정면/H0_199698_P7_L0.png,H0_199698_P7_L0.png,H0_199698,336db61673bc9e5a6ecf2120b51c2e21e01bf5a0b22be1fe65beb9d52f9d5527
aihub,test,1,Training/01.원천데이터/TS_아토피_정면/H0_201197_P1_L0.png,H0_201197_P1_L0.png,H0_201197,3dc35d0701c599e4dcd049f9193bfac12732823fe326de5971ade1e67cbf09f2
aihub,test,1,Training/01.원천데이터/TS_아토피_정면/H0_201197_P5_L0.png,H0_201197_P5_L0.png,H0_201197,d96e55f3d0bca471217f19e37cb97dcdb4d259c9470e9ce53c0b9ae5015e2ef8
aihub,test,1,Training/01.원천데이터/TS_아토피_정면/H0_226986_P1_L0.png,H0_226986_P1_L0.png,H0_226986,162d47803b2b2b2eb107f10bf1095d53dfe85b9e9d330bc3166c14eb2a19864d
aihub,test,1,Training/01.원천데이터/TS_아토피_정면/H0_226986_P3_L0.png,H0_226986_P3_L0.png,H0_226986,499990326de151ec6684593e93787fdd6c9ab1c1af7d5a5ca492749a639392e0
aihub,test,1,Training/01.원천데이터/TS_아토피_정면/H0_227327_P1_L0.png,H0_227327_P1_L0.png,H0_227327,4d5dd1fe95b64c75fa9571e966ea42a77f735218b9b532020977c038067bbe43
aihub,test,1,Training/01.원천데이터/TS_아토피_정면/H0_89707_P1_L1.png,H0_89707_P1_L1.png,H0_89707,106d3f7288e3a48725fae5198580af5f475108f5ccae588d37a30458f311128a
aihub,test,1,Training/01.원천데이터/TS_아토피_정면/H1_205056_P1_L0.png,H1_205056_P1_L0.png,H1_205056,0fe0706f4abcf26c2214b91599810851a8a816d0697dcea6ee275f98fadb42d9
aihub,test,1,Training/01.원천데이터/TS_아토피_정면/H1_224088_P3_L0.png,H1_224088_P3_L0.png,H1_224088,edef95093b6d6f1943970aa9d41f4d582a7fa799f9bc28249ac78797e89374c2
aihub,test,1,Training/01.원천데이터/TS_아토피_정면/H1_251757_P2_L0.png,H1_251757_P2_L0.png,H1_251757,e20bfa2f0a363930a3d54a0e24bef6e5f487aed1ec30c7b661329d86440dd7be
aihub,test,1,Training/01.원천데이터/TS_아토피_정면/H1_256981_P4_L0.png,H1_256981_P4_L0.png,H1_256981,456216f007b3323569be6ae2e77878b30b1da57871f6fb50b261ad1cf6028c5e
aihub,test,1,Training/01.원천데이터/TS_아토피_정면/H1_256981_P5_L0.png,H1_256981_P5_L0.png,H1_256981,9d5ab1e8a5939c264dc064bdf09082dea1cabadc47e10026a70e948bdc2f63d2
aihub,test,1,Training/01.원천데이터/TS_아토피_정면/H1_258024_P2_L0.png,H1_258024_P2_L0.png,H1_258024,d6abb389d1e367da41e8451bc9495411e6085503982028e5c5cfe064477ba2e5
aihub,test,1,Training/01.원천데이터/TS_아토피_정면/H1_270093_P5_L0.png,H1_270093_P5_L0.png,H1_270093,fc285cc8fe49bea1cee68fc6c304cc17225e652b5a43afe36e02ca219b9061be
aihub,test,1,Training/01.원천데이터/TS_아토피_정면/H1_272575_P14_L0.png,H1_272575_P14_L0.png,H1_272575,a4f44de010d4c901ffb10309c07fcae84bead28d148d4a7041fb0a4bc18ccbba
aihub,test,1,Training/01.원천데이터/TS_아토피_정면/H1_273113_P2_L0.png,H1_273113_P2_L0.png,H1_273113,515a28904ffcc3bf409dd1e217a73fa6cc9e4cdba22db7c33be2c0110a5484b4
aihub,test,1,Training/01.원천데이터/TS_아토피_정면/H1_275843_P3_L0.png,H1_275843_P3_L0.png,H1_275843,4bb185dbd2c02629c97d157b8fa12dbbc2727f368685ad238e1568bbf2557f17
aihub,test,1,Training/01.원천데이터/TS_아토피_정면/H1_275854_P12_L0.png,H1_275854_P12_L0.png,H1_275854,d6ad50a01e883a79bbabe53d30f567fb7837f223128675447657425c559ff695
aihub,test,1,Training/01.원천데이터/TS_아토피_정면/H1_275854_P13_L0.png,H1_275854_P13_L0.png,H1_275854,9b3b87034076ff6bd5c7d2d30117d94ebd2980d723465e233f2e3a9455dc87d3
aihub,test,1,Training/01.원천데이터/TS_아토피_정면/H1_276349_P1_L0.png,H1_276349_P1_L0.png,H1_276349,bd691d546b85ed7509b653103ecfd009b071fdaa5a379e181bd9b950e168f984
aihub,test,1,Training/01.원천데이터/TS_아토피_정면/H1_276349_P2_L0.png,H1_276349_P2_L0.png,H1_276349,bc63e900e890b02ba781e89e78c4781c24ecb1d7de0ad2cdbacce530d6be0d1e
aihub,test,1,Training/01.원천데이터/TS_아토피_정면/H1_277105_P3_L0.png,H1_277105_P3_L0.png,H1_277105,66da8aab9f8ba58c9eb1565d25754d2193b992929f64b0987a6e7f28677338ff
aihub,test,1,Training/01.원천데이터/TS_아토피_정면/H1_285351_P2_L0.png,H1_285351_P2_L0.png,H1_285351,fd1bb89ea844f025c79293c7947c8391095efd2706bb54f4de98033a80b70bee
aihub,test,1,Training/01.원천데이터/TS_아토피_정면/H1_286176_P1_L0.png,H1_286176_P1_L0.png,H1_286176,601c27fdec84f014de9b8a0815326f9b344bbda59cfc8fcaca7415755099d3ec
aihub,test,1,Training/01.원천데이터/TS_아토피_정면/H1_286478_P2_L0.png,H1_286478_P2_L0.png,H1_286478,da1b91ff5a6da357a8e9dd5540cfe95588ffa38f9f6f5d5f624310a7d5f593b3
aihub,test,1,Training/01.원천데이터/TS_아토피_정면/H1_287344_P6_L0.png,H1_287344_P6_L0.png,H1_287344,8540a0bef87fbd73a60b0bd0644545db81c9122ab504e471780bcfd7dfe4aa3c
aihub,test,1,Training/01.원천데이터/TS_아토피_정면/H1_297227_P2_L0.png,H1_297227_P2_L0.png,H1_297227,8c6fc5f076da5adcf11e48fb1af0edfdc85daa5217735629ddca454253ff4ead
aihub,test,1,Training/01.원천데이터/TS_아토피_정면/H1_297955_P3_L0.png,H1_297955_P3_L0.png,H1_297955,9b33026fc02e9b5de3d6167e56e497984417088ec5cb7bd6dbea016c4e7e1905
aihub,test,1,Training/01.원천데이터/TS_아토피_정면/H1_300346_P1_L0.png,H1_300346_P1_L0.png,H1_300346,9f23c0e2747111776b50624aac54192ee30be7b887c0bb710f033162d2669694
aihub,test,1,Training/01.원천데이터/TS_아토피_정면/H1_300346_P2_L0.png,H1_300346_P2_L0.png,H1_300346,90c4395ec7f98d68fe853875218a60f421f6350821eb839f140b8569b93c3702
aihub,test,1,Training/01.원천데이터/TS_아토피_정면/H1_300346_P3_L0.png,H1_300346_P3_L0.png,H1_300346,eccf66cd9093383a434658a310824169c2832e7031a053cfeace778f11b600a0
aihub,test,1,Training/01.원천데이터/TS_아토피_정면/H1_300346_P3_L2.png,H1_300346_P3_L2.png,H1_300346,a4078e8180c252ccf09e14db162a6140e441d38c188acc02c14dc3c18abf5a81
aihub,test,1,Training/01.원천데이터/TS_아토피_정면/H1_300346_P4_L3.png,H1_300346_P4_L3.png,H1_300346,57fdd4f73dd2a51adf7cf5c79636a75736aa628d1cbf3f978a7b41ffecb82466
aihub,test,1,Training/01.원천데이터/TS_아토피_정면/H1_312497_P1_L0.png,H1_312497_P1_L0.png,H1_312497,0ca5dca5386261a9efa5547bc1a974a66ed610ff1d71de8dc22b2810cc34dcd0
aihub,test,1,Training/01.원천데이터/TS_아토피_정면/H1_313840_P1_L0.png,H1_313840_P1_L0.png,H1_313840,e3bd8e3a8ea66c405097fc0b9c11b7dfb10155e93bcfa65f5589bf42b3994fda
aihub,test,1,Training/01.원천데이터/TS_아토피_정면/H1_313840_P2_L0.png,H1_313840_P2_L0.png,H1_313840,68294f7cb723f7d5f2174b7157386b5484618ed67fc79e7deb8204a9aad030b8
aihub,test,1,Training/01.원천데이터/TS_아토피_정면/H1_314396_P1_L0.png,H1_314396_P1_L0.png,H1_314396,250527483fceb381419b317ccb5030f27fe3eaa539901a88d441a0b252534a39
aihub,test,1,Training/01.원천데이터/TS_아토피_정면/H1_315931_P2_L0.png,H1_315931_P2_L0.png,H1_315931,09bf2d0ca4c39a9dae239be785d21970a5f1b64a6ecac31108f43117ad247609
aihub,test,1,Training/01.원천데이터/TS_아토피_정면/H1_315931_P3_L0.png,H1_315931_P3_L0.png,H1_315931,543ff978dd0911964a270f917503312d7e138fdeea38e72436d1bc99ca71386c
aihub,test,1,Training/01.원천데이터/TS_아토피_정면/H1_316564_P3_L0.png,H1_316564_P3_L0.png,H1_316564,d3044ffbda6f8fbc49ea1722e8a31596cf6e1ac0ac141dd707e3f7b1d1e308b9
aihub,test,1,Training/01.원천데이터/TS_아토피_정면/H1_316851_P14_L1.png,H1_316851_P14_L1.png,H1_316851,9b6691b03666ddffa9967011d970d3d6b7f32ed396afe7594a0df7f24b49779f
aihub,test,1,Training/01.원천데이터/TS_아토피_정면/H1_316851_P1_L0.png,H1_316851_P1_L0.png,H1_316851,745394ad40440bc6c91a6c0aae15934f57c1a3eb6c351cd96c895e042db3c673
aihub,test,1,Training/01.원천데이터/TS_아토피_정면/H1_317976_P1_L0.png,H1_317976_P1_L0.png,H1_317976,f7e939ec1cffe423349401b538b2d95caf89b306a7f10fce4757f0c8a5032814
aihub,test,1,Training/01.원천데이터/TS_아토피_정면/H1_353567_P1_L0.png,H1_353567_P1_L0.png,H1_353567,4864473397e8309cb883b9a89a1fea372c40fa40dfc1d42777d1cc99a8ac79d7
aihub,test,1,Training/01.원천데이터/TS_아토피_정면/H1_353567_P1_L1.png,H1_353567_P1_L1.png,H1_353567,bcd4273c88f18d1cf831f79261aad95f5b96bd02bd7c10826cc23b0287155c6d
aihub,test,1,Training/01.원천데이터/TS_아토피_정면/H1_370088_P1_L0.png,H1_370088_P1_L0.png,H1_370088,e087a5b338fe555df6aa29c933ad337103385f74482f7d79d00939d9be60e6c2
aihub,test,1,Training/01.원천데이터/TS_아토피_정면/H1_373489_P11_L0.png,H1_373489_P11_L0.png,H1_373489,1c64bf5c643ce803c77b3d99d817a5c3c442ef17f4a3834a012ff99b0062286d
aihub,test,1,Training/01.원천데이터/TS_아토피_정면/H1_377550_P2_L0.png,H1_377550_P2_L0.png,H1_377550,5e372170ff6b777cf73d67fa8520ec90b060d3e111d8567e95f611d188e3fb56
aihub,test,1,Training/01.원천데이터/TS_아토피_정면/H1_379767_P1_L0.png,H1_379767_P1_L0.png,H1_379767,75da300a36baf182e3c9afd5837a73dfcc4b8fbcd32d05987e8309b34dea5908
aihub,test,1,Training/01.원천데이터/TS_아토피_정면/H1_379767_P2_L0.png,H1_379767_P2_L0.png,H1_379767,9f56232af36977f0a49eb4239579b56459040f62f510414cb7f23a04f3c6a82c
aihub,test,1,Training/01.원천데이터/TS_아토피_정면/H1_384918_P1_L0.png,H1_384918_P1_L0.png,H1_384918,ce61cb68a0abafc8a457f90ca23160da0003e4806e99a67cbcd69a41f24066d6
aihub,test,1,Training/01.원천데이터/TS_아토피_정면/H1_384918_P3_L0.png,H1_384918_P3_L0.png,H1_384918,77c46d887ffd28477197edbae153fbff9e47864a48d8422e4c749e4fd6ed2047
aihub,test,1,Training/01.원천데이터/TS_아토피_정면/H1_394719_P6_L0.png,H1_394719_P6_L0.png,H1_394719,6afcc9557c305be969fc9f050ab41f9ff97d505da59a37243eae49a44f03c80b
aihub,test,1,Training/01.원천데이터/TS_아토피_정면/H1_394758_P2_L0.png,H1_394758_P2_L0.png,H1_394758,4785da18553c33f465d85753fb78c115fc6423261b1fdceb0eb3f66390fbe0d6
aihub,test,1,Training/01.원천데이터/TS_아토피_정면/H1_397469_P1_L0.png,H1_397469_P1_L0.png,H1_397469,a77f177e08ddb8ddc2243484049dadc7cbdf93e7e370f06a50fbb0dc8e08953d
aihub,test,1,Training/01.원천데이터/TS_아토피_정면/H1_397486_P1_L0.png,H1_397486_P1_L0.png,H1_397486,d0c0d8a314e2e3d8cddf8f5cdd3c74ea13fb805886bf0eeb0f43f97a7f997405
aihub,test,1,Training/01.원천데이터/TS_아토피_정면/H1_397486_P4_L0.png,H1_397486_P4_L0.png,H1_397486,b6f6b4c818b05b0bff720754edf90768b13cdd532a5b96d4dd86d21dbee54b03
aihub,test,1,Training/01.원천데이터/TS_아토피_정면/H1_97609_P1_L3.png,H1_97609_P1_L3.png,H1_97609,5154770a79055d3ac3546b27f3d4e373fb0e3b2ef58b9f8e2c9d1daf15aeb557
aihub,test,1,Training/01.원천데이터/TS_아토피_정면/H1_97640_P1_L2.png,H1_97640_P1_L2.png,H1_97640,62d179b877591b123303e4ed59783670fae564f7b4f49fe405c1c511ab7167b2
aihub,test,1,Training/01.원천데이터/TS_아토피_정면/H1_97644_P1_L6.png,H1_97644_P1_L6.png,H1_97644,3c675bfdcd306b1c9c4d75167f15f2a3c1805db6c8ae04f7fa652f2cdc85bdac
aihub,test,1,Training/01.원천데이터/TS_아토피_정면/H1_97744_P1_L10.png,H1_97744_P1_L10.png,H1_97744,51b3dc9498696d527eaa0fb65ea9988b4cfc3d04ee69b82f062e89a94fcb6c9b
aihub,test,1,Training/01.원천데이터/TS_아토피_정면/H1_97750_P1_L4.png,H1_97750_P1_L4.png,H1_97750,d4c06e4357ffe92581dc0738361209273ac17971fcfc61ab55ac41d32b5f8fd5
aihub,test,1,Training/01.원천데이터/TS_아토피_정면/H1_97773_P8_L11.png,H1_97773_P8_L11.png,H1_97773,e35335ad12d54889aa5639b70229441e5b5c93ed5e8d95ae212f8dd6e30ee891
aihub,test,1,Training/01.원천데이터/TS_아토피_정면/H1_97818_P8_L1.png,H1_97818_P8_L1.png,H1_97818,74a02a877cd1e3f414d5035b08b7d7b8622e79e796db6607fcaecdcf78ed2577
aihub,test,1,Training/01.원천데이터/TS_아토피_정면/H2_2820_P1_L0.png,H2_2820_P1_L0.png,H2_2820,212005d9656b74fa9b57e0bd8222b4cdfa82262f18415049aba150666efee59e
aihub,test,1,Training/01.원천데이터/TS_아토피_정면/H2_2989_P2_L0.png,H2_2989_P2_L0.png,H2_2989,aac6083308126c32c2a66d7b1a4dece320d1d21442974786edec71621774030a
aihub,test,1,Training/01.원천데이터/TS_아토피_정면/H2_4579_P2_L0.png,H2_4579_P2_L0.png,H2_4579,c2e4629cbbf3588b1168ad16c168a685cf23a7602ce7f394683968428820196c
aihub,test,1,Training/01.원천데이터/TS_아토피_정면/H2_6520_P2_L0.png,H2_6520_P2_L0.png,H2_6520,2e4cd7b4a4be524f602af5ac03bd7081d35b1196d9072d531cb31df610043239
aihub,test,1,Training/01.원천데이터/TS_아토피_정면/H3_1915_P7_L0.png,H3_1915_P7_L0.png,H3_1915,7329222e788dcb9b562b0b0f15bf10723eb902c4ee39303c6d6a2dcb0a87a172
aihub,test,1,Training/01.원천데이터/TS_아토피_정면/H3_4064_P8_L2.png,H3_4064_P8_L2.png,H3_4064,41eb3f5b237ac4854aebeef73f648d3fada7762ef44cdb3d7f3cb336513b4a66
aihub,test,1,Training/01.원천데이터/TS_아토피_정면/H3_4323_P1_L0.png,H3_4323_P1_L0.png,H3_4323,d0f3cf0ce8a3c71819ff3113d3eb010bbc882c6e35a8ec3b952aa312e0894463
aihub,test,1,Training/01.원천데이터/TS_아토피_정면/H3_4332_P15_L0.png,H3_4332_P15_L0.png,H3_4332,07c25612ef3cb6268b7ab4c2e10ea76c1d3b9655e4dda8bf4043420f74d828f7
aihub,test,1,Training/01.원천데이터/TS_아토피_정면/H3_4347_P2_L1.png,H3_4347_P2_L1.png,H3_4347,5d5717dd5d0f24660e1463ff6b03a48a53a12e9a17e86e0b042bd5fa5ca05ff9
aihub,test,1,Training/01.원천데이터/TS_아토피_정면/H3_4373_P5_L0.png,H3_4373_P5_L0.png,H3_4373,68a1c352a95f94541a4441d64f26f2f7b81289ee7f9906be7569db3d34a8dfa0
aihub,test,1,Training/01.원천데이터/TS_아토피_정면/H3_5559_P2_L1.png,H3_5559_P2_L1.png,H3_5559,573ea2470e340f2300ed4c3972c2acacd6ccaa31cc073d9907b6d8142715f5ef
aihub,test,1,Training/01.원천데이터/TS_아토피_정면/H4_3272_P7_L2.png,H4_3272_P7_L2.png,H4_3272,6395e2b025b9a9c26f609970767767ef2a93199cb12897d3029a8c88c0050cf6
aihub,test,1,Training/01.원천데이터/TS_아토피_정면/H4_3286_P3_L2.png,H4_3286_P3_L2.png,H4_3286,763f1f432020543ee028672817afabee7811d084f3f7970aeacbfc73bed68e80
aihub,test,1,Training/01.원천데이터/TS_아토피_정면/H4_4243_P5_L1.png,H4_4243_P5_L1.png,H4_4243,f4c520aa72f68a506fa9a372cb7319f883391e3a50df1b4d10210598a9567652
aihub,test,1,Training/01.원천데이터/TS_아토피_정면/H4_7085_P3_L5.png,H4_7085_P3_L5.png,H4_7085,94954031ea0b94f2d044cbe624aa6d611bc98e5cfe9ede23bd7275726e7b19e9
aihub,test,1,Training/01.원천데이터/TS_아토피_측면/Z4_74019_P0_L0.png,Z4_74019_P0_L0.png,Z4_74019,4f27d1ba2c591528b9f2ad3b72d9ded066b4f878cd73577c82c502e260079ea5
aihub,test,1,Training/01.원천데이터/TS_아토피_측면/Z4_74030_P0_L0.png,Z4_74030_P0_L0.png,Z4_74030,06d66084401ae9856cc6836a27035d7a89665b3c33c4be261843fd4cbcf04eb4
aihub,test,1,Training/01.원천데이터/TS_아토피_측면/Z4_74031_P0_L0.png,Z4_74031_P0_L0.png,Z4_74031,97252f789e2f807bbc59a06242d06b30e6f5368d693926895f09e276825dea0c
aihub,test,1,Training/01.원천데이터/TS_아토피_측면/Z4_74060_P0_L0.png,Z4_74060_P0_L0.png,Z4_74060,427e8336d02c6dce32730bd080b2f921337ab5822d9b6a09469c03ce6844dc91
aihub,test,1,Training/01.원천데이터/TS_아토피_측면/Z4_74095_P0_L0.png,Z4_74095_P0_L0.png,Z4_74095,5337034bb3719b32bf5446fcdc9c23ec9d7fd6c8ecb31498eccc87f23d0a18ef
aihub,test,1,Training/01.원천데이터/TS_아토피_측면/Z4_74099_P0_L0.png,Z4_74099_P0_L0.png,Z4_74099,b33094990a8d0e54c7f038f46bd2eb897d33e4398ee62bd9a8daab3560d429ef
aihub,test,1,Training/01.원천데이터/TS_아토피_측면/Z4_74107_P0_L0.png,Z4_74107_P0_L0.png,Z4_74107,042b769f08abf1220b23c40d9b6bee22bd60eff04a50cfebbdded1f9873ef8e5
aihub,test,1,Training/01.원천데이터/TS_아토피_측면/Z4_74111_P0_L0.png,Z4_74111_P0_L0.png,Z4_74111,ec1729320114649e4920beef3099d2bbe820a3bcecbe5f605894e5127b0b72b9
aihub,test,1,Training/01.원천데이터/TS_아토피_측면/Z4_74143_P0_L0.png,Z4_74143_P0_L0.png,Z4_74143,36f604f5cfce4fa0e1bfe160f3cb1d4f05711d511ec528579fec25e828eccadf
aihub,test,1,Training/01.원천데이터/TS_아토피_측면/Z4_74203_P0_L0.png,Z4_74203_P0_L0.png,Z4_74203,3f2db86ff9f76fdbcfd57dec24f2aee864caecdaa0a60dd40f900a178dd18a83
aihub,test,1,Training/01.원천데이터/TS_아토피_측면/Z4_74212_P0_L0.png,Z4_74212_P0_L0.png,Z4_74212,1fe94361e16515605f75864ea291502c83c90cc3f07ba8b6b373338837a97b3e
aihub,test,1,Training/01.원천데이터/TS_아토피_측면/Z4_74216_P0_L0.png,Z4_74216_P0_L0.png,Z4_74216,f1d8ea03a8af15769e95dc26e98a649165b09313db9a616a3befd306e1641c44
aihub,test,1,Training/01.원천데이터/TS_아토피_측면/Z4_74253_P0_L0.png,Z4_74253_P0_L0.png,Z4_74253,9dcb221886d9498d5f4ee63146eb6a8dc2257df6355b07f809a6dec8ea874ae9
aihub,test,1,Training/01.원천데이터/TS_아토피_측면/Z4_74311_P0_L0.png,Z4_74311_P0_L0.png,Z4_74311,10c9b883281c315f2b4dc3b3af69f34c3ce2b9d4e58e6c5798dbe83a280d387e
aihub,test,1,Training/01.원천데이터/TS_아토피_측면/Z4_74317_P0_L0.png,Z4_74317_P0_L0.png,Z4_74317,c336e05af2532a864a729a0d2137d293e68432a55b2b2520cd3ac470ccd2c09e
aihub,test,1,Training/01.원천데이터/TS_아토피_측면/Z4_74339_P0_L0.png,Z4_74339_P0_L0.png,Z4_74339,6842a707ab43b6b40b7a463b93fdb8d4feb86fc4bffdc4bf62c19faeafe0b1b3
aihub,test,1,Training/01.원천데이터/TS_아토피_측면/Z4_74348_P0_L0.png,Z4_74348_P0_L0.png,Z4_74348,9c6742d002bfbc830cbe9a95e7c61fc1e6d11a1dd5b0aa31f6b7bfa4c33d1c16
aihub,test,1,Training/01.원천데이터/TS_아토피_측면/Z4_74386_P0_L0.png,Z4_74386_P0_L0.png,Z4_74386,cdf0faabe8361d60c9cc7b3c8c77d3920dab9bf7080116e15f09ec8b61b93332
aihub,test,1,Training/01.원천데이터/TS_아토피_측면/Z4_74390_P0_L0.png,Z4_74390_P0_L0.png,Z4_74390,8ec360a83fd90b3ce92e5449968c1b02602ae5df22a5b31e063d953f209df2bb
aihub,test,1,Training/01.원천데이터/TS_아토피_측면/Z4_74393_P0_L0.png,Z4_74393_P0_L0.png,Z4_74393,588e37243066d6a7026beca4d49be5b37d77ab238a38e91d64bf3ebf94fa79c6
aihub,test,1,Training/01.원천데이터/TS_아토피_측면/Z4_74409_P0_L0.png,Z4_74409_P0_L0.png,Z4_74409,dd41b11cb99e11d12be76094188e2fee3331bbfa55f6f7c38d7855b2dfdb0a4b
aihub,test,1,Training/01.원천데이터/TS_아토피_측면/Z4_74416_P0_L0.png,Z4_74416_P0_L0.png,Z4_74416,e5a3944a86bc8286e61694e6f6f725d044f856880158aa4b3c5177e4af4b6e16
aihub,test,1,Training/01.원천데이터/TS_아토피_측면/Z4_74437_P0_L0.png,Z4_74437_P0_L0.png,Z4_74437,80e084077b6935b41b406f7a5fdc74ad22337f537ee5eb6a58cc0a6ad33d22bf
aihub,test,1,Training/01.원천데이터/TS_아토피_측면/Z4_75456_P0_L0.png,Z4_75456_P0_L0.png,Z4_75456,e8c8b31fd881cc65717e5db9d25469a15107c8212525ead078d3728557ee9a60
aihub,test,1,Training/01.원천데이터/TS_아토피_측면/Z4_75658_P0_L0.png,Z4_75658_P0_L0.png,Z4_75658,1a420064b0adaece90d909b2a83090bd3c5491626a147eea73148cfe0d36a6a8
aihub,test,1,Training/01.원천데이터/TS_아토피_측면/Z4_75661_P0_L0.png,Z4_75661_P0_L0.png,Z4_75661,d264ab5c5f9b62fb9e6f2fc9d65f8fdc7b969349de85564e031a0c25c283436f
aihub,test,1,Training/01.원천데이터/TS_아토피_측면/Z4_75802_P0_L0.png,Z4_75802_P0_L0.png,Z4_75802,6db97b9b00ae64b5eabc9ce1bc0a7f7fa22180310e328b5dccfb8127d10fabae
aihub,test,1,Training/01.원천데이터/TS_아토피_측면/Z4_75831_P0_L0.png,Z4_75831_P0_L0.png,Z4_75831,2f74b6cd31a7126d8493cdf920daaf6ec8e0c2d5b220dedf2044be1dccaa7797
aihub,test,1,Training/01.원천데이터/TS_아토피_측면/Z4_75856_P0_L0.png,Z4_75856_P0_L0.png,Z4_75856,b067f57c7e10eaa3e139de48f743d522657780513e48c4401a0b06ad8c8cb289
aihub,test,1,Training/01.원천데이터/TS_아토피_측면/Z4_75900_P0_L0.png,Z4_75900_P0_L0.png,Z4_75900,fb6594b71e2292fa9be217af27018feb6087b67c58843da47044f9ee8d8e10b8
aihub,test,1,Training/01.원천데이터/TS_아토피_측면/Z4_75929_P0_L0.png,Z4_75929_P0_L0.png,Z4_75929,7add807d983037c88bd58c9b0c27f5d3737db26444f33fe5fdce1a2269045903
aihub,test,1,Training/01.원천데이터/TS_아토피_측면/Z4_75951_P0_L0.png,Z4_75951_P0_L0.png,Z4_75951,b6d39bd0207bad397c255d671777dcdb3066af9993392e2dae52e75722661b14
aihub,test,1,Training/01.원천데이터/TS_아토피_측면/Z4_75985_P0_L0.png,Z4_75985_P0_L0.png,Z4_75985,6fd7382532ea88f453af1d707bb0d9f90539d9e4d05b02b2e130fee42e443313
aihub,test,1,Training/01.원천데이터/TS_아토피_측면/Z4_76002_P0_L0.png,Z4_76002_P0_L0.png,Z4_76002,b4bc0a9c1667c66ce5a641e094f0f2e49ceb553abb24af178d4d4cf023ce0203
aihub,test,1,Training/01.원천데이터/TS_아토피_측면/Z4_76016_P0_L0.png,Z4_76016_P0_L0.png,Z4_76016,0cdedb3401f288fe7b1c80d4891565d62bb0c7eaf8328aa6ef51bd425aaf0a37
aihub,test,1,Training/01.원천데이터/TS_아토피_측면/Z4_76041_P0_L0.png,Z4_76041_P0_L0.png,Z4_76041,f505050c15ec4795dd69c8e15752f5af695742dd09482814ac7e38ad863e1719
aihub,test,1,Training/01.원천데이터/TS_아토피_측면/Z4_76055_P0_L0.png,Z4_76055_P0_L0.png,Z4_76055,8b224dec7ea21edaa04847b9398a98e4b4054548a8bb4331df879f71095f9d9c
aihub,test,1,Training/01.원천데이터/TS_아토피_측면/Z4_76109_P0_L0.png,Z4_76109_P0_L0.png,Z4_76109,c7108b931720545eab28dd47336280c0c4eb1877c63c25166a49c57d056dd5b1
aihub,test,1,Training/01.원천데이터/TS_아토피_측면/Z4_76147_P0_L0.png,Z4_76147_P0_L0.png,Z4_76147,7f07f34e4feccd669b4b5f023c767335cb06e0d2be58b9492ea55cab9ffd4495
aihub,test,1,Training/01.원천데이터/TS_아토피_측면/Z4_76149_P0_L0.png,Z4_76149_P0_L0.png,Z4_76149,f98c16e38bf611cec7fb7a827eb75c4196674553819f4c43bc1080514ba4cb8b
aihub,test,1,Training/01.원천데이터/TS_아토피_측면/Z4_76294_P0_L0.png,Z4_76294_P0_L0.png,Z4_76294,60cb73803cec212fb6e65ca12c819bb32a14d57daaf162d09edf01c84a9c58c7
aihub,test,1,Training/01.원천데이터/TS_아토피_측면/Z4_76320_P0_L0.png,Z4_76320_P0_L0.png,Z4_76320,c163139cad75b6f876027eafe182575e1f4850b6a7f556eeea6d9dddf25a18a1
aihub,test,1,Training/01.원천데이터/TS_아토피_측면/Z4_76388_P0_L0.png,Z4_76388_P0_L0.png,Z4_76388,43710eec99d7150f57968af6cda563a386b3b90785da7f5380661d740028b757
aihub,test,1,Training/01.원천데이터/TS_아토피_측면/Z4_76414_P0_L0.png,Z4_76414_P0_L0.png,Z4_76414,e51fb787d63a53989a458e5ac9c8a32bf08f3e39e7de262c1440392827884e38
aihub,test,1,Training/01.원천데이터/TS_아토피_측면/Z4_76454_P0_L0.png,Z4_76454_P0_L0.png,Z4_76454,57a8ad9373cd7ed3bb36d565148d28564f120ea14a0b3f1866b2e296a4d9ca9c
aihub,test,1,Training/01.원천데이터/TS_아토피_측면/Z4_76477_P0_L0.png,Z4_76477_P0_L0.png,Z4_76477,ce9cfd3d6d91b8a823c2c9ad3b6cf3db55d2cb05ac51f779ead406d2335c9b5b
aihub,test,1,Training/01.원천데이터/TS_아토피_측면/Z4_76485_P0_L0.png,Z4_76485_P0_L0.png,Z4_76485,8c5b6c0e4454cc04b59673049f96dbf2d8970d01f2b46409fe0c1aad570c2c89
aihub,test,1,Training/01.원천데이터/TS_아토피_측면/Z4_76602_P0_L0.png,Z4_76602_P0_L0.png,Z4_76602,664b831470ac8c343c2d9e23a21385c53a63be61e21ad54a5254a60f51f3b8e1
aihub,test,1,Training/01.원천데이터/TS_아토피_측면/Z4_76676_P0_L0.png,Z4_76676_P0_L0.png,Z4_76676,b84459f90b29b22f0e9452eeb0ddc23d978ab8bba5e2b2656afcce3a6ef69bad
aihub,test,1,Training/01.원천데이터/TS_아토피_측면/Z4_76722_P0_L0.png,Z4_76722_P0_L0.png,Z4_76722,03f12fa42df0ea455226aa17199c51e6139b865215383217362bb9dc89eb31ff
aihub,test,1,Training/01.원천데이터/TS_아토피_측면/Z4_76755_P0_L0.png,Z4_76755_P0_L0.png,Z4_76755,0550be88d4c42aa1209226dba63bb071419d31e6d4ca4ae687dc0fbeb456e075
aihub,test,1,Training/01.원천데이터/TS_아토피_측면/Z4_76778_P0_L0.png,Z4_76778_P0_L0.png,Z4_76778,b33aa0e23c75590745fdd195a5d3aa6d7de230a433e4490612769ac3a1b6aac4
aihub,test,1,Training/01.원천데이터/TS_아토피_측면/Z4_76829_P0_L0.png,Z4_76829_P0_L0.png,Z4_76829,f27e35cec87183e81027810a654fdb0ca43c472f6f1914dc56e4c9586710183e
aihub,test,1,Training/01.원천데이터/TS_아토피_측면/Z4_77101_P0_L0.png,Z4_77101_P0_L0.png,Z4_77101,df17fa9411f66418e83e7fa4a9fbb839c55892fe4b62dfb69fc87b1e772e3796
aihub,test,1,Training/01.원천데이터/TS_아토피_측면/Z4_77139_P0_L0.png,Z4_77139_P0_L0.png,Z4_77139,a0eed01657685cf9c152a2b42e5c5cb22915949fe852093c08e3e39cd208af5d
aihub,test,1,Training/01.원천데이터/TS_아토피_측면/Z4_77202_P0_L0.png,Z4_77202_P0_L0.png,Z4_77202,f207ae341e0e5453c3f36b7a4f2aa2b495a78c7d0860d5d44cffcc8c5a14b646
aihub,test,1,Training/01.원천데이터/TS_아토피_측면/Z4_77283_P0_L0.png,Z4_77283_P0_L0.png,Z4_77283,4e25291430dbfe2c6763cd0b464d0248a55a911b217df59844e2075bbb361826
aihub,test,1,Training/01.원천데이터/TS_아토피_측면/Z4_77322_P0_L0.png,Z4_77322_P0_L0.png,Z4_77322,d9d7a4d220551b73213ae70430edc54db0310324815b7140743dffc2d862c6fd
aihub,test,1,Training/01.원천데이터/TS_아토피_측면/Z4_77415_P0_L0.png,Z4_77415_P0_L0.png,Z4_77415,dc14d3a4746585a82f8fefe328767b766cdabe394de86dba17e266d708d7c4b8
aihub,test,1,Training/01.원천데이터/TS_아토피_측면/Z4_77565_P0_L0.png,Z4_77565_P0_L0.png,Z4_77565,eb435f03f6eb6e0963c66ad4c999a3f1eac02df60a91a9c7917531f4946fe870
aihub,test,1,Training/01.원천데이터/TS_아토피_측면/Z4_77628_P0_L0.png,Z4_77628_P0_L0.png,Z4_77628,c13bb190f06b0f159799f9f1991bcde3f30adf1cdf824aced9fbd79614055ace
aihub,test,1,Training/01.원천데이터/TS_아토피_측면/Z4_77667_P0_L0.png,Z4_77667_P0_L0.png,Z4_77667,5432be911f4820edb1c961d425c6ce011516805ea17471c6728ea57279af56da
aihub,test,1,Training/01.원천데이터/TS_아토피_측면/Z4_77700_P0_L0.png,Z4_77700_P0_L0.png,Z4_77700,6202c07c8da96e5452d49d54a7b5eeb48221fe991a784b90276246b2fb845092
aihub,test,1,Training/01.원천데이터/TS_아토피_측면/Z4_77876_P0_L0.png,Z4_77876_P0_L0.png,Z4_77876,4aff737b0d64c3e630608d6942436a36fff563275e5edecaa43f1ba8b4d43037
aihub,test,1,Training/01.원천데이터/TS_아토피_측면/Z4_78073_P0_L0.png,Z4_78073_P0_L0.png,Z4_78073,76968daec976c2749d895962b7b997386b18f12e2af7c02ea0de8d1c9ecf6359
aihub,test,1,Training/01.원천데이터/TS_아토피_측면/Z4_78128_P0_L0.png,Z4_78128_P0_L0.png,Z4_78128,2c42777d1f282ceb48016f78638aa371b331d2292489cb92afab8aac3e9c11f6
aihub,test,1,Training/01.원천데이터/TS_아토피_측면/Z4_78131_P0_L0.png,Z4_78131_P0_L0.png,Z4_78131,933555876ce25dec7e40afe1192815080694dfcc764921db1d539e0d528d4399
aihub,test,1,Training/01.원천데이터/TS_아토피_측면/Z4_78146_P0_L0.png,Z4_78146_P0_L0.png,Z4_78146,b8ce74a6946cd22f73bdd4d43f754242a76e10b7c5886d58dcaae6b221f73ef6
aihub,test,1,Validation/01.원천데이터/VS_아토피_정면/H5_1003_P2_L0.png,H5_1003_P2_L0.png,H5_1003,fc5768d81546fda43d3cbe1441e38f9f115281eb0505edc30e6cfe58fe2b4a07
aihub,test,1,Validation/01.원천데이터/VS_아토피_정면/H5_1432_P2_L0.png,H5_1432_P2_L0.png,H5_1432,b5fac98f4449d642e83598cd061e300f48a21e42c88d353921e2bc1038594dd4
aihub,test,1,Validation/01.원천데이터/VS_아토피_정면/H5_1494_P12_L0.png,H5_1494_P12_L0.png,H5_1494,4e9b65b09939e989495674953d26191753d880bd6c769b082d14701939a7460a
aihub,test,1,Validation/01.원천데이터/VS_아토피_정면/H5_1512_P1_L1.png,H5_1512_P1_L1.png,H5_1512,6677758798c937b7245c96aa09e904acc49d0f4ac8d841768e45696844873f98
aihub,test,1,Validation/01.원천데이터/VS_아토피_정면/H7_2233_P4_L2.png,H7_2233_P4_L2.png,H7_2233,a97fbb0b3c1d7cc1d7fa210adcb66b5050be147e579668736df9a191b59e5ca7
aihub,test,1,Validation/01.원천데이터/VS_아토피_정면/H7_5023_P10_L1.png,H7_5023_P10_L1.png,H7_5023,d18cb8d97777d28194c52d083341975adb24609b1ba6e9b3487af5aae3d70b05
aihub,test,1,Validation/01.원천데이터/VS_아토피_정면/H7_5030_P5_L0.png,H7_5030_P5_L0.png,H7_5030,b7d01523f7e01e66afbe04e387e07c77272538800becdfb9863403cf72949724
aihub,test,1,Validation/01.원천데이터/VS_아토피_정면/H7_5237_P12_L0.png,H7_5237_P12_L0.png,H7_5237,ad7c4d9fa02531668ba4ef29cb4829108918d15624787ea331022d68e9405b52
aihub,test,1,Validation/01.원천데이터/VS_아토피_측면/Z4_78256_P0_L0.png,Z4_78256_P0_L0.png,Z4_78256,b54f9023e8d516a8cd69bdf7429941a0f5edffe5a852dbea020803f2f6e88ec0
aihub,test,1,Validation/01.원천데이터/VS_아토피_측면/Z4_78421_P0_L0.png,Z4_78421_P0_L0.png,Z4_78421,d5603e7be3bbe77a3aa3eeb31fe419fef0498144df86987c72bcd4322eb10df7
aihub,test,1,Validation/01.원천데이터/VS_아토피_측면/Z4_78478_P0_L0.png,Z4_78478_P0_L0.png,Z4_78478,3a29fdd30d11b9e6c099fdb540a3a135d65be3083bd3b643adbe71658c59dffb
aihub,test,1,Validation/01.원천데이터/VS_아토피_측면/Z4_78486_P0_L0.png,Z4_78486_P0_L0.png,Z4_78486,403993759f0654d29a08b63ef19b0aa2347c5c82140f249649e3a96a1fb38dd9
aihub,test,1,Validation/01.원천데이터/VS_아토피_측면/Z4_78491_P0_L0.png,Z4_78491_P0_L0.png,Z4_78491,6d79c30f5641752fde892d2c6a4d1497ec46d1c58859f5581f870a71eaeb55fb
aihub,test,1,Validation/01.원천데이터/VS_아토피_측면/Z4_78513_P0_L0.png,Z4_78513_P0_L0.png,Z4_78513,98f03285a9ef8161bb516a77f01f655f11ded508b514ed6461c3aacbf54fedf7
aihub,test,0,Training/01.원천데이터/TS_정상_정면/H2_2771_P1_L0.png,H2_2771_P1_L0.png,H2_2771,3b2f93c69649b8d565142599f0ef6b2baf6323ac12129cdc3db7de639e47845c
aihub,test,0,Training/01.원천데이터/TS_정상_측면/Z4_82714_P0_L0.png,Z4_82714_P0_L0.png,Z4_82714,3c560144c50cb5060c3d4c158218fcfd9f1a3dec19a235a1b9f8c21d0027b7fd
aihub,test,0,Training/01.원천데이터/TS_정상_측면/Z4_80267_P0_L0.png,Z4_80267_P0_L0.png,Z4_80267,c0784134b3895b55477b25c5f1124ba750ef7353dc596da48b31dfd733209a44
aihub,test,0,Training/01.원천데이터/TS_정상_측면/Z4_80763_P0_L0.png,Z4_80763_P0_L0.png,Z4_80763,db0d8a945be86224cd63472a949d9ed563e488b8f3c62298c022d4cd53e9ae09
aihub,test,0,Training/01.원천데이터/TS_정상_정면/H0_206126_P1_L0.png,H0_206126_P1_L0.png,H0_206126,0a999ebd7b024ca4ac5824348b8d0323662747edd1315a3482596adafa5354c3
aihub,test,0,Training/01.원천데이터/TS_정상_정면/H1_94488_P1_L5.png,H1_94488_P1_L5.png,H1_94488,1d3bcc23f0a4c5645da82916b379c91c15bbacd9579ce14008519adcb82c3428
aihub,test,0,Training/01.원천데이터/TS_정상_측면/Z4_79004_P0_L0.png,Z4_79004_P0_L0.png,Z4_79004,8e1eceb91c795a17e347e7b340304946fa0e5e1c29fba077b57cf84a322ff145
aihub,test,0,Training/01.원천데이터/TS_정상_정면/H0_205835_P2_L0.png,H0_205835_P2_L0.png,H0_205835,d0efdaecfcf05c86b7873d5439ad8fa55f3068290df568ab6ff219aabaff3d92
aihub,test,0,Validation/01.원천데이터/VS_정상_측면/Z4_117274_P0_L0.png,Z4_117274_P0_L0.png,Z4_117274,f339c8b66db9dc4d4a27927417fa8b10e26914c9514111dcbb8959a8a45b7c3a
aihub,test,0,Training/01.원천데이터/TS_정상_정면/H9_3924_P1_L0.png,H9_3924_P1_L0.png,H9_3924,7148d2f403834588db1b4c3b7ea9481288a8f49d62a29db9e361746d523c549d
aihub,test,0,Training/01.원천데이터/TS_정상_정면/H9_3605_P5_L0.png,H9_3605_P5_L0.png,H9_3605,bde63e8bafee9c0505fc908b08f830c245264b5c0e649c883bf74dbd6d23a7ef
aihub,test,0,Training/01.원천데이터/TS_정상_측면/Z4_80361_P0_L0.png,Z4_80361_P0_L0.png,Z4_80361,2d8cb5ac210c4a8ca66f220172c9b8c0a1a883bdf66eb64c33272f6d0aeb510e
aihub,test,0,Training/01.원천데이터/TS_정상_측면/Z4_81325_P0_L0.png,Z4_81325_P0_L0.png,Z4_81325,04e11a5330df97d61bbcc8623250070802f6528ec1ebbb08c1a45b34f181f8bd
aihub,test,0,Training/01.원천데이터/TS_정상_정면/H0_226979_P1_L0.png,H0_226979_P1_L0.png,H0_226979,2ac5360db1a4d333797ff89bd619157f1c84785c87974535a757bfeb500bddf5
aihub,test,0,Training/01.원천데이터/TS_정상_측면/Z4_82765_P0_L0.png,Z4_82765_P0_L0.png,Z4_82765,b62b3dc1a2e500251c7ae9e462d2149ef26ec8ff911838fe8609b7ebdeba50e9
aihub,test,0,Training/01.원천데이터/TS_정상_측면/Z4_83716_P0_L0.png,Z4_83716_P0_L0.png,Z4_83716,012b56a92748ba1dbac82bf975aff79e7718f887bf8e841ee564cc87a472c40c
aihub,test,0,Training/01.원천데이터/TS_정상_정면/H1_370021_P1_L0.png,H1_370021_P1_L0.png,H1_370021,23875364d61dad4509acbe5a6d12859978d715db6a77796cbf002fae9002fd84
aihub,test,0,Validation/01.원천데이터/VS_정상_측면/Z4_117283_P0_L0.png,Z4_117283_P0_L0.png,Z4_117283,96135d155868b3b5a7aa8d343523ab94f10b03365712df24a6b5aea062f9390b
aihub,test,0,Training/01.원천데이터/TS_정상_측면/Z4_80690_P0_L0.png,Z4_80690_P0_L0.png,Z4_80690,87ca0418447e8e72b3b5e3aace757fc02585f1a0e96c874e8e7358b64abea328
aihub,test,0,Training/01.원천데이터/TS_정상_측면/Z4_115373_P0_L0.png,Z4_115373_P0_L0.png,Z4_115373,d5c1edf893ccd35c10b5c443989c4a59a260b054f16f3d27177bdfc531419d44
aihub,test,0,Training/01.원천데이터/TS_정상_측면/Z4_83514_P0_L0.png,Z4_83514_P0_L0.png,Z4_83514,dfde801e1a25ac1c54a653e22b6884a25ef987ffe1cbc3d850c51cbe72b9738f
aihub,test,0,Training/01.원천데이터/TS_정상_정면/H0_206156_P1_L0.png,H0_206156_P1_L0.png,H0_206156,b9d7d7fd2427d636c58af29afd7af38fae9acb4bd2a8607f2e05b4ee98bb86a5
aihub,test,0,Training/01.원천데이터/TS_정상_측면/Z4_81554_P0_L0.png,Z4_81554_P0_L0.png,Z4_81554,c08cce6fd9f83edb9d6469a2bed22ec907f9dc59e0f86577f9c4863faf9e5881
aihub,test,0,Training/01.원천데이터/TS_정상_측면/Z4_80189_P0_L0.png,Z4_80189_P0_L0.png,Z4_80189,06e6a1eff891ca78d2b9520f752109e60cb31b141db9808363d224e0fb99dc2b
aihub,test,0,Training/01.원천데이터/TS_정상_정면/H0_205797_P1_L0.png,H0_205797_P1_L0.png,H0_205797,a329e6e6fc19472405163faa9173add20fce1bedc66f87845dc5baffac488f40
aihub,test,0,Training/01.원천데이터/TS_정상_정면/H1_370023_P3_L0.png,H1_370023_P3_L0.png,H1_370023,76542311940a153063c7bfee6185cd0d8f7e0b8da094edfda7a06c3a905ec992
aihub,test,0,Training/01.원천데이터/TS_정상_측면/Z4_83117_P0_L0.png,Z4_83117_P0_L0.png,Z4_83117,1308dda66999ffbe822344c3d8e92606451c8ef788055db35f8920189eb85204
aihub,test,0,Training/01.원천데이터/TS_정상_정면/H2_2796_P6_L0.png,H2_2796_P6_L0.png,H2_2796,0bafa4b9390de94c4b3072ba48a9a2d1f4c90fff7ed60a9e306ffdd4c8cacdad
aihub,test,0,Training/01.원천데이터/TS_정상_정면/H0_205950_P6_L0.png,H0_205950_P6_L0.png,H0_205950,0ef95eee5e92970561e4ae7abf67b7566714046b05cc6ac964c60a5962099b2c
aihub,test,0,Training/01.원천데이터/TS_정상_측면/Z4_80735_P0_L0.png,Z4_80735_P0_L0.png,Z4_80735,1edf24d75371092d50a9c1dab2dce073b5b5a8d0219aee613534713a47f3a8a6
aihub,test,0,Validation/01.원천데이터/VS_정상_측면/Z4_117131_P0_L0.png,Z4_117131_P0_L0.png,Z4_117131,df1faa7e70a22d2135c422c60e8cfdb69d3e7bf03c1e6216eb09b19e7e97c4cf
aihub,test,0,Training/01.원천데이터/TS_정상_정면/H0_205838_P21_L0.png,H0_205838_P21_L0.png,H0_205838,fe75dde7be8448cf25b2b4fff69f6c20cfe4067f4505933c94332f852c6f778a
aihub,test,0,Training/01.원천데이터/TS_정상_정면/H0_205989_P9_L0.png,H0_205989_P9_L0.png,H0_205989,5f2342c726fd916bba9d31ea206563b3b13571d226a57ef8d695e01ff3df3504
aihub,test,0,Training/01.원천데이터/TS_정상_정면/H1_370119_P1_L0.png,H1_370119_P1_L0.png,H1_370119,7c2177070044ca8b43b58faddf1c9c0f04dcf388c4713b9723418445434a644f
aihub,test,0,Training/01.원천데이터/TS_정상_측면/Z4_79515_P0_L0.png,Z4_79515_P0_L0.png,Z4_79515,868c428b3839883994b48423598e16a5c753d445a373c689cfed9df1ffba522b
aihub,test,0,Validation/01.원천데이터/VS_정상_측면/Z4_116912_P0_L0.png,Z4_116912_P0_L0.png,Z4_116912,d4ac0268988844cf5266614ec6fda2ee193cd209142ea5eaa24058deda174abb
aihub,test,0,Training/01.원천데이터/TS_정상_정면/H0_206061_P14_L0.png,H0_206061_P14_L0.png,H0_206061,85dde2e93e3361ab991724456af16353b76c4b247d239504f409b26175488371
aihub,test,0,Training/01.원천데이터/TS_정상_측면/Z4_79273_P0_L0.png,Z4_79273_P0_L0.png,Z4_79273,c0154c6afc6dd7ff97238aa980d4caba61639914eea5b5c30ef70e880130c467
aihub,test,0,Validation/01.원천데이터/VS_정상_정면/H11_3_P14_L0.png,H11_3_P14_L0.png,H11_3,d080ca6067852f5c3a13b81ab0d6e8a75029b208704c84ea7de5125b9d6b5d44
aihub,test,0,Training/01.원천데이터/TS_정상_측면/Z4_83420_P0_L0.png,Z4_83420_P0_L0.png,Z4_83420,629b327a785921035d62ffdf1bfc5aecdd9e5762040bd89a5c271be0187c61de
aihub,test,0,Training/01.원천데이터/TS_정상_정면/H9_3922_P9_L0.png,H9_3922_P9_L0.png,H9_3922,854668410964c7542be0c65d67092adebb9ea2ce6a44d6bb80b35acdaacace80
aihub,test,0,Training/01.원천데이터/TS_정상_정면/H9_7280_P1_L0.png,H9_7280_P1_L0.png,H9_7280,4d004f43a505d1a938db6b04a7c9025c280861d9ed4cfe4ecf5b3c9a2716670e
aihub,test,0,Training/01.원천데이터/TS_정상_정면/H0_206053_P14_L0.png,H0_206053_P14_L0.png,H0_206053,01ca88da7c4b0e66e30e35619ae341db99d30ce369ba03745bbf469efa9cdabc
aihub,test,0,Training/01.원천데이터/TS_건선_측면/Z4_70544_P0_L0.png,Z4_70544_P0_L0.png,Z4_70544,420ce9e4ac61bec03575b137da969f00e22f371ae471aa92d946ae26184ef0bc
aihub,test,0,Training/01.원천데이터/TS_건선_정면/H0_187410_P1_L0.png,H0_187410_P1_L0.png,H0_187410,088f2c5674f40365da4bc12ce13af2fdfa568c71616915b39bea0270cdb0254e
aihub,test,0,Training/01.원천데이터/TS_건선_측면/Z4_70623_P0_L0.png,Z4_70623_P0_L0.png,Z4_70623,aefa1e88961b936119172fb279bb8278585caf76c066d56dae5945520ab08927
aihub,test,0,Training/01.원천데이터/TS_건선_정면/H1_386760_P2_L0.png,H1_386760_P2_L0.png,H1_386760,7a6d89c8b2463ea86ccd374e532bad1043149acc8ec7c30e450eab91e0fb1e3c
aihub,test,0,Training/01.원천데이터/TS_건선_정면/H1_317480_P21_L1.png,H1_317480_P21_L1.png,H1_317480,4889b28b1c193b5b4793f0f60ae34b5ef08d1397fe749bcc8db1fdeb23d128a0
aihub,test,0,Training/01.원천데이터/TS_건선_정면/H1_374307_P6_L0.png,H1_374307_P6_L0.png,H1_374307,ae9c7bc7e1de9fb89ac6b01dbe3c0cd062704dfb6aa1244bb88204f0a87a614d
aihub,test,0,Training/01.원천데이터/TS_건선_정면/H1_212780_P15_L0.png,H1_212780_P15_L0.png,H1_212780,ed791a1a363d003c5455d8ae11598b7d2b050d4abe2da8ec04e4fa44d9facb3b
aihub,test,0,Training/01.원천데이터/TS_건선_측면/Z4_71377_P0_L0.png,Z4_71377_P0_L0.png,Z4_71377,e3f8468626d3ae0cee8542bac148d6e19df9914363dd04bd14b86adaaf855c03
aihub,test,0,Training/01.원천데이터/TS_건선_측면/Z4_70728_P0_L0.png,Z4_70728_P0_L0.png,Z4_70728,47eeae05d38e44f15ec515e4247ddb44e745a1cb88666c6ec3b327d534aa074b
aihub,test,0,Training/01.원천데이터/TS_건선_측면/Z4_70066_P0_L0.png,Z4_70066_P0_L0.png,Z4_70066,9208f931a41bd049f21164c69fd76fbbff405cc8b543abe8ed1b20edc5a87816
aihub,test,0,Training/01.원천데이터/TS_건선_측면/Z4_70306_P0_L0.png,Z4_70306_P0_L0.png,Z4_70306,4aa94b4087a3754ebf5f1a2d799072084aceb46b3f4f686cf031dc4deed84117
aihub,test,0,Training/01.원천데이터/TS_건선_정면/H1_322696_P1_L0.png,H1_322696_P1_L0.png,H1_322696,17745bf386c306ac99097c830043223b7e5af07bc5488b27bdabf99d031e4537
aihub,test,0,Training/01.원천데이터/TS_건선_정면/H1_370109_P20_L0.png,H1_370109_P20_L0.png,H1_370109,2bf1fd11c02847a87a2fc02c3684df711c74153429f296e1e9ea065e2d5ff07f
aihub,test,0,Training/01.원천데이터/TS_건선_정면/H0_179977_P1_L0.png,H0_179977_P1_L0.png,H0_179977,7afde86857c3cf8fe396dddbfaa03d41959e2756e18a2c51550db079b2ea0d87
aihub,test,0,Training/01.원천데이터/TS_건선_정면/H1_402562_P2_L0.png,H1_402562_P2_L0.png,H1_402562,f509dc735dec889d3e6ff3c21728b5a49978c16009f201e0ba17b323d40be43a
aihub,test,0,Training/01.원천데이터/TS_건선_측면/Z4_71942_P0_L0.png,Z4_71942_P0_L0.png,Z4_71942,e716cf7b6eaa0f461b0f39904acf8589a976f429fd6c3065a7d0d8acf44d3d48
aihub,test,0,Training/01.원천데이터/TS_건선_정면/H1_317654_P1_L0.png,H1_317654_P1_L0.png,H1_317654,d95e77f2f5fc21c2b1edf52a82efb72c7f36e7e253779f778f474d798456aeaa
aihub,test,0,Training/01.원천데이터/TS_건선_정면/H1_235927_P6_L0.png,H1_235927_P6_L0.png,H1_235927,4ef0f811b56b4bddac7cf4f9fc438a6334de19128c4cd2c4c83cfbb0248fa383
aihub,test,0,Training/01.원천데이터/TS_건선_정면/H1_217663_P2_L1.png,H1_217663_P2_L1.png,H1_217663,4c7a98980b88bd47cac935758e6ad4ce52686abd99a5ec53909bc2d8eafd7d9c
aihub,test,0,Training/01.원천데이터/TS_건선_정면/H1_200823_P1_L1.png,H1_200823_P1_L1.png,H1_200823,8726cc347e8c17e2e65900328d316c517693eeae593f9db39bd2fe34b5769729
aihub,test,0,Validation/01.원천데이터/VS_건선_측면/Z4_72344_P0_L0.png,Z4_72344_P0_L0.png,Z4_72344,1eb064336bb98896262c85c2d6ed199e19970a5c32408ad1449089304b0f1308
aihub,test,0,Training/01.원천데이터/TS_건선_정면/H1_272947_P10_L2.png,H1_272947_P10_L2.png,H1_272947,71f3e88a50fbf151f7a4529a948acff5ef3b5a54bf5a5378a93f38d0a5fd32c9
aihub,test,0,Training/01.원천데이터/TS_건선_정면/H0_63793_P6_L0.png,H0_63793_P6_L0.png,H0_63793,fd2a3981044ee97f6ef913deee90126286d290c91941d52f654926fd62e4fb39
aihub,test,0,Training/01.원천데이터/TS_건선_정면/H1_484262_P1_L0.png,H1_484262_P1_L0.png,H1_484262,68303b4373a10ff09470952b61b0c616071aae60c47f1024ca768a76082252ca
aihub,test,0,Training/01.원천데이터/TS_건선_정면/H0_170820_P3_L0.png,H0_170820_P3_L0.png,H0_170820,8385ba6ae32e6ae2189e15d5a52e3bf66af4dd639d121408e9a861ae79562729
aihub,test,0,Validation/01.원천데이터/VS_건선_측면/Z4_72043_P0_L0.png,Z4_72043_P0_L0.png,Z4_72043,642e5a935188dcd2537647c4fe2bc1b3e4e461a21271b884aa7a7a9525ee04fa
aihub,test,0,Training/01.원천데이터/TS_건선_측면/Z4_70504_P0_L0.png,Z4_70504_P0_L0.png,Z4_70504,4948087db02098ed4c399462ba251d5b350b1d08239789e2f63facd175329724
aihub,test,0,Training/01.원천데이터/TS_건선_측면/Z4_70632_P0_L0.png,Z4_70632_P0_L0.png,Z4_70632,61a5acbe8e3fa834c41f0950c6aecd2df386de82a5b9fed9dff0b85181e87404
aihub,test,0,Training/01.원천데이터/TS_건선_정면/H1_382266_P3_L0.png,H1_382266_P3_L0.png,H1_382266,206bdb6b8d2d685be374e55d80c29d85f8ce7b96e1cedec9446d7638155dbf8e
aihub,test,0,Training/01.원천데이터/TS_건선_측면/Z4_69963_P0_L0.png,Z4_69963_P0_L0.png,Z4_69963,dd1479d3d0b41edc201a5d2accd00a21e484b4537a629ce8b558d8f94fb7dbe2
aihub,test,0,Training/01.원천데이터/TS_건선_측면/Z4_71699_P0_L0.png,Z4_71699_P0_L0.png,Z4_71699,1b7ceb1c39c24dadc81eead374c34ad95a5e87372649f7b8b83c65c93aeb7c94
aihub,test,0,Training/01.원천데이터/TS_건선_측면/Z4_69090_P0_L0.png,Z4_69090_P0_L0.png,Z4_69090,4d542b2221e628655baee8fa7d40981b16cbf4f0eeeb9eaf03b848ab6e2aac0e
aihub,test,0,Training/01.원천데이터/TS_건선_정면/H1_375677_P1_L0.png,H1_375677_P1_L0.png,H1_375677,e6a84fe1c1e3178eeed1e9eda82a6b7939d2359acec982622c9f75ecadc22834
aihub,test,0,Training/01.원천데이터/TS_건선_정면/H1_402562_P2_L5.png,H1_402562_P2_L5.png,H1_402562,fb7f88d8486d14507c364062985b6967083f3590bad1545c9e682ae5e25d3a59
aihub,test,0,Training/01.원천데이터/TS_건선_측면/Z4_71227_P0_L0.png,Z4_71227_P0_L0.png,Z4_71227,08287548a81bd0e10433de4191078dad35423fabeb28054bb03028fb5c677dad
aihub,test,0,Training/01.원천데이터/TS_건선_정면/H1_272947_P10_L0.png,H1_272947_P10_L0.png,H1_272947,e791e952dd7d2871c11bf572cc37fd2e280be085b33fe8d6762968a9d3ec4e43
aihub,test,0,Training/01.원천데이터/TS_건선_측면/Z4_70722_P0_L0.png,Z4_70722_P0_L0.png,Z4_70722,e2a9decc16a7b5669036fdfa20e51a370bfd92355e1ae5f770b8ebac846b67f9
aihub,test,0,Training/01.원천데이터/TS_건선_측면/Z4_69132_P0_L0.png,Z4_69132_P0_L0.png,Z4_69132,dbcaea66e733364ac3e7fda8d0b1d9afac3429386a8c9ef09f79ad917e3ea3d4
aihub,test,0,Training/01.원천데이터/TS_건선_측면/Z4_71507_P0_L0.png,Z4_71507_P0_L0.png,Z4_71507,3b7e791a6e71e900aca96f7a23fdeb7383e65d67c905de2059f19b10edfc02c4
aihub,test,0,Training/01.원천데이터/TS_건선_측면/Z4_69815_P0_L0.png,Z4_69815_P0_L0.png,Z4_69815,98cf3b96430bb7a8f7c2f186cc9c27ee0238c14954fa5acd44147eab78fbcaa0
aihub,test,0,Training/01.원천데이터/TS_건선_측면/Z4_70328_P0_L0.png,Z4_70328_P0_L0.png,Z4_70328,5d662e671e1ad525828039f328d54533d3f22c287e63a0fbd8204db8be9e1040
aihub,test,0,Training/01.원천데이터/TS_건선_측면/Z4_69222_P0_L0.png,Z4_69222_P0_L0.png,Z4_69222,8b3abb26468fb10d3a2096ffd64ab68c05306ee651f9f96be27ea15660d0783c
aihub,test,0,Training/01.원천데이터/TS_건선_측면/Z4_69324_P0_L0.png,Z4_69324_P0_L0.png,Z4_69324,a99dfa4e5bd7652b472a68e34cccea459cf65bcd72e41943dda01bc4415ff5d6
aihub,test,0,Training/01.원천데이터/TS_여드름_정면/H0_48915_P2_L1.png,H0_48915_P2_L1.png,H0_48915,87d0ececd6fe6be8f6cc5d36117465519a5a75697556cc46144897c94d0d62a5
aihub,test,0,Training/01.원천데이터/TS_여드름_정면/H1_100519_P1_L4.png,H1_100519_P1_L4.png,H1_100519,447c96d7bbce0c7186115db1b7a4a7505b7a4b5593e920426557c81dd75d7a85
aihub,test,0,Training/01.원천데이터/TS_여드름_측면/Z4_89645_P0_L0.png,Z4_89645_P0_L0.png,Z4_89645,127d024c59fe95fae85dd4db3718b8afdf18b4b5665c0e7e5c4c6c96b019d14b
aihub,test,0,Training/01.원천데이터/TS_여드름_측면/Z4_89159_P0_L0.png,Z4_89159_P0_L0.png,Z4_89159,bb1f240bd897ca70e140d1e52c79df84b741226f1f1ac8dccad4fc843bce5b8c
aihub,test,0,Training/01.원천데이터/TS_여드름_정면/H1_328614_P1_L0.png,H1_328614_P1_L0.png,H1_328614,d7dc80223ac49300e690d20f445082b4e1a06562a53cd27077c952cb21da6c6a
aihub,test,0,Training/01.원천데이터/TS_여드름_정면/H1_223453_P2_L1.png,H1_223453_P2_L1.png,H1_223453,b290403a6185ca107d8c9abbdf6a45a552e387c9985e09186e9a827ae00725fe
aihub,test,0,Training/01.원천데이터/TS_여드름_측면/Z4_92049_P0_L0.png,Z4_92049_P0_L0.png,Z4_92049,60741946764921c629431e9b60a517fc4c83703d520f1f3842cb61beb6a2649f
aihub,test,0,Validation/01.원천데이터/VS_여드름_측면/Z4_92238_P0_L0.png,Z4_92238_P0_L0.png,Z4_92238,74a17666551e8a4461aeaa2ff2991cf599cdaa8255d2058b4e05106aff8bf31b
aihub,test,0,Training/01.원천데이터/TS_여드름_정면/H0_58049_P1_L2.png,H0_58049_P1_L2.png,H0_58049,8fb37fffdc9d1ab197371727fa199993491c52efecf192f34f014dd286ce6e5c
aihub,test,0,Training/01.원천데이터/TS_여드름_정면/H1_325306_P1_L0.png,H1_325306_P1_L0.png,H1_325306,0cb93ed72101d6ff781e9cceb6ef0e6b813a6c52789443d3dec8916d1e5468d2
aihub,test,0,Training/01.원천데이터/TS_여드름_측면/Z4_90566_P0_L0.png,Z4_90566_P0_L0.png,Z4_90566,385dc6b47aed764872845c6231e39e3d58e2664645eef6d9089fc7858613e6a4
aihub,test,0,Training/01.원천데이터/TS_여드름_측면/Z4_90689_P0_L0.png,Z4_90689_P0_L0.png,Z4_90689,9c90b864e4567daadb2efedd7b44483966d12c9349585e87469ea0490bfce129
aihub,test,0,Validation/01.원천데이터/VS_여드름_정면/H2_2136_P1_L0.png,H2_2136_P1_L0.png,H2_2136,f8d5d880092dc6499a8529717a1aefe01ed8a5631f54ccfa628ff045fbabce29
aihub,test,0,Training/01.원천데이터/TS_여드름_측면/Z4_90313_P0_L0.png,Z4_90313_P0_L0.png,Z4_90313,755f6a53622856952185b8a7ecbb73a0f9e9a4ab54f41e2046ab0d09142c50cb
aihub,test,0,Training/01.원천데이터/TS_여드름_측면/Z4_91740_P0_L0.png,Z4_91740_P0_L0.png,Z4_91740,4a1c827bd31b809a62f579c263891a84e5213f17bee98e98e2aeb3c7b7d94311
aihub,test,0,Validation/01.원천데이터/VS_여드름_측면/Z4_92151_P0_L0.png,Z4_92151_P0_L0.png,Z4_92151,fa6d8fa847ee0ac070ab371682e80cc6ca25699c73f4424a6292cb2dbdb2962d
aihub,test,0,Training/01.원천데이터/TS_여드름_정면/H1_327474_P1_L0.png,H1_327474_P1_L0.png,H1_327474,3aaf248f1b3d95b220846db8385244153724517a6036de80c3bafbaaf4f74fb6
aihub,test,0,Training/01.원천데이터/TS_여드름_정면/H1_386755_P2_L0.png,H1_386755_P2_L0.png,H1_386755,86fc5366acf2aa20af5a43fd76b55ea4723a75154c2406b4272a2a178eaddf34
aihub,test,0,Training/01.원천데이터/TS_여드름_정면/H1_224755_P5_L1.png,H1_224755_P5_L1.png,H1_224755,0597e9db6767913fb6066d126d78b0e648821161ec4caa8de67ea1892256bf30
aihub,test,0,Training/01.원천데이터/TS_여드름_측면/Z4_90456_P0_L0.png,Z4_90456_P0_L0.png,Z4_90456,4882ddfbad5b8156ad7619eec17faafd4ccd01ac9f71430c638eac172969f96b
aihub,test,0,Validation/01.원천데이터/VS_여드름_정면/H2_2675_P1_L0.png,H2_2675_P1_L0.png,H2_2675,f15bc408ec1394a1db84da63a3577324c32c1c421088d76d389b42442ac8dddc
aihub,test,0,Training/01.원천데이터/TS_여드름_정면/H1_277077_P1_L0.png,H1_277077_P1_L0.png,H1_277077,50eb88e8825b22f3d4b3df154bb3e756532d919ece9a1ba5a2ff65f6b8c1168e
aihub,test,0,Training/01.원천데이터/TS_여드름_측면/Z4_91579_P0_L0.png,Z4_91579_P0_L0.png,Z4_91579,25bb716d28017487d5a3256fde280a19db20f5d40020276246434527fd1f291d
aihub,test,0,Validation/01.원천데이터/VS_여드름_측면/Z4_92250_P0_L0.png,Z4_92250_P0_L0.png,Z4_92250,1bfc51e7fd000c5cdf930d857c45cf40929a2c368e277feef8d6ad73be1ecab0
aihub,test,0,Training/01.원천데이터/TS_여드름_측면/Z4_91494_P0_L0.png,Z4_91494_P0_L0.png,Z4_91494,a3f8727e8cba0dcdc7f5682399ded1e510257656dc1069a2a86528749f39b929
aihub,test,0,Training/01.원천데이터/TS_여드름_정면/H0_47101_P3_L0.png,H0_47101_P3_L0.png,H0_47101,8c2d994dc286c611dd58b7ab7a61ba01936e7aa341f63b4ff66c0d8242699737
aihub,test,0,Validation/01.원천데이터/VS_여드름_정면/H2_2448_P2_L0.png,H2_2448_P2_L0.png,H2_2448,a04391f06ae1180e79c1707f45c3da44cce758468f3b9b722987949b7f413f8c
aihub,test,0,Training/01.원천데이터/TS_여드름_정면/H1_223736_P1_L2.png,H1_223736_P1_L2.png,H1_223736,b17df64cb9a8e76e56514a8c460373dcc50aaa253012ace52482f16462f9af67
aihub,test,0,Training/01.원천데이터/TS_여드름_측면/Z4_90503_P0_L0.png,Z4_90503_P0_L0.png,Z4_90503,6b0a721d23f75fbeb86a0c725df721908e36b63fb3f3f4d72eb979e3a5622c60
aihub,test,0,Training/01.원천데이터/TS_여드름_정면/H1_228192_P1_L0.png,H1_228192_P1_L0.png,H1_228192,a317b8088fcd72a6d0d84e54789e82b2dae9d9cd987c444162d51d67ce0b5735
aihub,test,0,Training/01.원천데이터/TS_주사_정면/H0_162460_P6_L0.png,H0_162460_P6_L0.png,H0_162460,d622b16a51a1d44b3c8dbb059a38bd737aaf4624c8ba9d72d915403e586036a9
aihub,test,0,Training/01.원천데이터/TS_주사_정면/H0_18467_P2_L0.png,H0_18467_P2_L0.png,H0_18467,6f67b426be70672e420422c0a30238c029a1a72792429d0649f2889d883fde89
aihub,test,0,Training/01.원천데이터/TS_주사_측면/Z4_84087_P0_L0.png,Z4_84087_P0_L0.png,Z4_84087,e1e44a952e1378591f19493028c0e4f662195a3eaa46794cfae1955b5d314b61
aihub,test,0,Training/01.원천데이터/TS_주사_정면/H1_207258_P1_L2.png,H1_207258_P1_L2.png,H1_207258,698a8240439b905de81a78d36a314d4c7fb0be68456b50443dca73daecd5c9db
aihub,test,0,Training/01.원천데이터/TS_주사_측면/Z4_85811_P0_L0.png,Z4_85811_P0_L0.png,Z4_85811,4de2b5ba8d2c1e79afdf2153cb24c0a5866c386b7c980e3a0e606c4891efd4c2
aihub,test,0,Training/01.원천데이터/TS_주사_측면/Z4_84219_P0_L0.png,Z4_84219_P0_L0.png,Z4_84219,1b00cad78d820a986cdfee6b33a6827df178a30490cf157e42ca0c8f4225d1ee
aihub,test,0,Training/01.원천데이터/TS_주사_정면/H0_173874_P1_L0.png,H0_173874_P1_L0.png,H0_173874,74ee3995b848e7c1d7cae0f57bcf1a735857cfe5412789ae971f103681d6a87d
aihub,test,0,Training/01.원천데이터/TS_주사_측면/Z4_84302_P0_L0.png,Z4_84302_P0_L0.png,Z4_84302,d5324546b3709f8517bdaba679401b664a44e3ae30a7a379cbc8541938856aa6
aihub,test,0,Training/01.원천데이터/TS_주사_측면/Z4_85885_P0_L0.png,Z4_85885_P0_L0.png,Z4_85885,0b7262fe48f2d306e7c42b74715b419317dd03f17d6209215811134b8557d549
aihub,test,0,Training/01.원천데이터/TS_주사_정면/H0_11946_P2_L0.png,H0_11946_P2_L0.png,H0_11946,cc9f9a4ce54b5aa8f4f2ca857f4cd8d036995f1825a7e9912254bd560a198753
aihub,test,0,Validation/01.원천데이터/VS_주사_측면/Z4_86084_P0_L0.png,Z4_86084_P0_L0.png,Z4_86084,6fd572fda40deb9a6c7bb39c1195c66859632e731a16004495e3447c7852d02f
aihub,test,0,Training/01.원천데이터/TS_주사_정면/H0_206076_P1_L1.png,H0_206076_P1_L1.png,H0_206076,5709a56f128565185f27bbd5730b2c13e6b6bab5417dd80bb5c1238950401e7d
aihub,test,0,Training/01.원천데이터/TS_주사_정면/H0_17677_P1_L0.png,H0_17677_P1_L0.png,H0_17677,2bd77d7248aa6eb598469c302b3391849d463a9df6578d0361cc1c54f043ad0b
aihub,test,0,Training/01.원천데이터/TS_주사_정면/H1_208292_P1_L0.png,H1_208292_P1_L0.png,H1_208292,b3e499859b0f68ff0c4f85316429a25d7230141527459ab20a0d35259f1a6370
aihub,test,0,Training/01.원천데이터/TS_주사_정면/H0_178607_P6_L0.png,H0_178607_P6_L0.png,H0_178607,fe70ca0374ff10a419e7e52c1f74a095fa19dd3780effa417c111f5f02911470
aihub,test,0,Training/01.원천데이터/TS_주사_측면/Z4_85800_P0_L0.png,Z4_85800_P0_L0.png,Z4_85800,6dc1f29916472b16e8fc0e130ff9813a6e0fdb44c3a3a60245dbb8049a7de086
aihub,test,0,Training/01.원천데이터/TS_주사_측면/Z4_84063_P0_L0.png,Z4_84063_P0_L0.png,Z4_84063,e1b03160286833aa39eeb34f87613ec6b1a3752a48af8778ac11e937bca730f8
aihub,test,0,Training/01.원천데이터/TS_주사_정면/H1_274287_P2_L0.png,H1_274287_P2_L0.png,H1_274287,e5aad89df3ef3a6f5d0ed9d2c6774a3d591dc64e49eb4a65d08878e18046be3b
aihub,test,0,Validation/01.원천데이터/VS_주사_측면/Z4_86203_P0_L0.png,Z4_86203_P0_L0.png,Z4_86203,5cf7b59507716590d25b60c6569bdbf739e9f6998357cef9683248561585b7db
aihub,test,0,Training/01.원천데이터/TS_주사_정면/H1_269091_P2_L0.png,H1_269091_P2_L0.png,H1_269091,09fed4db9ca59f9ee592dc66acd47972ff333de4428a04f354b2a713dce651df
aihub,test,0,Training/01.원천데이터/TS_주사_측면/Z4_85225_P0_L0.png,Z4_85225_P0_L0.png,Z4_85225,20caf7161df9c562f7579a4d1d98875c92831b57727470e5ce90e462f6cfc188
aihub,test,0,Training/01.원천데이터/TS_주사_측면/Z4_84410_P0_L0.png,Z4_84410_P0_L0.png,Z4_84410,1acd75bd6c7057ac2f07adc0f07d728ea197b208607941c2ffcf93eccbe76d07
aihub,test,0,Training/01.원천데이터/TS_주사_측면/Z4_84978_P0_L0.png,Z4_84978_P0_L0.png,Z4_84978,6fe8e36d9d6df187d4efe195fbb1de968b51470e46705513833db24af223659b
aihub,test,0,Training/01.원천데이터/TS_주사_정면/H1_271601_P4_L0.png,H1_271601_P4_L0.png,H1_271601,f412600b37cafd356c6509a52ddcb0ebb9ccf2f6bcaacedb20b46f6a434e215d
aihub,test,0,Training/01.원천데이터/TS_주사_정면/H1_314113_P2_L0.png,H1_314113_P2_L0.png,H1_314113,a3fc3def168272f104bcbe7bed3c626c9c33a79b833816598bfbecc058e883fa
aihub,test,0,Training/01.원천데이터/TS_주사_정면/H0_184857_P4_L0.png,H0_184857_P4_L0.png,H0_184857,3ccfa41267acab5c57f62909665d2b15347639b7de765d66d9d039464c3bfeef
aihub,test,0,Training/01.원천데이터/TS_주사_측면/Z4_85456_P0_L0.png,Z4_85456_P0_L0.png,Z4_85456,c5000b5c2940d696d4bf9774458c05781ea0dff48d786c73d310b77aca17d95e
aihub,test,0,Validation/01.원천데이터/VS_주사_정면/H1_370150_P1_L0.png,H1_370150_P1_L0.png,H1_370150,5efc1ca9e7a50bf8fcba3ada75c85b5bed613423b2fc66969517d1242494256c
aihub,test,0,Training/01.원천데이터/TS_주사_측면/Z4_85320_P0_L0.png,Z4_85320_P0_L0.png,Z4_85320,44cf726596d795dee065452645c1f701d070ef6f74e247c455aa1576c048178e
aihub,test,0,Training/01.원천데이터/TS_주사_측면/Z4_85385_P0_L0.png,Z4_85385_P0_L0.png,Z4_85385,f889f63288340a51ec0661a4ae6776340a646c15b0e00bcc5182d5f6e3b36de4
aihub,test,0,Training/01.원천데이터/TS_주사_측면/Z4_85645_P0_L0.png,Z4_85645_P0_L0.png,Z4_85645,6c7752a3083ec4773e63aaec8bb3eeb78595f7c671d8cb74426232f3299019bf
aihub,test,0,Training/01.원천데이터/TS_주사_측면/Z4_84877_P0_L0.png,Z4_84877_P0_L0.png,Z4_84877,02e3147b9e8dc512632010230ffabeb9bb31f034e9b9239d24cb7627ffd6f6bc
aihub,test,0,Training/01.원천데이터/TS_지루_정면/H1_272947_P11_L0.png,H1_272947_P11_L0.png,H1_272947,968f3ae92c098b8ac5722dd2e059e4c9927aa7b9d8c6add0ad1fa76eae2f9857
aihub,test,0,Training/01.원천데이터/TS_지루_측면/Z4_95313_P0_L0.png,Z4_95313_P0_L0.png,Z4_95313,8918e34bb778cb7bca888f1b8de5e3d5b30fa010e1509ff01ec00a832e91b905
aihub,test,0,Validation/01.원천데이터/VS_지루_측면/Z4_96385_P0_L0.png,Z4_96385_P0_L0.png,Z4_96385,474fe20af12e3663f1a2ba8aa865dba5e5e2d0b72d8a9369177fe3ddf8219c18
aihub,test,0,Training/01.원천데이터/TS_지루_정면/H1_370096_P1_L0.png,H1_370096_P1_L0.png,H1_370096,6d9a78a6fcd9d9241cfc7ca5944db9ba46e9f553931e76bd0b5e6798b6317fc1
aihub,test,0,Training/01.원천데이터/TS_지루_정면/H1_262573_P1_L0.png,H1_262573_P1_L0.png,H1_262573,f095338debe5741b5d3ba560b9938c45a6bb8d182c37ff258992790f98854d21
aihub,test,0,Training/01.원천데이터/TS_지루_측면/Z4_94480_P0_L0.png,Z4_94480_P0_L0.png,Z4_94480,1eba8345abe5ea55c6249eee364662e2c829f07bc1c5afcd668989f45346420b
aihub,test,0,Validation/01.원천데이터/VS_지루_정면/H7_391_P4_L0.png,H7_391_P4_L0.png,H7_391,dfcef129d7a8d1ee8a92945d1ca2b51fb7ed0cc010b7d12207f8317f1f046cc8
aihub,test,0,Training/01.원천데이터/TS_지루_정면/H0_198523_P3_L0.png,H0_198523_P3_L0.png,H0_198523,bc7870cca3ac309bd859b440df385f622c595d26161f40cf9b17a7c275b3255c
aihub,test,0,Training/01.원천데이터/TS_지루_정면/H0_162051_P1_L0.png,H0_162051_P1_L0.png,H0_162051,a18296d58b39b7409fd8748bf8062041e8f17559b43b659383ffbe0252bad95e
aihub,test,0,Training/01.원천데이터/TS_지루_정면/H1_327430_P1_L0.png,H1_327430_P1_L0.png,H1_327430,466d0f09d7084a69080d83d861ce8d20f179a77f29dd9cffe49ff2367e268adf
aihub,test,0,Training/01.원천데이터/TS_지루_정면/H0_205982_P1_L0.png,H0_205982_P1_L0.png,H0_205982,805efc10949153525591bcafb904297d0686119709301cb6a988860f8197e56c
aihub,test,0,Training/01.원천데이터/TS_지루_정면/H1_329225_P2_L0.png,H1_329225_P2_L0.png,H1_329225,f9d9b45305348f99a6e88b695328e2a6936399e99222ec699a6f8c786933e1e0
aihub,test,0,Training/01.원천데이터/TS_지루_정면/H0_187736_P1_L0.png,H0_187736_P1_L0.png,H0_187736,4cc4e9d1ed92afa02cb382533213599b1aa8f7dad1089a80fb695fa906d863b5
aihub,test,0,Training/01.원천데이터/TS_지루_측면/Z4_94076_P0_L0.png,Z4_94076_P0_L0.png,Z4_94076,b73c22854a5f9d49ccdb485f5b282a78ea3f9a686debb19521adb6d3dae7af34
aihub,test,0,Training/01.원천데이터/TS_지루_측면/Z4_95148_P0_L0.png,Z4_95148_P0_L0.png,Z4_95148,42b67d8b703ee9681339589c4a577cea29388ddd69ff2960188c40949fe46403
aihub,test,0,Training/01.원천데이터/TS_지루_측면/Z4_94796_P0_L0.png,Z4_94796_P0_L0.png,Z4_94796,08d8e3a316eea14cc2362f13e0c84cec6c472321301892123759cda060110aa0
aihub,test,0,Training/01.원천데이터/TS_지루_정면/H1_313115_P5_L0.png,H1_313115_P5_L0.png,H1_313115,b7d524978aa694f8747e5149603ca8cfb67d20b72fa88493bd51b6b44ee98cd4
aihub,test,0,Training/01.원천데이터/TS_지루_정면/H0_205790_P9_L1.png,H0_205790_P9_L1.png,H0_205790,f38cc82040a99ca0af25bec18bb1b45b0bbf4fd2dcb04d2078d402835cc3b6c8
aihub,test,0,Training/01.원천데이터/TS_지루_정면/H0_219229_P1_L0.png,H0_219229_P1_L0.png,H0_219229,26c605dabd1c733c0e8352750df4fe14c5d92bae936b3ba16abfaa87e445b54c
aihub,test,0,Training/01.원천데이터/TS_지루_측면/Z4_94166_P0_L0.png,Z4_94166_P0_L0.png,Z4_94166,f5f21625c4f2bb42d6d112fac329aa2483775ce92cfbfb98abf38985d6a3252f
aihub,test,0,Training/01.원천데이터/TS_지루_정면/H0_205790_P1_L0.png,H0_205790_P1_L0.png,H0_205790,cbcc5629a7dc86ef282ca87d0871bb85c7628341878b49e8ce24b64d2931df43
aihub,test,0,Training/01.원천데이터/TS_지루_정면/H0_170788_P1_L0.png,H0_170788_P1_L0.png,H0_170788,b944253fb2e78a5718dc17606bcb0de9075f92a5df9d84c40de4eb975efda2ad
aihub,test,0,Training/01.원천데이터/TS_지루_측면/Z4_95996_P0_L0.png,Z4_95996_P0_L0.png,Z4_95996,8a72876422b710afa88a9321d9e5f0b372f5030d9236d8f87958e89c63cb66b7
aihub,test,0,Training/01.원천데이터/TS_지루_측면/Z4_94034_P0_L0.png,Z4_94034_P0_L0.png,Z4_94034,116e00ab2893d144a704e5452e51a91f4537e62938c842397cb2ab5f175bb3a4
aihub,test,0,Training/01.원천데이터/TS_지루_정면/H1_379604_P1_L0.png,H1_379604_P1_L0.png,H1_379604,a0640d1caa101bd64b292ce6f204d6603de05ce8d395dd797f2aab322b79e776
aihub,test,0,Training/01.원천데이터/TS_지루_정면/H1_383003_P1_L0.png,H1_383003_P1_L0.png,H1_383003,5eb35fa06e6d41ad54aab7c6a1e262e7e84d20ef4b303e85f73f722907bc62b3
aihub,test,0,Training/01.원천데이터/TS_지루_측면/Z4_94118_P0_L0.png,Z4_94118_P0_L0.png,Z4_94118,96089b188ad07ce7b19d297863a31b54125e9c16900d8898c3b7471d7491cf46
aihub,test,0,Training/01.원천데이터/TS_지루_정면/H0_18467_P1_L0.png,H0_18467_P1_L0.png,H0_18467,18d6f218130d971ad125d9415906a4375575099e6ee59964f7f3fcf3b1b6cb0a
aihub,test,0,Training/01.원천데이터/TS_지루_정면/H2_2464_P1_L2.png,H2_2464_P1_L2.png,H2_2464,5b054b0b7f71e2e32b6b9a4d2c1a5fcf5030dd1b3915ec4c3c7a9b1eacca6399
aihub,test,0,Training/01.원천데이터/TS_지루_측면/Z4_94262_P0_L0.png,Z4_94262_P0_L0.png,Z4_94262,ded52932ebc947131cb8c8535dbc04f85547fe841c01cf60137d24d3e0b9f427
aihub,test,0,Validation/01.원천데이터/VS_지루_정면/H3_2106_P1_L0.png,H3_2106_P1_L0.png,H3_2106,81a1567c65689efc648f167003c429fd64cafda96ea5cd0d7debabda6e379359
aihub,test,0,Validation/01.원천데이터/VS_지루_정면/H5_948_P1_L2.png,H5_948_P1_L2.png,H5_948,bbe0d7a451e85dec2a7bf30fbe51bf3a0e9b982294006d0249f8677b0c107e68
aihub,test,0,Training/01.원천데이터/TS_지루_측면/Z4_94096_P0_L0.png,Z4_94096_P0_L0.png,Z4_94096,15a6745ce227bb0e5e7ab92643548c7f218ca079acab9ae144cc63b1bd2675c1
aihub,test,0,Training/01.원천데이터/TS_지루_정면/H1_500518_P2_L0.png,H1_500518_P2_L0.png,H1_500518,105a8b9bbb6829347fa4a8aa33f36215acec2a9f4a1c6f74d41183744a2b39bb
aihub,test,0,Training/01.원천데이터/TS_지루_측면/Z4_94289_P0_L0.png,Z4_94289_P0_L0.png,Z4_94289,07f822cbe9cb5693ad6d5983796d6b8e903c06ce522ec692f94a140b1c451bc0
aihub,test,0,Training/01.원천데이터/TS_지루_정면/H1_274873_P1_L0.png,H1_274873_P1_L0.png,H1_274873,c0243d9429a602d259dd6a5a17b56d83041d6494afb1c904cd4da0d18f0e2648
aihub,test,0,Training/01.원천데이터/TS_지루_측면/Z4_94765_P0_L0.png,Z4_94765_P0_L0.png,Z4_94765,6adc4ab179376a981b00b11ae9d58ad600e39fc6d7bd4d804f4facb0fc869f50
aihub,test,0,Training/01.원천데이터/TS_지루_정면/H1_254628_P3_L0.png,H1_254628_P3_L0.png,H1_254628,19b7a9d4e0317a91a31d7df7c78e35190076ee769699a90e7e2eabb4bd0549d2
dermnet,train,1,../dermnet_images/atopic_dermatitis/atopic-dermatitis-0037.jpg,atopic-dermatitis-0037.jpg,atopic-dermatitis-0037,a7687dbec35f2c9c530b012f3c990500c393fd04b0abdb312bbc218b12c87db0
dermnet,train,1,../dermnet_images/atopic_dermatitis/atopic-dermatitis-0022.jpg,atopic-dermatitis-0022.jpg,atopic-dermatitis-0022,b2e1bff0a4a59426b761ad4bace7a48116a204f8af55588c73dc215ddf2ebc18
dermnet,train,1,../dermnet_images/atopic_dermatitis/atopic-dermatitis-0042.jpg,atopic-dermatitis-0042.jpg,atopic-dermatitis-0042,4014d9c0a2dd7929014c55464408df652a5492fa00908fc904d35a49cba57929
dermnet,train,1,../dermnet_images/atopic_dermatitis/atopic-dermatitis-0034.jpg,atopic-dermatitis-0034.jpg,atopic-dermatitis-0034,1ca4276d79890a5f5b5791159659d5149b1463e133accc97f78ecda8ab85c60b
dermnet,train,1,../dermnet_images/atopic_dermatitis/atopic-dermatitis-0020.jpg,atopic-dermatitis-0020.jpg,atopic-dermatitis-0020,851ea3348c70cb0f97c6f2f818bc11419820db141f6aa44540a6890feb8c5f3d
dermnet,train,1,../dermnet_images/atopic_dermatitis/atopic-hand-dermatitis-0011.jpg,atopic-hand-dermatitis-0011.jpg,atopic-hand-dermatitis-0011,57de317060a5c90f593b5b38a948a6c4f4152c4830bc8a61d1d3a04d0ea8aec1
dermnet,train,1,../dermnet_images/atopic_dermatitis/atopic-hand-dermatitis-0006.jpg,atopic-hand-dermatitis-0006.jpg,atopic-hand-dermatitis-0006,83b6e148d68e81fd20de236ca5968963137e87217a4649f17ec3b5ed6422ee2d
dermnet,train,1,../dermnet_images/atopic_dermatitis/atopic-dermatitis-0052.jpg,atopic-dermatitis-0052.jpg,atopic-dermatitis-0052,6697c1f18959d05ad605433c865c04235314db0a608f4169addbc7bd8ea7efad
dermnet,train,1,../dermnet_images/atopic_dermatitis/atopic-dermatitis-0040.jpg,atopic-dermatitis-0040.jpg,atopic-dermatitis-0040,1691420c794b3d7f0573fffb297aca25fe6c52f66c378d1c87f4c3977d32ad8c
dermnet,train,1,../dermnet_images/atopic_dermatitis/atopic-dermatitis-0031.jpg,atopic-dermatitis-0031.jpg,atopic-dermatitis-0031,d96e69139db1ec1a488ab33ed1e5fd8a7b158c33e7fa495c06760368bf16e6b0
dermnet,train,1,../dermnet_images/atopic_dermatitis/atopic-hand-dermatitis-0010.jpg,atopic-hand-dermatitis-0010.jpg,atopic-hand-dermatitis-0010,cbfb8af869dec03a218d55df6b5a0d1f34476b663f11b06372bfd9bd6f390cef
dermnet,train,1,../dermnet_images/atopic_dermatitis/atopic-dermatitis-0032.jpg,atopic-dermatitis-0032.jpg,atopic-dermatitis-0032,d433ea425ca1137fbaeec36c0b37b9ccc71f6813039f95a7e23715f5a1b8dbe0
dermnet,train,1,../dermnet_images/atopic_dermatitis/atopic-dermatitis-0019.jpg,atopic-dermatitis-0019.jpg,atopic-dermatitis-0019,7db450442d37ee73046e00dbb5f1290aef7020301ac69847238f2150dc63523f
dermnet,train,1,../dermnet_images/atopic_dermatitis/atopic-dermatitis-0024.jpg,atopic-dermatitis-0024.jpg,atopic-dermatitis-0024,5182d35be5f7a377e365c4dd7b6c747f8cfa5430f584e00cc7a5f13588da4f9b
dermnet,train,1,../dermnet_images/atopic_dermatitis/atopic-dermatitis-0010.jpg,atopic-dermatitis-0010.jpg,atopic-dermatitis-0010,320ecebae4ee832fd69acbcc3d6129c69f2546717183bce4ada60cb023aafbb2
dermnet,train,1,../dermnet_images/atopic_dermatitis/atopic-dermatitis-0017.jpg,atopic-dermatitis-0017.jpg,atopic-dermatitis-0017,1014a24698178467b479f329571eb791bfc5dfc81e7967ba22c285d0e1ca0d5a
dermnet,train,1,../dermnet_images/atopic_dermatitis/atopic-dermatitis-0012.jpg,atopic-dermatitis-0012.jpg,atopic-dermatitis-0012,ea500561dabdfbf144b860d23a1c733a1c663488817d791d7b70d3a5ed935390
dermnet,train,1,../dermnet_images/atopic_dermatitis/atopic-dermatitis-0021.jpg,atopic-dermatitis-0021.jpg,atopic-dermatitis-0021,762750164d088398b652b62c8afd6be78cd6d4d625837c62d7e11fb5a766bed0
dermnet,train,1,../dermnet_images/atopic_dermatitis/atopic-dermatitis-0049.jpg,atopic-dermatitis-0049.jpg,atopic-dermatitis-0049,f40d5207186ffe0580fbe313c8de4d3e5a559478b79372811e399f59b35df6e0
dermnet,train,1,../dermnet_images/atopic_dermatitis/atopic-dermatitis-0047.jpg,atopic-dermatitis-0047.jpg,atopic-dermatitis-0047,684d731e96b5a9b74ef2be54bb12ca5d1056dc623dec50b94c4f57557b2adf1f
dermnet,train,1,../dermnet_images/atopic_dermatitis/atopic-dermatitis-0004.jpg,atopic-dermatitis-0004.jpg,atopic-dermatitis-0004,103f61f3229adc2b6b2b1098a2de75727656452d5a59ec07e05c0eef035cd0a1
dermnet,train,1,../dermnet_images/atopic_dermatitis/atopic-dermatitis-0030.jpg,atopic-dermatitis-0030.jpg,atopic-dermatitis-0030,afe5861fd7326c26322f0f5caeded06371bdba68e2b094e05a482f95789ce6b9
dermnet,train,1,../dermnet_images/atopic_dermatitis/atopic-hand-dermatitis-0002.jpg,atopic-hand-dermatitis-0002.jpg,atopic-hand-dermatitis-0002,0e1b07d2907298fa59f9f013b3b85b698289233c42dd1ade9e171c6ca7a5da30
dermnet,train,1,../dermnet_images/atopic_dermatitis/atopic-dermatitis-0005.jpg,atopic-dermatitis-0005.jpg,atopic-dermatitis-0005,176f0fef2839a331b196d661d0c2cc0ce8b2e276f0ac2f19b143a66932771270
dermnet,train,1,../dermnet_images/atopic_dermatitis/atopic-hand-dermatitis-0004.jpg,atopic-hand-dermatitis-0004.jpg,atopic-hand-dermatitis-0004,6a32a29f156e9d600b86658293574ab68b99e3577b653ff2869bf56850099208
dermnet,train,1,../dermnet_images/atopic_dermatitis/atopic-dermatitis-0011.jpg,atopic-dermatitis-0011.jpg,atopic-dermatitis-0011,67c1bcdefbaa5c169a4c9f2947641be2e19673b3cc8bb7ac0a6e1fcd9396585b
dermnet,train,1,../dermnet_images/atopic_dermatitis/atopic-hand-dermatitis-0001.jpg,atopic-hand-dermatitis-0001.jpg,atopic-hand-dermatitis-0001,31d12d856a1658e3614747d0d2dffbf20cb0dfee62721d0c418818503a2c9305
dermnet,train,1,../dermnet_images/atopic_dermatitis/atopic-dermatitis-0023.jpg,atopic-dermatitis-0023.jpg,atopic-dermatitis-0023,4076a036880f4033960b572967f094c8748fe187a4cb4ddb7725b86a88673808
dermnet,train,1,../dermnet_images/atopic_dermatitis/atopic-dermatitis-0045.jpg,atopic-dermatitis-0045.jpg,atopic-dermatitis-0045,3aadd4977b4fae3fe4414e6a0fc97074d1ccfbc14a908465f18e5b440b707ec9
dermnet,train,1,../dermnet_images/atopic_dermatitis/atopic-dermatitis-0026.jpg,atopic-dermatitis-0026.jpg,atopic-dermatitis-0026,59c58dd401ace60bebc09199dd13ddcb834c5735f593f90d2b9751c2278952bc
dermnet,train,1,../dermnet_images/atopic_dermatitis/atopic-dermatitis-0025.jpg,atopic-dermatitis-0025.jpg,atopic-dermatitis-0025,81252a6b9a7e43fadb13f7001185681482569e5a810111619d1ecef7156fee64
dermnet,train,1,../dermnet_images/atopic_dermatitis/atopic-dermatitis-0001.jpg,atopic-dermatitis-0001.jpg,atopic-dermatitis-0001,72d8d06efad9317fecdbb4fa439707cf2f724f7eec3270fbb0f2f8b21118077d
dermnet,train,1,../dermnet_images/atopic_dermatitis/atopic-hand-dermatitis-0007.jpg,atopic-hand-dermatitis-0007.jpg,atopic-hand-dermatitis-0007,9f485edabcd526c651c61cc3b364798524867fe6ff4a8f18234bcba086312d04
dermnet,train,1,../dermnet_images/atopic_dermatitis/atopic-dermatitis-0029.jpg,atopic-dermatitis-0029.jpg,atopic-dermatitis-0029,928d5c30b5ca3fb8dc48a72930a36bac05861783b9f32e386dd1c7cf08296246
dermnet,train,1,../dermnet_images/atopic_dermatitis/atopic-dermatitis-0043.jpg,atopic-dermatitis-0043.jpg,atopic-dermatitis-0043,01c98469b09dd8fa1c7ac62ff80811108911882eb89f32e74ac66dcd8d86e5a1
dermnet,train,1,../dermnet_images/atopic_dermatitis/atopic-dermatitis-0027.jpg,atopic-dermatitis-0027.jpg,atopic-dermatitis-0027,316fad26977ff716023dc5d95d81c13d7aebf10e5ebe2d82524a8e8d9caeee83
dermnet,train,1,../dermnet_images/atopic_dermatitis/atopic-dermatitis-0051.jpg,atopic-dermatitis-0051.jpg,atopic-dermatitis-0051,58fc847218776f9f2af1ed924bb47271f8696db9e209e87404fbf06f1c2f2df5
dermnet,train,0,../dermnet_images/psoriasis/generalised-pustular-psoriasis-0002.jpg,generalised-pustular-psoriasis-0002.jpg,generalised-pustular-psoriasis-0002,2152c61821b4df4dd4a3c2be5df08c288e417a8a3d4259d1c8ce4f89bde665d0
dermnet,train,0,../dermnet_images/psoriasis/generalised-pustular-psoriasis-0017.jpg,generalised-pustular-psoriasis-0017.jpg,generalised-pustular-psoriasis-0017,bd12c3931d64c329755cdcd14eeaa9b4e4b61451800ae3af500e1719c7bb1e8d
dermnet,train,0,../dermnet_images/psoriasis/generalised-pustular-psoriasis-0022.jpg,generalised-pustular-psoriasis-0022.jpg,generalised-pustular-psoriasis-0022,3fc02780b098848ebd6a787d37cb3870be6188d824ab4c9991448b26a6645f39
dermnet,train,0,../dermnet_images/psoriasis/pityriasis-amiantacea-0008.jpg,pityriasis-amiantacea-0008.jpg,pityriasis-amiantacea-0008,322d7b62c28f0dc35af030f43187e0bea2422ee693cf57549861717225ff16a0
dermnet,train,0,../dermnet_images/psoriasis/generalised-pustular-psoriasis-0001.jpg,generalised-pustular-psoriasis-0001.jpg,generalised-pustular-psoriasis-0001,bc2e34abf0b52652439734225bf78286207aeb8bb278db4220633c2d020ab67d
dermnet,train,0,../dermnet_images/psoriasis/scalp-psoriasis-0016.jpg,scalp-psoriasis-0016.jpg,scalp-psoriasis-0016,528dff0eabdb30526b48fbf73a83e857832f9a581bf9c71801b4b5d5e2df8c41
dermnet,train,0,../dermnet_images/psoriasis/plaque-psoriasis-0007.jpg,plaque-psoriasis-0007.jpg,plaque-psoriasis-0007,d7671a50b7c1ea35a2a0eeebab7e6f53ab1d2e372833e7ddb43a649788ee110b
dermnet,train,0,../dermnet_images/psoriasis/plaque-psoriasis-0010.jpg,plaque-psoriasis-0010.jpg,plaque-psoriasis-0010,c5002dd27c6f2cbab3bb885f83522aa8f8759d78f2809e11ce5a2dbb5c5c09ca
dermnet,train,0,../dermnet_images/psoriasis/scalp-psoriasis-0007.jpg,scalp-psoriasis-0007.jpg,scalp-psoriasis-0007,47ee248ce4aab22dcaf5ac943be039ca7f9ce617faf16204c7c6f53087dbf183
dermnet,train,0,../dermnet_images/psoriasis/scalp-psoriasis-0027.jpg,scalp-psoriasis-0027.jpg,scalp-psoriasis-0027,c32274d36019849ae8c0322476c55645d689b05680259d8edac5853abb2e23f4
dermnet,train,0,../dermnet_images/psoriasis/plaque-psoriasis-0001.jpg,plaque-psoriasis-0001.jpg,plaque-psoriasis-0001,d6be1303203b1d1b3d495955f7542f0a028e0ee09b75d4998945feaa87ee86fd
dermnet,train,0,../dermnet_images/psoriasis/plaque-psoriasis-0005.jpg,plaque-psoriasis-0005.jpg,plaque-psoriasis-0005,9f5efe7bb58d205038fcc438557c131b6ff9127a897a7aeac6877d962d21f179
dermnet,train,0,../dermnet_images/psoriasis/scalp-psoriasis-0004.jpg,scalp-psoriasis-0004.jpg,scalp-psoriasis-0004,c46ff57fcdf1260f8f40aa2b8644f03b2373bef4ffadb74e3079da63598991f0
dermnet,train,0,../dermnet_images/psoriasis/generalised-pustular-psoriasis-0010.jpg,generalised-pustular-psoriasis-0010.jpg,generalised-pustular-psoriasis-0010,2246a64d5f880cbbfb6665265bb6ba8efea1db6509240901a100d4756ea754be
dermnet,train,0,../dermnet_images/psoriasis/generalised-pustular-psoriasis-0012.jpg,generalised-pustular-psoriasis-0012.jpg,generalised-pustular-psoriasis-0012,eecb803c1403fb18af018fef7ea0b162c6a5a8b2b4eda9fe5691fb0db1395445
dermnet,train,0,../dermnet_images/psoriasis/plaque-psoriasis-0004.jpg,plaque-psoriasis-0004.jpg,plaque-psoriasis-0004,067531f8a6ee0ff1d5d7f4e474b95dbdf3cf61f4e810a481ddc0698165334f27
dermnet,train,0,../dermnet_images/psoriasis/generalised-pustular-psoriasis-0008.jpg,generalised-pustular-psoriasis-0008.jpg,generalised-pustular-psoriasis-0008,37d5a861dcfd145cdf6fbb1b18ac26461795e9e2b7a542568588d162ff38b872
dermnet,train,0,../dermnet_images/psoriasis/generalised-pustular-psoriasis-0020.jpg,generalised-pustular-psoriasis-0020.jpg,generalised-pustular-psoriasis-0020,1e5fddc067c8d3853c1bc5f18c773246d680272c45359180792ac5f04516ac1d
dermnet,train,0,../dermnet_images/psoriasis/scalp-psoriasis-0028.jpg,scalp-psoriasis-0028.jpg,scalp-psoriasis-0028,8a93de1cd9d5b55dfdaa0a8f02205252681a73f3044876dc6a7944a4ade47c36
dermnet,train,0,../dermnet_images/psoriasis/plaque-psoriasis-0006.jpg,plaque-psoriasis-0006.jpg,plaque-psoriasis-0006,df76bd362c9836a361bfb543a37169ce5a110a1ebb5b86c50920f16a9fe52415
dermnet,train,0,../dermnet_images/psoriasis/scalp-psoriasis-0025.jpg,scalp-psoriasis-0025.jpg,scalp-psoriasis-0025,6333c8af8b890c4e35e209bb5b064b607d2859f080e7036c920d695d66e60be9
dermnet,train,0,../dermnet_images/psoriasis/scalp-psoriasis-0011.jpg,scalp-psoriasis-0011.jpg,scalp-psoriasis-0011,1b5b9fab781f7fb2bd11f383a19a6d677bbd2138d406ecc6ce307cb0615e7de8
dermnet,train,0,../dermnet_images/psoriasis/scalp-psoriasis-0022.jpg,scalp-psoriasis-0022.jpg,scalp-psoriasis-0022,556f0bde3b11fc7363c393c16a8ed987b64fda40b0de5adaaca51b1ac14b8400
dermnet,train,0,../dermnet_images/psoriasis/scalp-psoriasis-0002.jpg,scalp-psoriasis-0002.jpg,scalp-psoriasis-0002,33c89931df00443f459869a97c68a961586203b1d6ef3ca1ed0d23622e01a608
dermnet,train,0,../dermnet_images/psoriasis/scalp-psoriasis-0009.jpg,scalp-psoriasis-0009.jpg,scalp-psoriasis-0009,34228ca1492d3726d2f00f718bdb10051381701ad02cc3e693bfa6e4a650be95
dermnet,train,0,../dermnet_images/psoriasis/generalised-pustular-psoriasis-0007.jpg,generalised-pustular-psoriasis-0007.jpg,generalised-pustular-psoriasis-0007,b5aff18e67b1bbd6072a0ffa18aa355c270c7bae280d507e7abfec8fe97fe11c
dermnet,train,0,../dermnet_images/psoriasis/scalp-psoriasis-0021.jpg,scalp-psoriasis-0021.jpg,scalp-psoriasis-0021,f49c7b59c6c315c78c2960c25519883164e376fc1d5b1da96a6b22a13aba03e1
dermnet,train,0,../dermnet_images/psoriasis/scalp-psoriasis-0015.jpg,scalp-psoriasis-0015.jpg,scalp-psoriasis-0015,59422f28204a80c194e11c2a99671d5bb318a6137f04c6e48ca10c7fa1a7d83e
dermnet,train,0,../dermnet_images/psoriasis/plaque-psoriasis-0002.jpg,plaque-psoriasis-0002.jpg,plaque-psoriasis-0002,57b11d527fa2e667de0bafa45f0ed5a0e355f15fad4504e5db70e9d6a945d4e6
dermnet,train,0,../dermnet_images/psoriasis/generalised-pustular-psoriasis-0019.jpg,generalised-pustular-psoriasis-0019.jpg,generalised-pustular-psoriasis-0019,538382ab7b32e2a4f75e7e3b626cd92f85ce6c3c908e5774e04604e2b120749f
dermnet,train,0,../dermnet_images/psoriasis/plaque-psoriasis-0019.jpg,plaque-psoriasis-0019.jpg,plaque-psoriasis-0019,54ea07a8d300161a6f3fa47afe18e39dd9e80c97ba0745b1897083c15c111dca
dermnet,train,0,../dermnet_images/psoriasis/scalp-psoriasis-0014.jpg,scalp-psoriasis-0014.jpg,scalp-psoriasis-0014,669d0a25b5520e3e3a95850389dbf842f38c46cbf68a29b3dc490665f91300fe
dermnet,train,0,../dermnet_images/psoriasis/scalp-psoriasis-0008.jpg,scalp-psoriasis-0008.jpg,scalp-psoriasis-0008,35a9da7ec0c1fce71c252c7ad3ec66414fdd541a3c6e7caa316941c749acceb2
dermnet,train,0,../dermnet_images/psoriasis/scalp-psoriasis-0010.jpg,scalp-psoriasis-0010.jpg,scalp-psoriasis-0010,5821ab26779d5932f37eb774f2fb09d238ead43b6745857974f1680434e3dab4
dermnet,train,0,../dermnet_images/psoriasis/paradoxical-psoriasis-0005.jpg,paradoxical-psoriasis-0005.jpg,paradoxical-psoriasis-0005,fc2ec94cb5bd58f41a9219a2b97864a852d15dc683fb616a12ce665ac644fb2b
dermnet,train,0,../dermnet_images/psoriasis/plaque-psoriasis-0013.jpg,plaque-psoriasis-0013.jpg,plaque-psoriasis-0013,d5994258c364d8f54d0bafda7a79b03ef2fc4cf6ee2551e814fd31e49f957a32
dermnet,train,0,../dermnet_images/psoriasis/generalised-pustular-psoriasis-0003.jpg,generalised-pustular-psoriasis-0003.jpg,generalised-pustular-psoriasis-0003,085d331fabd9786d731a36a50985e09ac05fdc4c7883c37ebf8aabdc66601c35
dermnet,train,0,../dermnet_images/psoriasis/scalp-psoriasis-0019.jpg,scalp-psoriasis-0019.jpg,scalp-psoriasis-0019,88bee31a93cb0f7ad60cafa40c11c0a38a4d28f44acf94424f17cf33b128c089
dermnet,train,0,../dermnet_images/psoriasis/generalised-pustular-psoriasis-0004.jpg,generalised-pustular-psoriasis-0004.jpg,generalised-pustular-psoriasis-0004,fff39618f053a9a61087a27b0e6dd7269b4c57ea7d7f109fdf45500fceaadd69
dermnet,train,0,../dermnet_images/psoriasis/generalised-pustular-psoriasis-0021.jpg,generalised-pustular-psoriasis-0021.jpg,generalised-pustular-psoriasis-0021,360ba15f91766194b8788a0cbd368f4b1a1d49644ebc049bb25a0446d21118c0
dermnet,train,0,../dermnet_images/psoriasis/generalised-pustular-psoriasis-0015.jpg,generalised-pustular-psoriasis-0015.jpg,generalised-pustular-psoriasis-0015,221ca71f0f1dd047caf83f0c6fbfbceea76b887bbe6cce45679c8efb1816f0a9
dermnet,train,0,../dermnet_images/psoriasis/scalp-psoriasis-0020.jpg,scalp-psoriasis-0020.jpg,scalp-psoriasis-0020,243531a1ebce303e99aaa4f1258560192ad83e6081c5df32614a29bd2b50dd9c
dermnet,train,0,../dermnet_images/psoriasis/scalp-psoriasis-0006.jpg,scalp-psoriasis-0006.jpg,scalp-psoriasis-0006,5cff9946f6a6a3abb2667b5b2e5891602079bbc79668fc886e7bcf4d991c2170
dermnet,train,0,../dermnet_images/psoriasis/scalp-psoriasis-0012.jpg,scalp-psoriasis-0012.jpg,scalp-psoriasis-0012,34ec078881548d11388d626fdfa3f000f251e71f173a71d4172043d4a01d2ad2
dermnet,train,0,../dermnet_images/acne/acne-scarring-0019.jpg,acne-scarring-0019.jpg,acne-scarring-0019,5351e2aea5e54c260ef11ca36d73a25e8ead46b82ab6a3518c7334b78c94b764
dermnet,train,0,../dermnet_images/acne/acne-scarring-0021.jpg,acne-scarring-0021.jpg,acne-scarring-0021,bec227c58b63cf1cf643ef6a5ea8442c778eb62d3f7ab514de36cdd309114330
dermnet,train,0,../dermnet_images/acne/acne-vulgaris-0002.jpg,acne-vulgaris-0002.jpg,acne-vulgaris-0002,6c802a505fb78213e2d88b1f0b85dccefc286ac921bbd5f16cd88bb2265c15b0
dermnet,train,0,../dermnet_images/acne/acne-scarring-0016.jpg,acne-scarring-0016.jpg,acne-scarring-0016,ec5dd37c6c85fa483bebb72a25e77bb481fba111720319390738ee701260e369
dermnet,train,0,../dermnet_images/acne/acne-vulgaris-0005.jpg,acne-vulgaris-0005.jpg,acne-vulgaris-0005,c3c25836f117f570afa29027a5b37a252317cf53f90ca3a7cd110ca793848aea
dermnet,train,0,../dermnet_images/acne/acne-scarring-0006.jpg,acne-scarring-0006.jpg,acne-scarring-0006,f68ee2cbde38a3f01819808d361bf0e5a912c7ee4f22a3be075e5fa01d701158
dermnet,train,0,../dermnet_images/acne/acne-scarring-0007.jpg,acne-scarring-0007.jpg,acne-scarring-0007,4fcc83afb0d3044bc32847515af009bfbe85b5b1735975b48b5c2c8e24f42ffb
dermnet,train,0,../dermnet_images/acne/acne-scarring-0002.jpg,acne-scarring-0002.jpg,acne-scarring-0002,9783904ff632c84ed0b6614370d0c29165bd05e03cc9359c277156f143f6da6d
dermnet,train,0,../dermnet_images/acne/acne-scarring-0029.jpg,acne-scarring-0029.jpg,acne-scarring-0029,544a8186f4a6c8f8c51a811184b468d3f49a0e80f84bf00af837bbf56a1cf67b
dermnet,train,0,../dermnet_images/acne/acne-vulgaris-0001.jpg,acne-vulgaris-0001.jpg,acne-vulgaris-0001,41517c214541012e09180069041ec4d476b5662dab71a2abbb21bc2c9d9a5617
dermnet,train,0,../dermnet_images/acne/acne-vulgaris-0004.jpg,acne-vulgaris-0004.jpg,acne-vulgaris-0004,1591eb9913a8992283ec70069fec9e295bca39703123e74b4acebd2e866c977f
dermnet,train,0,../dermnet_images/acne/acne-scarring-0012.jpg,acne-scarring-0012.jpg,acne-scarring-0012,c4da63dbcf24f392bb00a6779f085c52d74f9c5eda3b11cf07034ce4f9899326
dermnet,train,0,../dermnet_images/acne/acne-vulgaris-0003.jpg,acne-vulgaris-0003.jpg,acne-vulgaris-0003,8d718141cfe361255fb64fb04be434382262da5e3172ca94078424ef104cecaf
dermnet,train,0,../dermnet_images/acne/acne-scarring-0008.jpg,acne-scarring-0008.jpg,acne-scarring-0008,e4452a4d35feda006ea6e17725bcc73f51b4f8ff2317a73375b940b79b4be8f3
dermnet,train,0,../dermnet_images/acne/acne-scarring-0003.jpg,acne-scarring-0003.jpg,acne-scarring-0003,276912e0fb7e99a2ec0e6a5c0c727a3a3aa14c60ec593ce7a194f03f49716851
dermnet,train,0,../dermnet_images/acne/acne-scarring-0014.jpg,acne-scarring-0014.jpg,acne-scarring-0014,22543734d28fa6aab51f5fc92775867248e91dbe4459da73f21c170a1276d900
dermnet,train,0,../dermnet_images/acne/acne-scarring-0010.jpg,acne-scarring-0010.jpg,acne-scarring-0010,2ca5e33bf2242afdb4bfa6224f307c1ccfbf34057934a26ab27f99d8dda526c8
dermnet,train,0,../dermnet_images/acne/acne-scarring-0023.jpg,acne-scarring-0023.jpg,acne-scarring-0023,c5902fe952c1929c67dee300e3b925ef1bce7bcd055700cb485888080adc284c
dermnet,train,0,../dermnet_images/acne/acne-vulgaris-0006.jpg,acne-vulgaris-0006.jpg,acne-vulgaris-0006,f665061b17780639fa24b180d2a0faa499e5ab828a8f8c7d606f31c6f941846b
dermnet,train,0,../dermnet_images/acne/acne-scarring-0027.jpg,acne-scarring-0027.jpg,acne-scarring-0027,09bf0fdb6bacc3392088170fbd90ba55b64163a2f29cc487a966d32fa875d2a3
dermnet,train,0,../dermnet_images/acne/acne-scarring-0026.jpg,acne-scarring-0026.jpg,acne-scarring-0026,87856b814387dd6c92990f8c8ad7b4f8469269b9a989276a486224699ef07260
dermnet,train,0,../dermnet_images/rosacea/steroid-rosacea-0014.jpg,steroid-rosacea-0014.jpg,steroid-rosacea-0014,fc25dbde68f2c7e8d87ec502fe3a809bf1ccae521d51e28acb8bac0df9d4990f
dermnet,train,0,../dermnet_images/rosacea/steroid-rosacea-0005.jpg,steroid-rosacea-0005.jpg,steroid-rosacea-0005,2996eb5828c37553c8ff8b219f5900e776c4933a97d11967486d1be981815e4e
dermnet,train,0,../dermnet_images/rosacea/steroid-rosacea-0004.jpg,steroid-rosacea-0004.jpg,steroid-rosacea-0004,b81a2b8ff66966d9087c779ffe7e58ab3bd8e15a1c21e401353c6546ad03f3a5
dermnet,train,0,../dermnet_images/rosacea/rosacea-0010.jpg,rosacea-0010.jpg,rosacea-0010,6e1b75b6b16c45c82be523f4a45bb67ddecc5b239e502deef2d200a9ea15d0b1
dermnet,train,0,../dermnet_images/rosacea/rosacea-0021.jpg,rosacea-0021.jpg,rosacea-0021,c969a36c6728aa516d4938b7f4c9a9464599a00f73c5189777eadc260bf4c4cd
dermnet,train,0,../dermnet_images/rosacea/rosacea-0015.jpg,rosacea-0015.jpg,rosacea-0015,b8876ace9e1ea8a7899234f848de84ae87389e65f2abc52a318da6e9897f4604
dermnet,train,0,../dermnet_images/rosacea/rosacea-0011.jpg,rosacea-0011.jpg,rosacea-0011,679dd058fd23021446b467f6da8942a86fb7ef981dca9941ee2643d3db5c8dd7
dermnet,train,0,../dermnet_images/rosacea/steroid-rosacea-0007.jpg,steroid-rosacea-0007.jpg,steroid-rosacea-0007,988070dc8ca7acf92028b77ee7e9a358b481f605548ba2d47a25fdafd33f511d
dermnet,train,0,../dermnet_images/rosacea/steroid-rosacea-0017.jpg,steroid-rosacea-0017.jpg,steroid-rosacea-0017,c558da24d7a629c88d0adb366b5644f8117be3486a5e62f90c7888d52ff26aec
dermnet,train,0,../dermnet_images/rosacea/rosacea-0013.jpg,rosacea-0013.jpg,rosacea-0013,ab0dfdefb84af59cc36d31a554b27399a37b80f4456ff4ae17aa72e270210259
dermnet,train,0,../dermnet_images/rosacea/rosacea-0002.jpg,rosacea-0002.jpg,rosacea-0002,6198b287d4857ce8095d322f577f8fbe57c45a48e064bd73e86515348ee1f9a1
dermnet,train,0,../dermnet_images/rosacea/rosacea-0005.jpg,rosacea-0005.jpg,rosacea-0005,660130d87cf96ebd3aaa1a8e2348fcad01d138f5a944cc31eea427573226008d
dermnet,train,0,../dermnet_images/rosacea/rosacea-0008.jpg,rosacea-0008.jpg,rosacea-0008,fa0b3a611a3b719e327d866d2eedb87d58b86284d9a6894a0f9bf110ecdf3c94
dermnet,train,0,../dermnet_images/rosacea/rosacea-0012.jpg,rosacea-0012.jpg,rosacea-0012,6c994e86e36e1cbae79ec1c88ec21424f00a57878793cb29fa450e6313d65fa3
dermnet,train,0,../dermnet_images/rosacea/steroid-rosacea-0002.jpg,steroid-rosacea-0002.jpg,steroid-rosacea-0002,433cfb0162c36e50a6ee1cb83388acaaae120311a56f85a0bfcbaa5433571462
dermnet,train,0,../dermnet_images/rosacea/rosacea-0007.jpg,rosacea-0007.jpg,rosacea-0007,7798a4066a0ec4fbe56a99744375f791fce8eb791981fe379420a5c2a8138db9
dermnet,train,0,../dermnet_images/rosacea/rosacea-0004.jpg,rosacea-0004.jpg,rosacea-0004,fea5ec0039467cf2d75bab3ae6434cba5c20f79093d313b772b09d449dc0f111
dermnet,train,0,../dermnet_images/rosacea/rosacea-0020.jpg,rosacea-0020.jpg,rosacea-0020,f0cdb7e61711a97e7d7c41ae86ac72320ffbd19408173212a8f56a72cb85adb2
dermnet,train,0,../dermnet_images/rosacea/rosacea-0023.jpg,rosacea-0023.jpg,rosacea-0023,15a1bc96575b585700b60a3759120d582e343179cd5e1e1e3a9de7ebd3ed34ff
dermnet,train,0,../dermnet_images/rosacea/steroid-rosacea-0012.jpg,steroid-rosacea-0012.jpg,steroid-rosacea-0012,b09c96702626349edeca34bb98ff06d9919bd6b224abc4a40b34093142512874
dermnet,train,0,../dermnet_images/rosacea/rosacea-0003.jpg,rosacea-0003.jpg,rosacea-0003,55aa0e7a6eaa2bc79f6317eecc8b54eb5ebec8a5ae55f1651a5351b5a56b4f24
dermnet,train,0,../dermnet_images/rosacea/rosacea-0016.jpg,rosacea-0016.jpg,rosacea-0016,7130e7d1c71058167d6c2a19263b7333193c6b7a373b491aa7fb9d3a83aaff91
dermnet,train,0,../dermnet_images/rosacea/rosacea-0024.jpg,rosacea-0024.jpg,rosacea-0024,280059b3fb107c161e5b441742d84ee91a92d02db537bbeebe26bbde39de67bb
dermnet,train,0,../dermnet_images/rosacea/steroid-rosacea-0011.jpg,steroid-rosacea-0011.jpg,steroid-rosacea-0011,1804e0a967c717a5e4f984070e462d1b2926adc8abd760679e915c69a3bb4276
dermnet,train,0,../dermnet_images/rosacea/steroid-rosacea-0015.jpg,steroid-rosacea-0015.jpg,steroid-rosacea-0015,165e1e35cd047c98691865a7cc46b336dcfa053be86597ea86664fb011309999
dermnet,train,0,../dermnet_images/seborrheic_dermatitis/seborrhoeic-dermatitis-0028.jpg,seborrhoeic-dermatitis-0028.jpg,seborrhoeic-dermatitis-0028,be05954cd79e683221208966126ed0b41054c6ea2007c73b1165dce35cfda01b
dermnet,train,0,../dermnet_images/seborrheic_dermatitis/seborrhoeic-dermatitis-0034.jpg,seborrhoeic-dermatitis-0034.jpg,seborrhoeic-dermatitis-0034,38be309af3fc864adadd5cad6cae3a0fab907de24f2ae4cc6b148926dea1ed3e
dermnet,train,0,../dermnet_images/seborrheic_dermatitis/seborrhoeic-dermatitis-0043.jpg,seborrhoeic-dermatitis-0043.jpg,seborrhoeic-dermatitis-0043,98d3aa4941f20aadc55377f9fec83a594e22876a094e9576b4ee0949e6acf3e1
dermnet,train,0,../dermnet_images/seborrheic_dermatitis/seborrhoeic-dermatitis-0024.jpg,seborrhoeic-dermatitis-0024.jpg,seborrhoeic-dermatitis-0024,584eb78c040e5bb31182b9d457e64110095e51314f882c529e896a2713ec4850
dermnet,train,0,../dermnet_images/seborrheic_dermatitis/seborrhoeic-dermatitis-0029.jpg,seborrhoeic-dermatitis-0029.jpg,seborrhoeic-dermatitis-0029,6e6672e0f576156e5347e381057d1b995330d6cd150643690da2c506d1af9551
dermnet,train,0,../dermnet_images/seborrheic_dermatitis/seborrhoeic-dermatitis-0010.jpg,seborrhoeic-dermatitis-0010.jpg,seborrhoeic-dermatitis-0010,bce933485360e6abcb9e9ac13b23e16723897422c53eab0c052cbac8ea576777
dermnet,train,0,../dermnet_images/seborrheic_dermatitis/seborrhoeic-dermatitis-0012.jpg,seborrhoeic-dermatitis-0012.jpg,seborrhoeic-dermatitis-0012,5bb7fd4c3fa836437fca8e10fa0997eed5527b2144b4a49f909815c3101c8631
dermnet,train,0,../dermnet_images/seborrheic_dermatitis/seborrhoeic-dermatitis-0039.jpg,seborrhoeic-dermatitis-0039.jpg,seborrhoeic-dermatitis-0039,5dbabd0097c7dc3ff597d381e235225d36b5237ac64752755408d661185cdb01
dermnet,train,0,../dermnet_images/seborrheic_dermatitis/seborrhoeic-dermatitis-0020.jpg,seborrhoeic-dermatitis-0020.jpg,seborrhoeic-dermatitis-0020,7c78a79eb1f6308c035857ca4311ac7a676e77b389676013de9181e75d60e649
dermnet,train,0,../dermnet_images/seborrheic_dermatitis/seborrhoeic-dermatitis-0025.jpg,seborrhoeic-dermatitis-0025.jpg,seborrhoeic-dermatitis-0025,cb89b958c7bff6ee572a19662e4e3f3a4bc6e1f0dc106bd3ee401e3800198700
dermnet,train,0,../dermnet_images/seborrheic_dermatitis/seborrhoeic-dermatitis-0013.jpg,seborrhoeic-dermatitis-0013.jpg,seborrhoeic-dermatitis-0013,62c3e9361c60cfb71fcfffadb8cdb18a776d2bf579ea393a59d1c950c0d01183
dermnet,train,0,../dermnet_images/seborrheic_dermatitis/seborrhoeic-dermatitis-0006.jpg,seborrhoeic-dermatitis-0006.jpg,seborrhoeic-dermatitis-0006,165a53540f2b6f72adc0fa472a7683cc0cfc7fa775f22595badc0badf4408d02
dermnet,train,0,../dermnet_images/seborrheic_dermatitis/seborrhoeic-dermatitis-0031.jpg,seborrhoeic-dermatitis-0031.jpg,seborrhoeic-dermatitis-0031,248f489653df8463e26a1e3a0c1c59b72f8d5cb7946186ac4008708a496d490a
dermnet,train,0,../dermnet_images/seborrheic_dermatitis/seborrhoeic-dermatitis-0011.jpg,seborrhoeic-dermatitis-0011.jpg,seborrhoeic-dermatitis-0011,cc88112be6abcf0ac3a4aa133fe4a6063533531c17f8e9a7929c859469a428eb
dermnet,train,0,../dermnet_images/seborrheic_dermatitis/seborrhoeic-dermatitis-0045.jpg,seborrhoeic-dermatitis-0045.jpg,seborrhoeic-dermatitis-0045,854f6240b0220ddd16e73ad6540e03e411847b7fec7d9f3e38ac1828f786a7c5
dermnet,train,0,../dermnet_images/seborrheic_dermatitis/seborrhoeic-dermatitis-0037.jpg,seborrhoeic-dermatitis-0037.jpg,seborrhoeic-dermatitis-0037,6c936940f3065fb5b84c4c5cb14459c942cf4f6de77a0ae14012b78af3a074f6
dermnet,train,0,../dermnet_images/seborrheic_dermatitis/seborrhoeic-dermatitis-0026.jpg,seborrhoeic-dermatitis-0026.jpg,seborrhoeic-dermatitis-0026,42f44d7e6daf1dd5a24c2e2caa0b9f54454f07f1b34dd48eb74ae3a1ec322a46
dermnet,train,0,../dermnet_images/seborrheic_dermatitis/seborrhoeic-dermatitis-0014.jpg,seborrhoeic-dermatitis-0014.jpg,seborrhoeic-dermatitis-0014,68df7729dfbf709acf96673f311941f94b3e5e9b4379e787b3594e741624ce36
dermnet,train,0,../dermnet_images/seborrheic_dermatitis/seborrhoeic-dermatitis-0021.jpg,seborrhoeic-dermatitis-0021.jpg,seborrhoeic-dermatitis-0021,934fd777387b5f6d9def566395c742a782fcfa8c4b43ae6c54b6cb04857f5763
dermnet,train,0,../dermnet_images/seborrheic_dermatitis/seborrhoeic-dermatitis-0030.jpg,seborrhoeic-dermatitis-0030.jpg,seborrhoeic-dermatitis-0030,9f67989db955de351598d826bf3e0e3db0f71c759936806c632e6300c7e12cee
dermnet,train,0,../dermnet_images/seborrheic_dermatitis/seborrhoeic-dermatitis-0027.jpg,seborrhoeic-dermatitis-0027.jpg,seborrhoeic-dermatitis-0027,5092e22a7fae1b3ce270cf80b8b072c5fa7039eb4b5c86711c3c990b97721b0a
dermnet,train,0,../dermnet_images/seborrheic_dermatitis/seborrhoeic-dermatitis-0023.jpg,seborrhoeic-dermatitis-0023.jpg,seborrhoeic-dermatitis-0023,7c554543bd4dd299841eaada571978d8a56f023ead64ec776c1a8dca1f436d89
dermnet,train,0,../dermnet_images/seborrheic_dermatitis/seborrhoeic-dermatitis-0019.jpg,seborrhoeic-dermatitis-0019.jpg,seborrhoeic-dermatitis-0019,83349c5d795e21874c410e74643ff1c7b2778bfffbb2758c9cfc59d8c7ffa794
dermnet,train,0,../dermnet_images/seborrheic_dermatitis/seborrhoeic-dermatitis-0032.jpg,seborrhoeic-dermatitis-0032.jpg,seborrhoeic-dermatitis-0032,5e5e159ab185bc4e029d8705c0e6c45f2c7f6d2991137b8a2412038ea0151d0e
dermnet,train,0,../dermnet_images/seborrheic_dermatitis/seborrhoeic-dermatitis-0018.jpg,seborrhoeic-dermatitis-0018.jpg,seborrhoeic-dermatitis-0018,2a497f8d364fcb65b53bc13e08f02186697f2533270685d22f6b6088e9d1100c
dermnet,train,0,../dermnet_images/seborrheic_dermatitis/seborrhoeic-dermatitis-0007.jpg,seborrhoeic-dermatitis-0007.jpg,seborrhoeic-dermatitis-0007,01820efe49e659fdaf43245c362dca1a50fa43229a1fede88cd983e3338e5467
dermnet,train,0,../dermnet_images/seborrheic_dermatitis/seborrhoeic-dermatitis-0049.jpg,seborrhoeic-dermatitis-0049.jpg,seborrhoeic-dermatitis-0049,36de4b002bec2c58ab671f17c8c5b546077e69d941016c13740be58bcd2c46df
dermnet,train,0,../dermnet_images/seborrheic_dermatitis/seborrhoeic-dermatitis-0033.jpg,seborrhoeic-dermatitis-0033.jpg,seborrhoeic-dermatitis-0033,5848516685c5b700e23208ec8662deba7cea60c20d1647bdea7b679c84fe6de6
dermnet,train,0,../dermnet_images/seborrheic_dermatitis/seborrhoeic-dermatitis-0009.jpg,seborrhoeic-dermatitis-0009.jpg,seborrhoeic-dermatitis-0009,9dac86aebd5d4f83d51c6739c55772f0429e62b44f809e01ab9d8e79f1d70a6e
dermnet,train,0,../dermnet_images/seborrheic_dermatitis/seborrhoeic-dermatitis-0050.jpg,seborrhoeic-dermatitis-0050.jpg,seborrhoeic-dermatitis-0050,be45e12dbaec59f08877053a94ac2b76a8c070d7c7be61096e213d82190e9f86
dermnet,dermnet_holdout,1,../dermnet_images/atopic_dermatitis/atopic-dermatitis-0013.jpg,atopic-dermatitis-0013.jpg,atopic-dermatitis-0013,f0dd2298394855bcc4813829c68acdb1cbaa5352e87b7b0d9d0a1190df98c247
dermnet,dermnet_holdout,1,../dermnet_images/atopic_dermatitis/atopic-dermatitis-0036.jpg,atopic-dermatitis-0036.jpg,atopic-dermatitis-0036,66bca0abb19fe8ea8fff7bfbe286ef15e021884972e48c89128b8c9882619936
dermnet,dermnet_holdout,1,../dermnet_images/atopic_dermatitis/atopic-dermatitis-0046.jpg,atopic-dermatitis-0046.jpg,atopic-dermatitis-0046,37cb56d0daa8295459873833813944af7ac6a5780ed9053d66cdb9eba758f517
dermnet,dermnet_holdout,1,../dermnet_images/atopic_dermatitis/atopic-dermatitis-0039.jpg,atopic-dermatitis-0039.jpg,atopic-dermatitis-0039,f304b7dc0ec3bb8fd0fb9ba6f961660dfdd03a4382a0b26ba538d6ca411aee12
dermnet,dermnet_holdout,1,../dermnet_images/atopic_dermatitis/atopic-dermatitis-0033.jpg,atopic-dermatitis-0033.jpg,atopic-dermatitis-0033,b012e338b97e812642dcd618fa17588634d15a063e35cfb723e0581d512fd368
dermnet,dermnet_holdout,1,../dermnet_images/atopic_dermatitis/atopic-hand-dermatitis-0005.jpg,atopic-hand-dermatitis-0005.jpg,atopic-hand-dermatitis-0005,0dd9d6e53bfe5e66e81097514b046af6047fda15c3f79ffd1bdcc5f2a9c292d4
dermnet,dermnet_holdout,1,../dermnet_images/atopic_dermatitis/atopic-dermatitis-0014.jpg,atopic-dermatitis-0014.jpg,atopic-dermatitis-0014,6370833da6ebccba383189a979b00dab1bbd97a671662ff55672884997df65d3
dermnet,dermnet_holdout,1,../dermnet_images/atopic_dermatitis/atopic-dermatitis-0050.jpg,atopic-dermatitis-0050.jpg,atopic-dermatitis-0050,2305c5730c9b244b7e6740cd8e70aaf9a15e208bd112646ac701681a741a3f89
dermnet,dermnet_holdout,1,../dermnet_images/atopic_dermatitis/atopic-hand-dermatitis-0009.jpg,atopic-hand-dermatitis-0009.jpg,atopic-hand-dermatitis-0009,70836d65ccfcda90f074ba0ca7e7f730ea5510d7d2eb3368c420bfbb87f7a1b9
dermnet,dermnet_holdout,1,../dermnet_images/atopic_dermatitis/atopic-dermatitis-0003.jpg,atopic-dermatitis-0003.jpg,atopic-dermatitis-0003,66cd335694e5e4df870a44628aeaad08e0724fb93ae959524940304fd18dc783
dermnet,dermnet_holdout,1,../dermnet_images/atopic_dermatitis/atopic-dermatitis-0028.jpg,atopic-dermatitis-0028.jpg,atopic-dermatitis-0028,fec86dab906fdeff28a7c33eff7d27f3ce8e3a73866cb65da76df539ec0a7e74
dermnet,dermnet_holdout,1,../dermnet_images/atopic_dermatitis/atopic-dermatitis-0038.jpg,atopic-dermatitis-0038.jpg,atopic-dermatitis-0038,0df0f83e1755d1ff3d7fb42787fd2f553a08fa34ba709df80583e8150d256d4b
dermnet,dermnet_holdout,1,../dermnet_images/atopic_dermatitis/atopic-dermatitis-0006.jpg,atopic-dermatitis-0006.jpg,atopic-dermatitis-0006,362d0c4d4f24e0ad0e58c196195ca66f318465c8972275af3ee3ec7444933fb1
dermnet,dermnet_holdout,1,../dermnet_images/atopic_dermatitis/atopic-dermatitis-0035.jpg,atopic-dermatitis-0035.jpg,atopic-dermatitis-0035,529c59c61a1f9ff5499bf93533b47692f535a65163b17644cb944f57251338e3
dermnet,dermnet_holdout,1,../dermnet_images/atopic_dermatitis/atopic-hand-dermatitis-0003.jpg,atopic-hand-dermatitis-0003.jpg,atopic-hand-dermatitis-0003,83a3957ca5bca77245dac304986e24fab758f1037af36f14d20ad493b3204d83
dermnet,dermnet_holdout,1,../dermnet_images/atopic_dermatitis/atopic-dermatitis-0044.jpg,atopic-dermatitis-0044.jpg,atopic-dermatitis-0044,c2b39ab59634703a7007439d0c1a7527cd40aed045cba468b8ca3da321577fbb
dermnet,dermnet_holdout,1,../dermnet_images/atopic_dermatitis/atopic-dermatitis-0007.jpg,atopic-dermatitis-0007.jpg,atopic-dermatitis-0007,f871416acf440610996c86ddeb25359e796bf8b474755cfc08f3d40b9178a4bc
dermnet,dermnet_holdout,1,../dermnet_images/atopic_dermatitis/atopic-hand-dermatitis-0008.jpg,atopic-hand-dermatitis-0008.jpg,atopic-hand-dermatitis-0008,2065b5b359fcb9ea78cc475299115b0aa3940ed4e8e45d198f11d204d6602c1d
dermnet,dermnet_holdout,1,../dermnet_images/atopic_dermatitis/atopic-dermatitis-0009.jpg,atopic-dermatitis-0009.jpg,atopic-dermatitis-0009,a629ad2a50010916d8832215cd720fe404986f666086f96af0ba07d7eed6e115
dermnet,dermnet_holdout,1,../dermnet_images/atopic_dermatitis/atopic-dermatitis-0015.jpg,atopic-dermatitis-0015.jpg,atopic-dermatitis-0015,5f2d18622ca9ad0de1f593e8878d091a7e42adb156d13417a2c9befc5c44ced0
dermnet,dermnet_holdout,1,../dermnet_images/atopic_dermatitis/atopic-dermatitis-0016.jpg,atopic-dermatitis-0016.jpg,atopic-dermatitis-0016,3ab17bdf124652df351cb4eff02e67b7b1dff983b02ba2e6ddc68b1d73fc1132
dermnet,dermnet_holdout,1,../dermnet_images/atopic_dermatitis/atopic-dermatitis-0018.jpg,atopic-dermatitis-0018.jpg,atopic-dermatitis-0018,9c594cf86d4222a1bee3d2ba58893aaed0efe9db5739004db1e5309c098cf113
dermnet,dermnet_holdout,1,../dermnet_images/atopic_dermatitis/atopic-dermatitis-0048.jpg,atopic-dermatitis-0048.jpg,atopic-dermatitis-0048,1e395c5ddc887c63c02c6c3623f7b3ad12159beb4013d1452c63363cdbcc9c8b
dermnet,dermnet_holdout,1,../dermnet_images/atopic_dermatitis/atopic-dermatitis-0002.jpg,atopic-dermatitis-0002.jpg,atopic-dermatitis-0002,3cb53cd529eaed2fb9d3cabec40e082f21e4a67522e4727d72f066be546e3a45
dermnet,dermnet_holdout,1,../dermnet_images/atopic_dermatitis/atopic-dermatitis-0008.jpg,atopic-dermatitis-0008.jpg,atopic-dermatitis-0008,cf20a98aee92e366ba76aa05b193baf68ee7d61e0d873cffe945a46392fc3a96
dermnet,dermnet_holdout,1,../dermnet_images/atopic_dermatitis/atopic-dermatitis-0041.jpg,atopic-dermatitis-0041.jpg,atopic-dermatitis-0041,2fb9c5e0da521db4f9bef4c2eb1464084ff01de799ca0da747bf2d0b00220b5f
dermnet,dermnet_holdout,0,../dermnet_images/psoriasis/generalised-pustular-psoriasis-0025.jpg,generalised-pustular-psoriasis-0025.jpg,generalised-pustular-psoriasis-0025,7436697841fdce5072efba2138cfdc7262452eb47b6600a379e0f5390d160caf
dermnet,dermnet_holdout,0,../dermnet_images/psoriasis/scalp-psoriasis-0023.jpg,scalp-psoriasis-0023.jpg,scalp-psoriasis-0023,a19f6b124213bfc6f825fe3ae72cefdbb454328799bd2a15e8ba20dbee02c85d
dermnet,dermnet_holdout,0,../dermnet_images/psoriasis/scalp-psoriasis-0005.jpg,scalp-psoriasis-0005.jpg,scalp-psoriasis-0005,0c2fdadd7c9915623e5561137daed05ff66cbeeecb3af79e68918796009c0e0d
dermnet,dermnet_holdout,0,../dermnet_images/psoriasis/generalised-pustular-psoriasis-0016.jpg,generalised-pustular-psoriasis-0016.jpg,generalised-pustular-psoriasis-0016,982f6532d28d8684c81ec9ca8eac3c1caab8ac85fb8f725cfba2e9d9e5222d5d
dermnet,dermnet_holdout,0,../dermnet_images/psoriasis/scalp-psoriasis-0018.jpg,scalp-psoriasis-0018.jpg,scalp-psoriasis-0018,88b0e4dc5dee0326edb92dd1e944162ac2f0e4df62caf2665a7abe84c4f0b3c6
dermnet,dermnet_holdout,0,../dermnet_images/psoriasis/plaque-psoriasis-0008.jpg,plaque-psoriasis-0008.jpg,plaque-psoriasis-0008,f2d7de88c61b925e1e69a8e1b392f804c3c2f94c58f27fa98d31c78d1b5bf43a
dermnet,dermnet_holdout,0,../dermnet_images/psoriasis/scalp-psoriasis-0017.jpg,scalp-psoriasis-0017.jpg,scalp-psoriasis-0017,4084db987455f42e1aae622c3c430953babe80e9c45b8a35d7cd7e0056c3693b
dermnet,dermnet_holdout,0,../dermnet_images/psoriasis/plaque-psoriasis-0014.jpg,plaque-psoriasis-0014.jpg,plaque-psoriasis-0014,2413364b5ceb30a8f1b9abf01d73b0c7222575d1a9812068ac316008419e7db0
dermnet,dermnet_holdout,0,../dermnet_images/psoriasis/plaque-psoriasis-0012.jpg,plaque-psoriasis-0012.jpg,plaque-psoriasis-0012,4f1e92903982643ee97aeab45702a567f3fe08e89682d217ab5d70d1b0ec379b
dermnet,dermnet_holdout,0,../dermnet_images/psoriasis/generalised-pustular-psoriasis-0005.jpg,generalised-pustular-psoriasis-0005.jpg,generalised-pustular-psoriasis-0005,71e77e9b410de68bd7aee7f2b59ef37d786adf4fe26afb0b33dae1533448bd63
dermnet,dermnet_holdout,0,../dermnet_images/psoriasis/plaque-psoriasis-0015.jpg,plaque-psoriasis-0015.jpg,plaque-psoriasis-0015,19fde6ece25b76db786aefb35cce5f805e29d5aa192c707272f09c2cc309ac01
dermnet,dermnet_holdout,0,../dermnet_images/psoriasis/plaque-psoriasis-0017.jpg,plaque-psoriasis-0017.jpg,plaque-psoriasis-0017,cbea3247915827bf01ee38fb737ceed7fdb20627ec6f0685b294c87974b9aff8
dermnet,dermnet_holdout,0,../dermnet_images/psoriasis/plaque-psoriasis-0018.jpg,plaque-psoriasis-0018.jpg,plaque-psoriasis-0018,3bf73714cd21f4096dd0123bf984b6766f3a5fc5e18db394e0f4b18cc7838327
dermnet,dermnet_holdout,0,../dermnet_images/psoriasis/generalised-pustular-psoriasis-0018.jpg,generalised-pustular-psoriasis-0018.jpg,generalised-pustular-psoriasis-0018,2b77e888bbf7fb48cb7709784afadf15ec43d4a1f74888a38c721ee5e71d147e
dermnet,dermnet_holdout,0,../dermnet_images/psoriasis/plaque-psoriasis-0016.jpg,plaque-psoriasis-0016.jpg,plaque-psoriasis-0016,8e2e3c7a20ce08b9727a01f0a23ebedb76db6c74a624d77688a7f48c5cfe37dd
dermnet,dermnet_holdout,0,../dermnet_images/psoriasis/generalised-pustular-psoriasis-0014.jpg,generalised-pustular-psoriasis-0014.jpg,generalised-pustular-psoriasis-0014,c2a7726b1d3033aed4e3b56e59752454adcad36500d9813734839b5963cb3642
dermnet,dermnet_holdout,0,../dermnet_images/psoriasis/generalised-pustular-psoriasis-0023.jpg,generalised-pustular-psoriasis-0023.jpg,generalised-pustular-psoriasis-0023,2ce5c3ea08eb99c8e0fd047112134cd5aee30dd3488c73f91017c220e3c2e347
dermnet,dermnet_holdout,0,../dermnet_images/psoriasis/generalised-pustular-psoriasis-0024.jpg,generalised-pustular-psoriasis-0024.jpg,generalised-pustular-psoriasis-0024,7ffb71875c6ada2bd51025224406e00147cd5af65da86b205bcccfb60c9e9edc
dermnet,dermnet_holdout,0,../dermnet_images/psoriasis/scalp-psoriasis-0024.jpg,scalp-psoriasis-0024.jpg,scalp-psoriasis-0024,78f386389dfa14094f996975fe62c475599b5b5a3d6c14bd6304dbd3accc785b
dermnet,dermnet_holdout,0,../dermnet_images/psoriasis/scalp-psoriasis-0001.jpg,scalp-psoriasis-0001.jpg,scalp-psoriasis-0001,fc3621a08cf84590df571f006000e362e9288e026c8fe91f969d63bb8ec6e5c3
dermnet,dermnet_holdout,0,../dermnet_images/psoriasis/scalp-psoriasis-0013.jpg,scalp-psoriasis-0013.jpg,scalp-psoriasis-0013,f7cb1a600040b7934757985156c3103402f0f8aba0d6e4007bec18047e50f763
dermnet,dermnet_holdout,0,../dermnet_images/psoriasis/plaque-psoriasis-0009.jpg,plaque-psoriasis-0009.jpg,plaque-psoriasis-0009,265125c9cfca2071804e6883bdbcdeaf75b8a903223839dd1f06ba2c3d6b4828
dermnet,dermnet_holdout,0,../dermnet_images/psoriasis/scalp-psoriasis-0003.jpg,scalp-psoriasis-0003.jpg,scalp-psoriasis-0003,7325917be3b101bda0fdc404e0a4c96c94ffb03b89b36711e6c70a05257ffde0
dermnet,dermnet_holdout,0,../dermnet_images/psoriasis/generalised-pustular-psoriasis-0013.jpg,generalised-pustular-psoriasis-0013.jpg,generalised-pustular-psoriasis-0013,77618c55b078d6bc6006a0f636de879ef05d305a097ba39cf652d16b0e318881
dermnet,dermnet_holdout,0,../dermnet_images/psoriasis/scalp-psoriasis-0026.jpg,scalp-psoriasis-0026.jpg,scalp-psoriasis-0026,b1ec7fd4146442dce08f2a33148b156ece8743ccc3b3f4c7c3c4b10d28fa7b2e
dermnet,dermnet_holdout,0,../dermnet_images/psoriasis/generalised-pustular-psoriasis-0011.jpg,generalised-pustular-psoriasis-0011.jpg,generalised-pustular-psoriasis-0011,d1925b7bf91230f736c41a75bc2defdee84895b90a21edd7e42730c48431868a
dermnet,dermnet_holdout,0,../dermnet_images/psoriasis/plaque-psoriasis-0011.jpg,plaque-psoriasis-0011.jpg,plaque-psoriasis-0011,3a8bec1aa7277f4e66dc7291ed799f48a139f17e1d98cd649f5b71f0860cdae6
dermnet,dermnet_holdout,0,../dermnet_images/psoriasis/plaque-psoriasis-0003.jpg,plaque-psoriasis-0003.jpg,plaque-psoriasis-0003,cc0cc97051323cca439c7331393d9f90c5d2073e3b5f74aa26f194f19b4a4af8
dermnet,dermnet_holdout,0,../dermnet_images/psoriasis/generalised-pustular-psoriasis-0006.jpg,generalised-pustular-psoriasis-0006.jpg,generalised-pustular-psoriasis-0006,13433e467fa373dc9c0042c15b15099316261d714861f6399cd7b37bfd16228e
dermnet,dermnet_holdout,0,../dermnet_images/psoriasis/generalised-pustular-psoriasis-0009.jpg,generalised-pustular-psoriasis-0009.jpg,generalised-pustular-psoriasis-0009,7fbdab40d84db704d67cc7a28c33d2469dead84ede0676c18497a4233538475d
dermnet,dermnet_holdout,0,../dermnet_images/acne/acne-scarring-0024.jpg,acne-scarring-0024.jpg,acne-scarring-0024,b503635f21f24692f7971e5fa495568b7e64cf49139faed9cabea82c6f3af9cd
dermnet,dermnet_holdout,0,../dermnet_images/acne/acne-scarring-0004.jpg,acne-scarring-0004.jpg,acne-scarring-0004,cbd2ec27e48ac8e5155f37c56cec1b2b29afc2a224afea8ec54e78bfb24f634e
dermnet,dermnet_holdout,0,../dermnet_images/acne/acne-scarring-0022.jpg,acne-scarring-0022.jpg,acne-scarring-0022,2d9221c729bb4d495c8d0c161f2b1df9dc16e7e4aa3f4bfcb8d738344db57201
dermnet,dermnet_holdout,0,../dermnet_images/acne/acne-scarring-0001.jpg,acne-scarring-0001.jpg,acne-scarring-0001,82fab3f55a6d377f9d8e3971e7834869de7b1aaee7c19b504bf459cc461bb556
dermnet,dermnet_holdout,0,../dermnet_images/acne/acne-scarring-0018.jpg,acne-scarring-0018.jpg,acne-scarring-0018,673226c644bf3166a829f72f10999a298cf279d7890588dacbdef0fd6b8c6aeb
dermnet,dermnet_holdout,0,../dermnet_images/acne/acne-scarring-0009.jpg,acne-scarring-0009.jpg,acne-scarring-0009,7e8e804d65dac6b1f4246911638f8107766d0330f7df07271baf6f7bde4729f0
dermnet,dermnet_holdout,0,../dermnet_images/acne/acne-scarring-0017.jpg,acne-scarring-0017.jpg,acne-scarring-0017,c6f739b0acebc225c22ca6b678151308526b712af85942104fcdce62e1e996f2
dermnet,dermnet_holdout,0,../dermnet_images/acne/acne-scarring-0015.jpg,acne-scarring-0015.jpg,acne-scarring-0015,2c4e524e826cee420d9f67d3ce811dc8a4386f0b2c0eb7fea0150bb6ba7c72fc
dermnet,dermnet_holdout,0,../dermnet_images/acne/acne-scarring-0020.jpg,acne-scarring-0020.jpg,acne-scarring-0020,634935303224e30fb9ddb888f19b0588e7eeeba2c13d7ef412ee8a348b4665de
dermnet,dermnet_holdout,0,../dermnet_images/acne/acne-scarring-0013.jpg,acne-scarring-0013.jpg,acne-scarring-0013,49a9dd4f52eefe66928b87c4f559deddf6da604f1f0244e818f3a2e653b17995
dermnet,dermnet_holdout,0,../dermnet_images/acne/acne-scarring-0025.jpg,acne-scarring-0025.jpg,acne-scarring-0025,2de1e67719f857003ee04bef07b84b53b4e9e70f3d677fca76cc68f0e39a9ad5
dermnet,dermnet_holdout,0,../dermnet_images/acne/acne-scarring-0005.jpg,acne-scarring-0005.jpg,acne-scarring-0005,d50105c67915ad54d6df2dea1002d4fcb63c927f26915394b00a2abc73e212b0
dermnet,dermnet_holdout,0,../dermnet_images/acne/acne-scarring-0028.jpg,acne-scarring-0028.jpg,acne-scarring-0028,e1423d5df673e385a200409e2c759a07abeba41d9a457edef777f2baf116963c
dermnet,dermnet_holdout,0,../dermnet_images/acne/acne-scarring-0011.jpg,acne-scarring-0011.jpg,acne-scarring-0011,7d97ba92e24e975be9568f5093cfab57d779ab4924ebc6d2112f376ac672b72a
dermnet,dermnet_holdout,0,../dermnet_images/rosacea/steroid-rosacea-0001.jpg,steroid-rosacea-0001.jpg,steroid-rosacea-0001,bd1d573df0f04aa8eaae2532d3a39597a8722c1309f314b23909660858cbaee6
dermnet,dermnet_holdout,0,../dermnet_images/rosacea/rosacea-0001.jpg,rosacea-0001.jpg,rosacea-0001,3a91d7b0d22253a9980deead7e59a30e052a9ff600f6150d37dc7c9760ea82c2
dermnet,dermnet_holdout,0,../dermnet_images/rosacea/rosacea-0017.jpg,rosacea-0017.jpg,rosacea-0017,42bb4bc405818c41573a595d00dc72f4e97f2a7cd8f1289aba4c0c5c4f8b554a
dermnet,dermnet_holdout,0,../dermnet_images/rosacea/steroid-rosacea-0003.jpg,steroid-rosacea-0003.jpg,steroid-rosacea-0003,44d84244d6cab25559995230d1bdfb100970283c2f68d9c7afb27ccf714cc2bf
dermnet,dermnet_holdout,0,../dermnet_images/rosacea/steroid-rosacea-0016.jpg,steroid-rosacea-0016.jpg,steroid-rosacea-0016,f216c1e437f0933f06de1192f6b76985d91ad2b943053ea6df27a71e54d51ade
dermnet,dermnet_holdout,0,../dermnet_images/rosacea/steroid-rosacea-0010.jpg,steroid-rosacea-0010.jpg,steroid-rosacea-0010,91902f5ea90de7e99372d2a5f90fbf0500bf348a6d31aeed8138b237f8c26765
dermnet,dermnet_holdout,0,../dermnet_images/rosacea/rosacea-0014.jpg,rosacea-0014.jpg,rosacea-0014,000f2bcc18977536a8058359aff7d8d4bad560fc94761d997b90f5f393e2de15
dermnet,dermnet_holdout,0,../dermnet_images/rosacea/rosacea-0018.jpg,rosacea-0018.jpg,rosacea-0018,c573cd26d7bbf2634325ef4d842bc204e6a6944083d20e929caf4c3ed032ffe0
dermnet,dermnet_holdout,0,../dermnet_images/rosacea/rosacea-0022.jpg,rosacea-0022.jpg,rosacea-0022,ec100c15f55c8fe2c5656b3b73545d5a0b8e9334ce934f6823dea95f1c50c5a4
dermnet,dermnet_holdout,0,../dermnet_images/rosacea/rosacea-0006.jpg,rosacea-0006.jpg,rosacea-0006,2690001d0ca21592a8e07d40b0fa8804b34e15ba8ac211de43e808d8d3f88c13
dermnet,dermnet_holdout,0,../dermnet_images/rosacea/morbihan-disease-0007.jpg,morbihan-disease-0007.jpg,morbihan-disease-0007,e63cc854bbcbc7324d70f801ce794fcfe89868e94c1acd2fe703a4753abff6d4
dermnet,dermnet_holdout,0,../dermnet_images/rosacea/steroid-rosacea-0006.jpg,steroid-rosacea-0006.jpg,steroid-rosacea-0006,821a414ecfd61c05e8cb7b18182da09c0988ad328a664e1ceec624129d2c53e4
dermnet,dermnet_holdout,0,../dermnet_images/rosacea/rosacea-0019.jpg,rosacea-0019.jpg,rosacea-0019,ec92399f4dbfa76774c139eb7d92e3c888b340c709d4a7229cc0e26cee60b43b
dermnet,dermnet_holdout,0,../dermnet_images/rosacea/steroid-rosacea-0013.jpg,steroid-rosacea-0013.jpg,steroid-rosacea-0013,aecfc53d1a68a6ac9958719d675a100eb575ecfb50b785f66c6737c5f0a0ca1f
dermnet,dermnet_holdout,0,../dermnet_images/rosacea/morbihan-disease-0006.jpg,morbihan-disease-0006.jpg,morbihan-disease-0006,9c0325ec50d07aaf3fd88df1d594d670a7dff798329fc6cb4df29e53ec2aa885
dermnet,dermnet_holdout,0,../dermnet_images/rosacea/steroid-rosacea-0008.jpg,steroid-rosacea-0008.jpg,steroid-rosacea-0008,cc7539f1dfe3bb5f26698288ea3b7e3eb4671f6ecae306fde27741cd0736f167
dermnet,dermnet_holdout,0,../dermnet_images/rosacea/steroid-rosacea-0009.jpg,steroid-rosacea-0009.jpg,steroid-rosacea-0009,3155fe56d2bcdd7758d22a66e756016b8b6e28e684216460f287a8df2c72ee3d
dermnet,dermnet_holdout,0,../dermnet_images/rosacea/rosacea-0009.jpg,rosacea-0009.jpg,rosacea-0009,57f5df5c76f2086f77c093565a40fe8bb23bbcb1fddf70c8417e2b9c66d783ba
dermnet,dermnet_holdout,0,../dermnet_images/seborrheic_dermatitis/seborrhoeic-dermatitis-0017.jpg,seborrhoeic-dermatitis-0017.jpg,seborrhoeic-dermatitis-0017,d42611229e7a78578d753910811f5ace965bca1af1745a2075c5b66466ae71c9
dermnet,dermnet_holdout,0,../dermnet_images/seborrheic_dermatitis/seborrhoeic-dermatitis-0035.jpg,seborrhoeic-dermatitis-0035.jpg,seborrhoeic-dermatitis-0035,97ae12633b797180dc75ea73e23fa1f3c07efa5a0823b1fa6ee498a8a69a0579
dermnet,dermnet_holdout,0,../dermnet_images/seborrheic_dermatitis/seborrhoeic-dermatitis-0046.jpg,seborrhoeic-dermatitis-0046.jpg,seborrhoeic-dermatitis-0046,97a61130650667a74b05b2acb14f8a2d9254355e354592cacdc7931fee97bf47
dermnet,dermnet_holdout,0,../dermnet_images/seborrheic_dermatitis/seborrhoeic-dermatitis-0003.jpg,seborrhoeic-dermatitis-0003.jpg,seborrhoeic-dermatitis-0003,4ad76b2b6b3e581fe38658b86e435506921d722159b85ee8127fe6af834769d9
dermnet,dermnet_holdout,0,../dermnet_images/seborrheic_dermatitis/seborrhoeic-dermatitis-0041.jpg,seborrhoeic-dermatitis-0041.jpg,seborrhoeic-dermatitis-0041,f30c98c16ed5460e7a6b60d90caf294e6281207a77e6667c6603ce6e3513db06
dermnet,dermnet_holdout,0,../dermnet_images/seborrheic_dermatitis/seborrhoeic-dermatitis-0040.jpg,seborrhoeic-dermatitis-0040.jpg,seborrhoeic-dermatitis-0040,16b73c284c83870fa0d507099d095758707e9c15e4b124dd568406fec0f5ae9f
dermnet,dermnet_holdout,0,../dermnet_images/seborrheic_dermatitis/seborrhoeic-dermatitis-0004.jpg,seborrhoeic-dermatitis-0004.jpg,seborrhoeic-dermatitis-0004,b4e178a68cf43670b6c5a7aef0828dc1e8f710d800c5073fc1548f1f7f88ad43
dermnet,dermnet_holdout,0,../dermnet_images/seborrheic_dermatitis/seborrhoeic-dermatitis-0047.jpg,seborrhoeic-dermatitis-0047.jpg,seborrhoeic-dermatitis-0047,3d84db38f6fcc3df4a18c01f859a6d32c8e8f3e279439b4dbd85ee69a6f23110
dermnet,dermnet_holdout,0,../dermnet_images/seborrheic_dermatitis/seborrhoeic-dermatitis-0001.jpg,seborrhoeic-dermatitis-0001.jpg,seborrhoeic-dermatitis-0001,9e89e07e7c5bd34348785c6bfb7c73d75be8878b425a73f0bda045e0fcc6005b
dermnet,dermnet_holdout,0,../dermnet_images/seborrheic_dermatitis/seborrhoeic-dermatitis-0042.jpg,seborrhoeic-dermatitis-0042.jpg,seborrhoeic-dermatitis-0042,946f5c37dd894c3cd5431da84918a333a5966ebcfd137d2809e9f1d570f1b86b
dermnet,dermnet_holdout,0,../dermnet_images/seborrheic_dermatitis/seborrhoeic-dermatitis-0044.jpg,seborrhoeic-dermatitis-0044.jpg,seborrhoeic-dermatitis-0044,0545598a5692d43810ac7731b73ec6297245ee76f3ff473f0533c473c529222d
dermnet,dermnet_holdout,0,../dermnet_images/seborrheic_dermatitis/seborrhoeic-dermatitis-0048.jpg,seborrhoeic-dermatitis-0048.jpg,seborrhoeic-dermatitis-0048,1959719d6bc284ea09ea5b1c6f1349c65029a5ce2ff4cf6229c7733e5e1c86d9
dermnet,dermnet_holdout,0,../dermnet_images/seborrheic_dermatitis/seborrhoeic-dermatitis-0036.jpg,seborrhoeic-dermatitis-0036.jpg,seborrhoeic-dermatitis-0036,46112b25ba0bf3d4d28689a5bc472fb2ccb4f42dad8d6dedfdba93f2bdda9d29
dermnet,dermnet_holdout,0,../dermnet_images/seborrheic_dermatitis/seborrhoeic-dermatitis-0038.jpg,seborrhoeic-dermatitis-0038.jpg,seborrhoeic-dermatitis-0038,3827a601ae3778d53d09f7ffe95c959d2ea0c1822dd9b2ba0893b24a8cf1a843
dermnet,dermnet_holdout,0,../dermnet_images/seborrheic_dermatitis/seborrhoeic-dermatitis-0002.jpg,seborrhoeic-dermatitis-0002.jpg,seborrhoeic-dermatitis-0002,433f75e9d4d27282e3736fd69e023c0c6f26cbc3b78e3de0489043a72d036c61
dermnet,dermnet_holdout,0,../dermnet_images/seborrheic_dermatitis/seborrhoeic-dermatitis-0022.jpg,seborrhoeic-dermatitis-0022.jpg,seborrhoeic-dermatitis-0022,95e1442a94d0241f038d15af290e3d15cbb977b58f71971d6b6dab953ed0d5b9
dermnet,dermnet_holdout,0,../dermnet_images/seborrheic_dermatitis/seborrhoeic-dermatitis-0005.jpg,seborrhoeic-dermatitis-0005.jpg,seborrhoeic-dermatitis-0005,3920b6a6cca1ee40523edf187b07a75d54e2a0d7eb89f984c9d30fe053c0d820
dermnet,dermnet_holdout,0,../dermnet_images/seborrheic_dermatitis/seborrhoeic-dermatitis-0015.jpg,seborrhoeic-dermatitis-0015.jpg,seborrhoeic-dermatitis-0015,d260a1b2945f694b0485adb2a8a7f02df16a1fda9696737bb30becbfaa9f2d76
dermnet,dermnet_holdout,0,../dermnet_images/seborrheic_dermatitis/seborrhoeic-dermatitis-0016.jpg,seborrhoeic-dermatitis-0016.jpg,seborrhoeic-dermatitis-0016,3da611b89db96a067b01d2f2be94c1bbbe6177ad38ccc163694b5229a3bb584c
dermnet,dermnet_holdout,0,../dermnet_images/seborrheic_dermatitis/seborrhoeic-dermatitis-0008.jpg,seborrhoeic-dermatitis-0008.jpg,seborrhoeic-dermatitis-0008,51018c69db98eed0c920ee7b2b98e86b44b4a5dfb0ce3b13ad6bc7b40da0bad8
